StudentID,CGPA,Internships,Projects,Workshops/Certifications,AptitudeTestScore,SoftSkillsRating,ExtracurricularActivities,PlacementTraining,SSC_Marks,HSC_Marks,PlacementStatus,CodingScore,CommunicationScore
1,7.5,1,1,1,65,4.4,No,No,61,79,NotPlaced,72,75
2,8.9,0,3,2,90,4.0,Yes,Yes,78,82,Placed,62,68
3,7.3,1,2,2,82,4.8,Yes,No,79,80,NotPlaced,74,77
4,7.5,1,1,2,85,4.4,Yes,Yes,81,80,Placed,87,88
5,8.3,1,2,2,86,4.5,Yes,Yes,74,88,Placed,61,67
6,7.0,0,2,2,71,4.2,Yes,No,55,66,NotPlaced,61,67
7,7.7,1,1,1,76,4.0,No,No,62,65,NotPlaced,88,88
8,7.7,2,1,0,85,3.5,Yes,Yes,59,72,NotPlaced,76,79
9,6.5,1,1,0,84,3.9,No,Yes,75,71,NotPlaced,57,64
10,7.8,1,3,2,79,4.4,Yes,Yes,85,86,Placed,73,76
11,8.3,2,3,2,90,4.8,Yes,Yes,82,88,Placed,58,64
12,7.9,1,3,2,90,4.8,Yes,Yes,71,87,Placed,58,64
13,8.3,2,3,2,90,4.5,Yes,Yes,84,83,Placed,68,72
14,7.7,1,1,1,74,4.6,No,Yes,63,73,NotPlaced,36,47
15,7.5,1,1,1,66,4.1,No,No,61,66,NotPlaced,39,49
16,7.4,0,2,1,78,4.4,No,No,63,66,NotPlaced,56,63
17,8.6,0,3,0,84,4.8,Yes,Yes,62,78,Placed,49,57
18,8.2,2,3,2,90,4.7,Yes,Yes,84,86,Placed,69,73
19,6.8,2,3,0,73,4.4,Yes,Yes,72,82,Placed,51,59
20,7.4,1,2,0,70,4.4,No,Yes,58,63,NotPlaced,43,53
21,7.6,2,1,0,84,4.4,No,Yes,77,75,Placed,86,87
22,7.4,1,2,1,72,3.5,No,Yes,82,69,Placed,61,67
23,7.7,0,1,0,77,3.4,No,Yes,55,72,Placed,66,70
24,7.4,1,1,0,60,3.8,No,No,55,71,NotPlaced,43,52
25,7.4,1,2,1,90,4.3,No,Yes,56,69,NotPlaced,56,63
26,6.7,1,1,1,70,4.0,No,No,68,57,NotPlaced,66,71
27,7.4,2,3,2,78,4.3,Yes,Yes,76,82,NotPlaced,47,56
28,8.3,1,1,1,81,4.5,Yes,Yes,64,65,NotPlaced,70,74
29,7.5,1,2,1,84,4.4,No,No,66,73,NotPlaced,55,62
30,7.0,0,1,1,63,3.9,No,Yes,60,61,NotPlaced,60,66
31,8.4,2,3,2,90,4.6,Yes,Yes,55,80,Placed,55,62
32,7.4,1,2,1,76,4.7,No,Yes,66,69,NotPlaced,92,92
33,8.5,1,3,0,90,4.8,Yes,Yes,85,85,Placed,64,69
34,8.6,1,2,2,75,4.3,Yes,Yes,62,80,Placed,49,57
35,6.9,0,1,0,70,3.9,No,Yes,79,68,Placed,77,79
36,7.8,1,1,1,67,4.3,No,No,65,73,NotPlaced,46,55
37,8.3,1,2,2,89,4.8,Yes,Yes,75,81,Placed,68,72
38,8.2,1,2,2,77,4.2,No,Yes,72,72,Placed,35,46
39,8.5,2,3,3,90,4.7,Yes,Yes,79,86,Placed,45,54
40,6.7,0,3,2,88,4.2,Yes,Yes,72,86,Placed,67,72
41,8.6,2,3,1,90,4.8,Yes,Yes,63,84,Placed,76,78
42,8.3,2,3,2,85,4.8,Yes,Yes,77,83,Placed,67,72
43,6.7,0,1,1,72,4.4,No,No,55,60,NotPlaced,63,68
44,8.6,2,3,2,88,4.7,Yes,Yes,80,87,Placed,60,66
45,7.4,1,3,0,86,4.8,No,Yes,70,73,NotPlaced,42,52
46,6.7,1,1,2,73,4.5,No,No,55,66,Placed,54,61
47,6.9,1,1,1,76,4.4,No,No,55,65,NotPlaced,58,64
48,7.0,1,1,0,62,4.3,No,Yes,59,67,NotPlaced,80,82
49,8.1,1,3,2,90,4.6,Yes,Yes,77,87,Placed,70,74
50,7.7,1,2,0,74,3.8,Yes,No,55,66,NotPlaced,38,48
51,6.5,0,2,1,77,4.8,No,Yes,56,65,NotPlaced,69,73
52,8.2,1,3,0,65,4.1,Yes,No,66,65,NotPlaced,59,65
53,8.1,2,3,2,90,4.7,Yes,Yes,82,82,Placed,54,61
54,6.5,1,2,1,80,4.5,Yes,Yes,72,67,NotPlaced,74,77
55,6.5,0,2,1,72,4.5,No,No,57,69,NotPlaced,80,82
56,8.8,2,3,2,90,4.8,Yes,Yes,86,88,Placed,78,81
57,8.0,1,1,0,74,4.5,Yes,Yes,55,65,NotPlaced,52,59
58,8.4,2,2,2,81,4.6,Yes,Yes,77,82,Placed,60,66
59,8.0,1,1,0,86,4.2,No,No,55,83,NotPlaced,69,73
60,6.6,0,1,0,76,3.9,No,Yes,78,69,Placed,79,81
61,7.7,2,2,0,86,4.0,Yes,Yes,79,64,NotPlaced,57,64
62,8.2,1,2,1,86,4.3,Yes,Yes,86,63,Placed,62,67
63,7.2,1,2,0,74,4.1,No,No,70,65,NotPlaced,48,56
64,6.6,1,2,1,72,4.1,No,No,55,75,NotPlaced,47,55
65,7.6,1,2,0,77,4.6,Yes,No,84,67,NotPlaced,77,79
66,8.0,0,3,0,68,4.2,Yes,No,64,83,Placed,85,86
67,7.8,2,3,2,87,4.8,Yes,No,90,83,NotPlaced,63,69
68,7.2,1,1,0,82,4.6,Yes,Yes,57,64,NotPlaced,80,82
69,7.7,1,1,0,74,4.1,No,Yes,57,68,Placed,70,74
70,8.4,1,1,2,67,3.8,Yes,Yes,76,69,NotPlaced,55,62
71,7.5,1,1,1,69,4.3,No,Yes,71,76,NotPlaced,70,74
72,6.7,0,2,1,79,4.1,No,No,78,67,NotPlaced,88,88
73,8.1,2,3,2,90,4.8,Yes,Yes,80,86,Placed,64,69
74,7.5,1,2,0,73,4.4,No,No,66,84,NotPlaced,88,88
75,7.4,2,1,0,75,4.2,No,Yes,65,84,NotPlaced,25,38
76,6.5,1,1,0,63,4.5,No,Yes,57,68,NotPlaced,77,79
77,8.1,1,3,1,90,4.6,Yes,Yes,73,86,Placed,66,71
78,6.9,1,1,0,83,3.5,No,Yes,61,71,NotPlaced,60,66
79,8.2,1,3,0,83,4.8,Yes,Yes,71,84,Placed,66,71
80,7.6,1,2,1,72,3.9,No,Yes,58,66,NotPlaced,35,46
81,6.6,1,1,1,69,3.6,No,Yes,55,72,NotPlaced,61,67
82,6.7,1,2,1,74,4.8,Yes,Yes,72,64,Placed,70,74
83,8.2,2,3,2,76,4.5,Yes,Yes,73,82,NotPlaced,87,87
84,8.3,2,3,1,90,4.2,Yes,Yes,82,83,Placed,57,63
85,7.6,0,2,0,86,4.8,Yes,Yes,57,72,Placed,52,60
86,6.7,1,3,0,87,4.6,Yes,No,81,69,NotPlaced,57,63
87,8.1,0,2,1,84,3.8,No,No,71,68,NotPlaced,78,80
88,8.5,1,2,2,79,3.9,Yes,Yes,76,66,Placed,69,73
89,8.8,1,3,0,76,4.7,Yes,Yes,75,84,Placed,57,63
90,7.2,1,2,0,68,4.2,Yes,Yes,57,66,NotPlaced,72,76
91,7.6,1,1,0,80,4.5,Yes,Yes,66,67,NotPlaced,66,71
92,7.1,1,1,0,70,3.3,No,No,55,66,NotPlaced,79,81
93,8.1,1,3,2,89,4.6,Yes,Yes,86,80,Placed,54,61
94,7.4,1,3,0,83,4.2,No,Yes,65,82,NotPlaced,60,66
95,7.7,2,2,2,85,4.8,Yes,Yes,74,83,NotPlaced,59,65
96,7.5,0,1,1,75,3.3,No,Yes,61,73,NotPlaced,43,52
97,7.5,1,1,0,64,4.0,No,No,73,66,NotPlaced,69,73
98,7.8,2,2,2,90,4.8,Yes,No,81,82,Placed,68,73
99,7.7,1,3,1,89,4.6,No,Yes,61,84,Placed,65,70
100,7.9,0,1,2,83,4.8,Yes,No,58,81,NotPlaced,61,67
101,7.4,1,2,1,63,3.9,No,No,55,67,NotPlaced,43,53
102,7.3,1,1,0,80,4.7,No,Yes,64,65,NotPlaced,58,64
103,6.5,1,1,1,62,3.8,No,Yes,58,65,NotPlaced,59,65
104,7.5,2,1,1,76,4.2,Yes,Yes,57,80,NotPlaced,52,60
105,6.5,1,1,0,68,4.1,No,No,61,66,NotPlaced,62,68
106,8.5,2,3,2,90,4.8,Yes,Yes,72,87,Placed,71,74
107,6.7,0,1,1,74,3.9,No,No,55,70,NotPlaced,93,92
108,6.5,0,1,0,82,4.4,No,No,65,69,NotPlaced,67,72
109,8.1,1,3,2,90,4.8,Yes,Yes,79,84,Placed,68,73
110,8.7,2,3,2,90,4.8,Yes,Yes,79,85,Placed,63,69
111,8.0,1,1,3,84,4.0,No,Yes,57,61,NotPlaced,36,46
112,7.3,1,3,1,81,4.2,Yes,Yes,69,65,NotPlaced,64,69
113,7.4,1,1,1,81,4.1,Yes,No,55,62,NotPlaced,65,70
114,8.6,2,3,0,81,4.7,Yes,No,71,83,Placed,100,99
115,6.7,2,1,2,76,4.8,Yes,No,55,78,NotPlaced,62,67
116,7.6,1,1,1,67,3.5,No,No,55,67,NotPlaced,69,73
117,8.8,1,3,2,90,4.6,Yes,Yes,83,83,Placed,64,69
118,6.5,1,2,0,65,4.4,No,Yes,61,68,NotPlaced,47,55
119,6.5,1,2,1,78,4.2,No,No,62,62,NotPlaced,82,83
120,7.4,1,2,1,75,4.2,No,Yes,55,74,NotPlaced,76,79
121,8.7,2,3,2,81,4.7,Yes,Yes,85,79,Placed,76,79
122,8.0,1,1,1,68,4.2,No,Yes,59,66,NotPlaced,51,59
123,7.7,1,3,2,90,4.8,Yes,No,80,85,Placed,86,86
124,7.3,1,1,0,64,3.2,No,Yes,58,67,NotPlaced,43,53
125,8.4,2,1,2,76,4.1,No,No,56,63,NotPlaced,73,77
126,7.7,1,2,0,73,4.0,No,Yes,65,75,Placed,97,96
127,7.5,1,1,1,68,4.7,No,No,58,64,NotPlaced,50,58
128,7.4,0,1,0,79,4.3,No,No,63,73,NotPlaced,56,63
129,7.4,1,1,1,64,4.3,No,Yes,73,73,NotPlaced,66,71
130,8.5,1,2,2,90,4.8,Yes,Yes,80,86,Placed,57,63
131,8.0,1,3,0,80,4.4,Yes,Yes,85,84,Placed,41,51
132,6.5,1,1,1,72,3.8,No,No,64,67,NotPlaced,66,70
133,8.4,1,1,0,81,4.6,Yes,No,78,82,Placed,49,57
134,8.7,0,3,2,88,4.8,No,No,87,84,NotPlaced,72,75
135,8.0,0,1,0,60,4.0,No,No,57,70,NotPlaced,51,58
136,8.4,2,3,1,88,4.6,Yes,Yes,74,82,NotPlaced,88,88
137,8.2,2,3,2,90,4.4,Yes,Yes,90,81,Placed,53,60
138,8.1,2,2,2,90,4.5,Yes,Yes,73,82,Placed,60,66
139,7.9,1,3,1,75,3.7,No,Yes,62,65,NotPlaced,77,79
140,8.9,2,3,2,90,4.8,Yes,Yes,69,85,Placed,46,55
141,6.5,1,1,1,72,4.5,No,No,66,70,NotPlaced,68,72
142,7.6,1,1,0,73,4.3,No,Yes,55,76,Placed,84,85
143,8.4,1,3,2,90,4.6,Yes,Yes,67,80,Placed,40,50
144,7.8,2,3,0,77,4.8,Yes,Yes,79,87,NotPlaced,67,72
145,8.4,1,2,1,74,4.3,Yes,Yes,59,80,Placed,68,73
146,7.6,1,2,0,74,3.7,No,Yes,58,74,Placed,76,79
147,7.9,1,1,1,62,4.6,Yes,Yes,87,82,NotPlaced,46,55
148,7.9,1,3,1,80,4.2,Yes,Yes,56,82,Placed,45,54
149,8.0,2,1,2,90,4.8,Yes,Yes,74,81,NotPlaced,72,76
150,7.9,2,1,0,83,4.0,Yes,Yes,63,70,NotPlaced,69,73
151,8.4,2,3,2,90,4.8,Yes,Yes,90,85,Placed,68,73
152,8.6,0,3,2,90,4.8,Yes,Yes,73,78,Placed,70,74
153,7.8,0,1,0,81,3.9,Yes,Yes,79,65,Placed,54,61
154,8.1,2,3,3,90,4.8,Yes,Yes,80,83,Placed,68,72
155,7.2,1,3,1,75,4.2,Yes,Yes,64,84,NotPlaced,69,73
156,7.7,0,1,0,81,4.8,Yes,Yes,69,63,Placed,54,61
157,8.4,1,3,2,90,4.5,Yes,Yes,79,86,Placed,92,92
158,8.0,1,3,1,87,4.6,Yes,Yes,72,83,NotPlaced,72,75
159,7.8,0,1,1,72,4.0,No,No,61,69,NotPlaced,47,55
160,6.5,1,1,0,63,3.5,No,No,56,64,NotPlaced,74,77
161,6.5,0,3,0,71,3.6,No,Yes,57,74,NotPlaced,50,58
162,7.9,1,2,1,81,4.0,Yes,Yes,60,71,NotPlaced,76,79
163,6.7,1,1,0,75,4.2,No,No,56,64,NotPlaced,82,83
164,6.9,0,1,0,73,4.1,No,Yes,55,69,Placed,52,60
165,6.5,1,1,2,85,4.3,Yes,No,62,72,Placed,79,81
166,6.5,0,1,1,79,3.9,No,No,55,66,NotPlaced,71,74
167,7.3,1,1,1,71,3.6,No,No,65,64,NotPlaced,77,79
168,8.3,2,3,0,71,4.6,Yes,Yes,77,82,Placed,93,92
169,7.5,1,1,1,74,3.9,No,No,63,65,NotPlaced,61,67
170,8.0,2,3,3,76,4.1,Yes,Yes,78,61,NotPlaced,53,60
171,8.3,1,2,1,69,3.8,No,Yes,76,71,NotPlaced,51,59
172,6.6,0,3,0,87,4.5,No,No,80,82,NotPlaced,52,60
173,7.4,0,3,0,90,4.6,No,No,65,70,NotPlaced,63,69
174,8.0,1,1,1,78,4.4,No,No,66,68,NotPlaced,70,74
175,8.0,2,3,2,90,4.8,Yes,Yes,78,86,Placed,69,73
176,6.7,1,2,0,73,4.5,No,Yes,55,65,NotPlaced,77,79
177,8.3,1,2,3,78,3.8,Yes,No,67,65,NotPlaced,65,70
178,8.5,1,3,2,90,4.8,Yes,Yes,61,86,Placed,86,87
179,7.5,2,1,2,90,4.8,Yes,No,55,65,NotPlaced,61,66
180,7.4,1,1,0,60,3.4,No,No,58,62,NotPlaced,100,100
181,8.4,0,1,2,88,4.8,Yes,Yes,74,82,Placed,74,77
182,8.2,1,3,0,82,4.8,Yes,Yes,70,73,Placed,52,59
183,6.5,1,1,0,74,4.2,No,Yes,74,61,NotPlaced,48,57
184,7.7,1,1,0,71,4.7,No,Yes,57,69,NotPlaced,72,75
185,7.3,1,2,2,67,4.5,No,No,63,66,NotPlaced,61,67
186,6.5,0,1,0,78,3.7,Yes,Yes,75,69,NotPlaced,75,78
187,6.5,1,1,1,68,4.1,No,No,55,65,NotPlaced,72,75
188,7.5,1,1,0,76,4.3,No,Yes,73,79,NotPlaced,63,69
189,7.8,1,1,1,65,3.9,No,No,55,70,NotPlaced,52,59
190,6.8,1,1,0,78,4.3,No,No,61,62,NotPlaced,42,51
191,8.4,2,3,2,90,4.1,Yes,Yes,76,82,Placed,58,64
192,7.8,2,2,2,80,4.6,No,Yes,59,74,Placed,77,80
193,7.5,1,2,0,77,4.2,Yes,Yes,58,63,NotPlaced,68,72
194,8.9,0,1,2,80,4.8,Yes,Yes,75,82,Placed,46,55
195,6.5,0,1,0,75,3.7,No,No,58,62,NotPlaced,67,72
196,8.4,1,1,2,87,4.1,No,No,78,70,NotPlaced,70,74
197,8.1,0,1,0,71,3.6,Yes,No,69,67,NotPlaced,51,59
198,8.5,2,3,0,86,4.2,Yes,Yes,60,85,Placed,67,71
199,7.6,1,1,1,82,4.8,Yes,Yes,79,86,Placed,65,70
200,7.8,2,3,0,79,4.3,Yes,No,87,87,NotPlaced,47,56
201,8.6,1,3,2,90,4.7,Yes,Yes,68,84,Placed,70,74
202,7.9,2,3,2,76,4.6,Yes,Yes,79,82,Placed,73,76
203,6.5,0,2,2,75,4.5,Yes,No,65,59,NotPlaced,81,82
204,8.2,0,2,1,82,4.5,Yes,Yes,78,87,Placed,80,82
205,8.2,1,1,0,81,4.3,Yes,Yes,60,70,Placed,44,53
206,7.6,1,1,0,64,4.1,No,No,69,67,NotPlaced,50,58
207,7.3,1,2,1,84,4.6,No,Yes,55,72,NotPlaced,72,76
208,8.4,2,3,2,90,4.5,Yes,Yes,85,79,Placed,72,76
209,8.3,2,3,3,90,4.5,Yes,Yes,70,88,Placed,72,76
210,7.8,1,3,0,88,4.8,Yes,Yes,70,78,Placed,100,100
211,8.3,1,2,1,82,4.7,Yes,Yes,77,84,NotPlaced,73,76
212,7.5,1,1,1,69,4.1,No,No,55,75,NotPlaced,82,83
213,8.6,2,3,2,78,4.8,Yes,Yes,82,81,NotPlaced,79,81
214,7.8,2,2,2,77,4.2,Yes,No,57,69,NotPlaced,74,77
215,6.6,1,1,1,71,4.3,No,No,70,66,NotPlaced,60,66
216,7.4,0,1,1,70,4.2,No,No,61,70,NotPlaced,76,79
217,6.9,1,2,1,74,4.1,No,No,55,69,NotPlaced,53,60
218,6.6,1,1,0,77,4.5,No,No,62,70,NotPlaced,61,67
219,8.3,1,2,2,88,4.1,Yes,Yes,80,79,Placed,57,64
220,7.9,2,2,2,88,4.8,Yes,Yes,81,85,Placed,66,70
221,6.6,1,2,1,76,4.1,Yes,Yes,82,69,NotPlaced,99,97
222,8.0,2,3,2,86,4.8,Yes,Yes,62,83,Placed,36,47
223,7.5,1,2,0,86,3.8,No,No,55,68,NotPlaced,75,78
224,7.9,2,3,2,90,4.8,Yes,No,81,78,NotPlaced,40,50
225,8.3,1,3,2,78,3.9,Yes,Yes,60,61,Placed,57,64
226,7.4,1,1,0,74,3.5,No,Yes,67,62,NotPlaced,81,83
227,8.0,2,2,2,87,3.8,Yes,Yes,79,78,Placed,65,70
228,8.7,2,3,2,87,4.7,Yes,Yes,80,84,Placed,48,57
229,7.4,1,2,0,77,4.5,No,Yes,66,86,NotPlaced,54,61
230,7.9,2,3,2,90,4.8,Yes,Yes,83,88,Placed,75,78
231,7.5,1,1,1,70,4.6,No,No,59,66,NotPlaced,54,61
232,7.4,2,1,1,87,4.5,Yes,Yes,68,84,NotPlaced,68,72
233,7.7,0,1,1,69,4.8,Yes,Yes,78,65,NotPlaced,65,70
234,7.8,0,1,1,70,3.8,No,Yes,73,73,NotPlaced,55,62
235,7.5,2,3,0,88,4.6,Yes,Yes,79,83,NotPlaced,97,95
236,8.2,2,3,1,69,4.0,Yes,Yes,77,82,NotPlaced,74,77
237,7.8,1,3,2,75,4.3,Yes,Yes,77,86,NotPlaced,34,45
238,7.6,1,1,0,72,4.6,Yes,Yes,68,84,NotPlaced,67,72
239,8.5,2,3,2,90,4.8,Yes,Yes,80,79,Placed,55,62
240,6.7,0,1,1,71,4.7,No,Yes,76,70,NotPlaced,77,80
241,7.6,1,3,0,82,4.5,No,Yes,56,72,NotPlaced,53,60
242,7.6,0,2,0,80,3.7,Yes,No,85,61,NotPlaced,63,68
243,7.3,1,2,0,71,4.4,No,Yes,58,67,NotPlaced,72,76
244,8.1,1,2,1,78,3.5,No,Yes,71,70,NotPlaced,77,80
245,7.6,2,3,0,88,4.4,No,Yes,80,68,Placed,46,55
246,7.4,1,2,0,77,3.8,No,Yes,59,63,NotPlaced,59,65
247,8.4,0,2,1,85,4.3,Yes,Yes,62,81,Placed,57,64
248,6.7,1,2,1,73,4.3,No,Yes,71,66,NotPlaced,55,62
249,6.5,1,1,0,70,4.7,No,Yes,79,64,NotPlaced,91,91
250,7.4,1,2,1,68,3.4,No,Yes,57,61,NotPlaced,71,74
251,8.4,2,3,1,76,4.1,Yes,Yes,68,64,NotPlaced,46,54
252,6.5,1,1,0,68,4.3,No,Yes,55,70,NotPlaced,78,81
253,6.6,1,2,1,82,4.4,Yes,Yes,74,82,NotPlaced,96,95
254,8.1,0,2,2,80,4.4,Yes,No,82,85,Placed,80,82
255,6.5,1,1,0,74,4.2,No,No,59,65,NotPlaced,42,51
256,8.5,1,3,2,75,4.5,Yes,Yes,75,84,NotPlaced,57,64
257,8.7,2,3,2,90,4.8,Yes,Yes,83,81,Placed,84,85
258,7.5,1,2,3,86,4.8,No,Yes,60,67,NotPlaced,54,61
259,8.1,2,3,2,90,4.8,Yes,Yes,86,88,Placed,71,75
260,8.2,1,3,1,83,4.1,Yes,Yes,77,83,NotPlaced,76,79
261,8.7,2,1,0,66,4.8,Yes,No,70,59,NotPlaced,51,58
262,6.6,0,1,2,72,4.2,No,Yes,86,88,Placed,64,69
263,8.1,0,2,3,78,4.1,Yes,Yes,81,78,Placed,16,31
264,6.5,1,3,0,80,3.7,No,No,59,66,NotPlaced,49,57
265,7.4,1,1,0,88,4.5,No,Yes,76,71,Placed,61,66
266,8.2,2,3,2,80,4.8,Yes,Yes,79,84,Placed,46,55
267,6.8,2,2,2,80,4.6,No,Yes,61,69,NotPlaced,89,89
268,8.0,1,2,1,76,4.5,No,Yes,68,75,NotPlaced,43,52
269,8.5,1,3,0,82,4.4,Yes,Yes,68,88,Placed,58,64
270,6.6,1,2,1,65,4.1,No,No,56,58,NotPlaced,66,71
271,8.4,1,2,0,79,3.8,No,Yes,60,64,NotPlaced,86,87
272,7.8,1,1,1,79,3.7,No,Yes,56,59,NotPlaced,43,52
273,7.7,1,2,0,81,3.8,Yes,Yes,65,59,NotPlaced,82,83
274,6.8,1,1,0,73,3.7,No,Yes,55,65,NotPlaced,65,70
275,7.3,1,2,1,71,4.7,No,No,59,57,NotPlaced,50,58
276,6.5,2,2,2,79,4.5,Yes,Yes,83,87,Placed,71,75
277,8.3,2,1,1,83,4.5,Yes,Yes,82,86,NotPlaced,67,72
278,7.3,1,2,1,79,3.8,No,Yes,58,73,NotPlaced,55,62
279,6.8,1,2,1,65,3.9,Yes,Yes,71,85,Placed,66,70
280,8.7,1,3,2,90,4.8,Yes,Yes,69,88,Placed,59,65
281,8.3,2,3,1,90,4.8,Yes,No,55,80,Placed,66,71
282,8.2,1,2,1,79,3.8,Yes,Yes,55,70,NotPlaced,74,77
283,8.2,1,1,2,86,4.4,No,No,76,82,NotPlaced,88,89
284,8.5,0,2,0,81,3.2,No,Yes,55,63,NotPlaced,46,55
285,8.0,0,1,1,87,3.8,No,Yes,55,71,NotPlaced,96,95
286,7.9,1,1,0,77,4.7,Yes,Yes,64,60,NotPlaced,35,46
287,7.7,1,1,2,82,4.4,No,No,55,70,NotPlaced,62,68
288,7.6,0,3,3,75,4.3,Yes,Yes,82,87,Placed,73,77
289,6.7,1,3,0,77,4.1,Yes,Yes,69,67,NotPlaced,69,73
290,8.5,0,2,2,75,4.5,Yes,No,76,83,Placed,55,62
291,8.8,1,2,2,90,4.8,Yes,No,75,88,Placed,61,67
292,6.5,2,3,1,82,4.6,Yes,No,83,63,NotPlaced,57,64
293,7.5,0,1,1,80,4.2,Yes,No,84,64,NotPlaced,56,62
294,7.7,2,3,2,78,4.6,Yes,Yes,78,83,NotPlaced,77,80
295,7.7,0,1,0,79,4.8,No,Yes,58,71,NotPlaced,70,74
296,8.6,1,1,2,84,4.3,Yes,Yes,57,82,Placed,54,61
297,7.5,0,2,0,69,3.6,No,No,61,59,NotPlaced,78,80
298,6.8,1,1,0,68,4.3,No,Yes,65,69,NotPlaced,69,73
299,8.1,0,3,2,90,4.8,Yes,Yes,69,84,NotPlaced,77,79
300,8.4,2,3,3,82,4.5,Yes,No,82,85,Placed,74,77
301,7.5,1,1,0,67,3.4,No,No,65,71,NotPlaced,52,60
302,8.1,1,3,0,70,4.8,Yes,No,71,72,NotPlaced,56,63
303,7.4,1,1,1,64,4.0,No,No,55,62,NotPlaced,76,78
304,8.4,2,3,2,80,4.6,Yes,Yes,72,79,Placed,74,77
305,8.2,0,3,2,90,4.8,Yes,Yes,79,80,Placed,64,69
306,8.0,1,2,1,80,4.3,No,Yes,71,61,NotPlaced,66,71
307,7.9,0,3,2,90,4.8,Yes,Yes,68,83,Placed,84,85
308,6.8,0,1,0,77,3.3,No,No,64,69,NotPlaced,56,62
309,8.3,2,3,2,82,4.6,Yes,Yes,76,85,Placed,73,76
310,7.4,1,2,1,75,4.3,No,Yes,55,85,NotPlaced,61,67
311,7.6,1,1,0,66,4.1,No,Yes,62,73,NotPlaced,61,67
312,8.5,2,3,1,90,4.8,Yes,Yes,78,82,NotPlaced,81,83
313,8.2,2,3,2,90,4.6,Yes,Yes,77,88,Placed,77,79
314,8.2,1,3,2,90,4.3,No,Yes,77,82,Placed,77,79
315,6.5,1,1,0,79,3.6,No,Yes,55,64,NotPlaced,84,85
316,7.5,1,1,2,82,4.5,Yes,Yes,77,84,Placed,65,70
317,7.5,1,2,1,85,4.1,No,Yes,71,84,NotPlaced,75,78
318,6.6,0,1,1,67,4.3,No,Yes,56,65,NotPlaced,60,66
319,7.6,1,1,1,88,4.5,Yes,Yes,83,86,Placed,69,73
320,7.5,1,1,1,81,4.5,Yes,Yes,64,68,NotPlaced,63,68
321,7.5,0,2,1,66,4.5,No,Yes,61,71,Placed,66,71
322,8.5,2,3,1,85,4.3,Yes,Yes,88,80,Placed,73,77
323,7.9,2,1,0,71,4.8,No,Yes,56,66,NotPlaced,52,60
324,8.2,0,2,0,85,4.1,Yes,No,57,70,NotPlaced,96,95
325,7.2,1,2,0,69,4.0,No,Yes,55,61,NotPlaced,49,57
326,8.6,2,3,2,90,4.8,Yes,Yes,75,84,Placed,46,55
327,6.5,1,1,1,78,3.9,No,Yes,67,73,Placed,82,83
328,8.7,1,3,0,86,4.5,Yes,Yes,77,81,Placed,76,79
329,7.8,1,2,0,78,4.8,Yes,Yes,75,65,Placed,74,77
330,7.7,1,1,0,80,4.0,No,Yes,55,66,NotPlaced,74,77
331,6.5,0,2,0,80,4.6,Yes,Yes,62,86,Placed,64,69
332,8.5,1,2,1,71,3.8,Yes,Yes,78,69,NotPlaced,51,59
333,7.4,2,3,0,86,4.6,Yes,Yes,75,72,Placed,66,70
334,8.6,1,3,2,81,4.8,Yes,Yes,71,82,Placed,54,61
335,8.0,1,2,1,88,3.6,No,Yes,69,69,NotPlaced,79,81
336,7.8,1,3,1,89,4.6,Yes,Yes,73,79,Placed,62,68
337,8.1,1,3,2,90,4.7,Yes,No,72,87,Placed,52,60
338,7.2,1,2,0,83,4.5,No,Yes,74,69,NotPlaced,60,66
339,8.4,2,3,2,87,4.8,Yes,Yes,78,88,Placed,71,74
340,8.4,0,3,2,85,4.6,Yes,Yes,90,79,NotPlaced,56,63
341,8.3,0,3,1,88,4.7,Yes,Yes,69,80,NotPlaced,52,60
342,7.2,0,2,1,66,3.9,No,No,67,69,NotPlaced,68,72
343,8.6,2,3,2,90,4.8,Yes,Yes,77,86,Placed,68,72
344,7.9,2,1,0,73,4.2,No,No,56,71,NotPlaced,57,63
345,6.6,1,1,2,81,4.8,Yes,No,68,71,NotPlaced,57,64
346,7.1,1,1,1,63,3.6,No,Yes,58,68,NotPlaced,68,72
347,7.8,0,3,0,90,4.7,Yes,Yes,72,69,Placed,43,52
348,6.6,1,1,1,81,4.0,No,No,73,72,NotPlaced,43,53
349,6.5,2,3,0,79,3.7,Yes,Yes,68,86,NotPlaced,54,61
350,7.5,2,1,0,83,4.6,Yes,No,58,81,NotPlaced,61,67
351,7.5,1,2,0,70,3.7,No,Yes,55,66,NotPlaced,69,73
352,7.8,0,2,2,74,4.6,Yes,Yes,58,60,NotPlaced,87,87
353,6.6,1,2,0,71,4.0,No,No,55,68,Placed,77,80
354,7.4,1,2,0,72,4.3,No,Yes,55,62,NotPlaced,62,68
355,7.8,1,3,2,77,4.2,Yes,No,77,82,NotPlaced,64,69
356,8.2,2,3,2,90,4.8,Yes,Yes,89,84,Placed,49,57
357,8.9,2,3,2,89,4.6,Yes,Yes,71,83,Placed,64,69
358,8.2,1,2,1,90,4.8,Yes,Yes,78,71,Placed,60,66
359,7.5,1,3,0,70,4.2,No,Yes,60,68,NotPlaced,69,73
360,7.7,1,2,0,68,3.9,No,Yes,62,63,NotPlaced,52,60
361,8.7,1,3,2,90,4.7,Yes,Yes,81,80,Placed,72,76
362,7.5,1,1,1,65,4.4,No,Yes,55,60,NotPlaced,87,88
363,6.6,1,1,1,82,3.7,No,Yes,55,60,Placed,63,68
364,7.4,2,3,1,84,4.8,No,Yes,77,68,Placed,71,74
365,7.5,0,3,2,90,4.8,Yes,Yes,82,81,Placed,75,78
366,8.2,1,1,1,79,4.6,No,Yes,55,61,NotPlaced,58,65
367,8.7,1,2,0,84,4.4,Yes,Yes,65,88,Placed,68,72
368,8.0,2,3,1,87,4.2,Yes,Yes,75,81,Placed,65,70
369,8.4,2,2,0,76,4.4,Yes,Yes,77,73,Placed,66,71
370,8.0,2,2,2,81,4.5,No,No,69,71,NotPlaced,53,60
371,7.5,1,2,2,70,4.7,Yes,Yes,55,70,NotPlaced,65,70
372,6.5,1,3,2,90,4.0,Yes,No,85,65,Placed,72,75
373,7.8,0,3,2,73,4.6,Yes,No,82,85,NotPlaced,86,87
374,7.6,1,2,0,64,4.5,No,Yes,62,63,NotPlaced,79,81
375,8.7,0,3,0,75,3.7,Yes,Yes,62,74,NotPlaced,97,95
376,7.2,1,1,0,85,3.5,No,Yes,84,70,NotPlaced,53,60
377,8.1,1,3,2,90,4.7,Yes,Yes,70,85,Placed,78,80
378,7.4,1,2,0,77,4.1,Yes,Yes,55,77,NotPlaced,67,72
379,8.2,2,2,2,81,4.8,Yes,Yes,78,83,Placed,97,96
380,8.2,2,1,2,90,4.8,Yes,Yes,79,68,Placed,52,60
381,6.5,1,2,1,65,4.0,Yes,Yes,66,69,NotPlaced,52,59
382,7.4,0,2,1,73,3.8,No,No,58,70,NotPlaced,56,62
383,7.3,0,1,1,80,3.6,No,Yes,62,65,NotPlaced,33,44
384,8.7,0,1,1,87,4.1,No,No,72,63,NotPlaced,57,63
385,8.5,2,1,3,82,3.6,Yes,Yes,67,81,NotPlaced,53,60
386,8.5,1,3,2,74,4.1,No,Yes,76,68,Placed,67,71
387,7.9,1,2,1,76,4.1,Yes,Yes,57,66,NotPlaced,70,74
388,7.4,2,3,0,71,4.8,Yes,Yes,86,73,NotPlaced,93,92
389,6.7,1,2,0,86,4.4,No,No,76,73,Placed,79,81
390,8.3,2,3,2,82,4.8,Yes,Yes,57,73,Placed,56,63
391,7.6,1,1,0,76,4.3,No,Yes,66,69,NotPlaced,51,59
392,7.5,1,2,0,90,4.2,No,Yes,77,64,Placed,72,75
393,8.9,0,3,0,89,4.8,Yes,No,77,78,Placed,45,54
394,7.3,1,1,0,79,4.1,Yes,No,57,64,NotPlaced,92,91
395,8.6,1,2,0,86,4.8,Yes,Yes,69,77,Placed,82,84
396,8.2,2,3,2,90,4.8,Yes,Yes,81,84,Placed,57,64
397,7.7,1,1,1,73,4.6,No,No,58,72,NotPlaced,39,49
398,7.9,1,3,0,88,4.7,Yes,Yes,87,85,Placed,85,86
399,7.4,1,1,1,87,4.6,No,Yes,68,65,NotPlaced,63,68
400,6.9,0,1,0,90,4.5,Yes,Yes,81,80,Placed,83,84
401,8.0,1,3,2,90,4.8,Yes,Yes,81,86,Placed,41,50
402,7.1,1,3,0,81,4.4,Yes,Yes,78,72,NotPlaced,56,62
403,6.9,0,1,1,76,3.8,No,No,61,67,NotPlaced,65,70
404,8.5,2,3,2,90,4.8,Yes,Yes,80,84,Placed,65,70
405,6.9,0,1,2,76,4.8,Yes,No,78,82,Placed,58,64
406,7.3,1,1,1,77,4.7,Yes,Yes,57,75,NotPlaced,74,77
407,7.8,2,3,0,89,4.6,No,Yes,71,68,NotPlaced,48,57
408,8.3,2,1,0,81,4.1,Yes,Yes,76,83,NotPlaced,62,68
409,8.6,1,3,2,83,4.4,Yes,Yes,71,83,Placed,66,71
410,8.6,2,3,0,87,4.8,No,No,75,66,NotPlaced,72,76
411,8.7,2,1,0,90,4.7,Yes,Yes,74,86,Placed,75,78
412,7.5,1,3,2,90,4.2,Yes,Yes,80,72,Placed,48,56
413,7.8,0,1,1,63,4.5,No,No,61,65,NotPlaced,41,51
414,6.5,0,1,0,71,3.4,No,Yes,59,67,NotPlaced,84,85
415,7.6,1,3,1,73,4.4,No,Yes,55,62,NotPlaced,69,73
416,6.5,1,1,1,80,3.8,Yes,Yes,58,65,NotPlaced,53,61
417,8.0,1,3,0,75,4.3,No,No,57,66,NotPlaced,88,88
418,8.0,2,3,0,86,4.8,Yes,Yes,73,82,Placed,66,71
419,7.5,1,1,0,67,4.2,Yes,Yes,57,70,Placed,82,84
420,7.8,1,3,0,78,4.4,No,Yes,77,70,Placed,66,70
421,7.3,1,1,1,75,3.6,No,Yes,55,66,NotPlaced,95,94
422,7.8,1,2,0,82,4.7,Yes,Yes,77,67,NotPlaced,91,91
423,6.5,1,1,1,82,3.4,No,No,56,66,NotPlaced,61,67
424,8.1,1,3,3,90,4.8,Yes,Yes,69,82,Placed,79,81
425,7.9,0,1,0,85,4.5,Yes,No,76,81,NotPlaced,74,77
426,8.7,1,3,0,74,4.6,Yes,Yes,86,83,Placed,85,86
427,7.1,2,2,0,76,4.0,No,Yes,55,69,Placed,50,58
428,8.9,1,3,2,81,4.8,Yes,No,82,81,Placed,75,78
429,8.3,0,3,0,75,4.2,Yes,No,77,69,NotPlaced,80,82
430,8.3,1,2,0,90,4.5,Yes,Yes,82,80,Placed,38,48
431,7.9,2,3,2,86,4.7,Yes,Yes,69,82,Placed,47,55
432,8.1,2,3,2,90,4.5,Yes,Yes,78,81,Placed,34,45
433,7.7,2,1,1,64,3.7,No,Yes,77,70,NotPlaced,60,66
434,8.1,2,3,2,85,4.5,Yes,Yes,76,88,Placed,75,78
435,7.8,1,3,0,81,4.3,No,No,64,70,NotPlaced,87,88
436,7.2,1,1,1,67,3.8,No,No,59,63,NotPlaced,66,70
437,8.4,1,1,2,84,4.8,Yes,Yes,82,68,Placed,89,89
438,8.4,2,3,2,90,4.8,Yes,Yes,82,86,Placed,44,53
439,8.2,1,1,0,76,4.2,No,Yes,55,62,NotPlaced,39,49
440,6.5,0,1,0,67,4.3,Yes,No,81,63,Placed,64,69
441,6.5,1,1,0,73,4.1,No,Yes,55,66,NotPlaced,70,74
442,8.3,2,3,2,90,4.8,Yes,Yes,74,83,Placed,64,69
443,8.2,0,3,2,78,4.5,No,Yes,88,84,Placed,33,45
444,8.1,1,2,2,76,4.5,Yes,Yes,79,81,Placed,63,68
445,6.5,1,1,1,60,3.8,No,No,56,62,NotPlaced,45,54
446,8.2,0,3,1,83,4.7,Yes,No,81,87,NotPlaced,75,78
447,7.7,1,3,1,75,4.6,Yes,Yes,74,63,NotPlaced,70,74
448,7.7,0,3,2,89,4.4,Yes,Yes,82,85,Placed,50,58
449,6.5,1,1,0,80,4.3,Yes,Yes,75,68,NotPlaced,57,63
450,8.3,2,3,2,87,4.8,Yes,Yes,74,80,NotPlaced,49,57
451,8.0,1,3,0,77,4.1,No,No,82,84,Placed,64,69
452,8.6,0,2,1,90,4.6,Yes,Yes,56,87,Placed,79,81
453,7.6,0,2,0,83,4.2,No,Yes,55,70,NotPlaced,50,58
454,7.0,1,1,1,71,4.3,No,Yes,74,64,NotPlaced,72,76
455,7.9,2,3,2,90,4.8,Yes,Yes,78,86,Placed,57,63
456,7.7,1,3,2,84,4.6,Yes,Yes,80,83,Placed,53,60
457,7.4,1,3,0,76,4.4,Yes,Yes,58,71,NotPlaced,63,68
458,6.5,1,1,1,78,4.1,No,Yes,55,62,NotPlaced,49,57
459,7.4,1,2,0,73,4.3,No,Yes,65,68,NotPlaced,56,63
460,7.8,2,3,2,84,4.1,Yes,Yes,76,80,Placed,47,55
461,7.7,1,1,0,80,4.8,Yes,Yes,55,61,NotPlaced,94,93
462,7.9,0,1,0,60,3.4,No,No,64,59,NotPlaced,65,70
463,7.4,1,1,0,79,4.8,No,Yes,72,66,NotPlaced,54,61
464,8.2,2,2,1,76,4.6,Yes,Yes,66,65,NotPlaced,68,72
465,7.4,0,1,0,78,4.6,No,No,56,69,NotPlaced,63,68
466,6.7,1,1,1,66,3.6,No,No,55,67,NotPlaced,61,67
467,6.5,1,2,0,84,4.2,Yes,No,74,78,NotPlaced,74,77
468,7.8,0,1,1,73,4.8,Yes,Yes,77,88,Placed,76,79
469,7.2,1,2,1,68,4.4,No,No,55,64,NotPlaced,57,63
470,8.1,0,2,0,88,4.0,No,Yes,67,84,Placed,56,63
471,8.2,1,2,0,83,4.6,Yes,Yes,66,86,Placed,60,66
472,8.2,0,3,3,90,4.7,Yes,Yes,65,87,Placed,30,42
473,8.4,2,1,2,81,4.7,Yes,Yes,77,82,NotPlaced,42,51
474,7.8,0,3,2,77,4.2,Yes,Yes,83,76,NotPlaced,85,86
475,7.3,1,2,1,75,4.6,No,Yes,55,75,NotPlaced,89,89
476,7.5,1,1,0,67,4.6,No,No,86,62,NotPlaced,61,67
477,8.0,2,1,0,74,4.1,No,Yes,80,67,Placed,73,76
478,7.5,2,3,2,90,4.7,Yes,Yes,80,83,Placed,69,73
479,8.4,2,3,1,85,4.7,Yes,Yes,63,78,Placed,100,100
480,6.6,1,1,0,73,3.4,No,No,56,69,NotPlaced,81,83
481,7.6,1,1,0,66,3.7,Yes,Yes,65,60,NotPlaced,63,68
482,7.1,1,2,0,80,4.3,Yes,Yes,69,65,NotPlaced,50,58
483,7.6,1,2,2,69,3.3,No,Yes,64,63,NotPlaced,40,50
484,7.5,1,1,2,75,3.5,Yes,Yes,55,64,NotPlaced,68,72
485,6.5,1,1,0,74,3.9,No,No,70,67,NotPlaced,53,60
486,6.7,1,1,1,73,4.0,No,Yes,62,65,NotPlaced,43,52
487,8.3,1,3,1,86,4.8,No,Yes,80,67,NotPlaced,55,62
488,8.6,2,1,2,73,4.6,Yes,No,55,82,NotPlaced,48,57
489,6.6,1,3,0,70,4.1,Yes,No,78,63,Placed,90,90
490,8.3,1,3,0,82,4.8,Yes,Yes,71,88,NotPlaced,78,80
491,7.6,1,2,1,76,3.9,No,No,55,69,NotPlaced,64,69
492,8.3,2,3,2,79,4.4,Yes,Yes,74,80,Placed,87,87
493,8.5,1,2,1,70,4.5,Yes,Yes,74,64,Placed,66,70
494,7.7,1,2,0,82,4.3,No,Yes,77,67,NotPlaced,52,59
495,7.4,1,1,0,89,4.4,No,Yes,58,73,NotPlaced,87,88
496,8.8,1,3,2,88,4.8,Yes,Yes,79,86,Placed,73,76
497,7.0,1,2,0,75,4.6,Yes,Yes,78,67,NotPlaced,49,57
498,7.7,0,3,2,86,4.7,No,Yes,79,67,NotPlaced,62,67
499,7.5,0,2,0,71,3.4,No,No,55,62,NotPlaced,51,59
500,7.5,1,1,1,79,3.6,No,Yes,63,65,NotPlaced,44,53
501,7.8,1,1,0,82,4.2,No,Yes,75,71,NotPlaced,78,81
502,6.8,1,1,2,74,4.2,Yes,No,77,84,NotPlaced,93,92
503,7.3,0,1,0,80,3.5,No,Yes,55,61,NotPlaced,44,53
504,7.2,0,2,1,60,3.6,No,No,74,71,NotPlaced,73,76
505,6.7,2,0,0,69,3.9,No,Yes,76,71,NotPlaced,55,62
506,7.3,0,3,2,77,4.6,Yes,Yes,72,88,Placed,57,64
507,6.6,2,3,1,72,4.6,Yes,No,56,57,NotPlaced,56,62
508,6.9,2,1,0,67,4.0,Yes,No,59,61,NotPlaced,52,59
509,8.2,1,1,0,79,4.2,No,No,72,69,NotPlaced,65,70
510,6.7,1,2,1,80,4.1,No,No,63,59,NotPlaced,52,60
511,7.9,1,2,1,63,4.2,No,Yes,56,69,NotPlaced,69,73
512,8.3,2,3,2,89,4.7,Yes,Yes,80,88,Placed,64,69
513,6.8,0,2,0,88,4.5,No,Yes,67,63,NotPlaced,61,67
514,7.6,1,2,0,88,4.8,No,Yes,57,68,NotPlaced,51,59
515,7.9,2,3,2,90,4.8,Yes,Yes,80,84,NotPlaced,56,63
516,6.5,0,3,0,81,4.8,Yes,Yes,90,68,NotPlaced,76,79
517,7.3,1,1,1,69,4.2,No,No,55,65,NotPlaced,72,76
518,7.7,2,3,0,78,4.1,Yes,Yes,70,81,NotPlaced,50,58
519,7.9,1,2,2,75,4.6,Yes,Yes,71,85,NotPlaced,66,71
520,7.9,2,3,1,82,4.2,Yes,Yes,83,69,NotPlaced,76,79
521,7.5,1,1,0,71,3.7,No,Yes,55,61,NotPlaced,39,49
522,7.5,1,3,0,86,4.2,Yes,Yes,81,71,NotPlaced,73,76
523,8.2,1,1,2,83,4.4,Yes,Yes,64,80,Placed,55,62
524,8.0,0,3,3,90,4.3,Yes,Yes,75,87,Placed,73,76
525,7.5,1,3,1,89,4.2,No,Yes,72,71,NotPlaced,53,60
526,7.8,1,1,0,69,4.7,No,No,57,64,NotPlaced,37,48
527,8.1,0,2,0,80,4.5,No,Yes,69,83,NotPlaced,40,50
528,8.2,1,1,0,70,4.2,No,No,55,62,NotPlaced,65,70
529,8.1,1,3,0,88,4.3,No,No,72,85,NotPlaced,68,73
530,8.1,1,3,2,90,4.5,Yes,Yes,77,81,Placed,51,59
531,6.7,1,2,1,68,4.6,No,Yes,72,68,NotPlaced,74,77
532,7.7,2,1,0,75,4.4,Yes,No,81,82,NotPlaced,40,50
533,7.6,0,1,1,73,4.4,No,Yes,70,67,NotPlaced,64,69
534,8.6,2,3,2,87,4.8,Yes,Yes,77,82,Placed,46,55
535,7.5,1,2,0,77,4.3,No,No,55,74,NotPlaced,55,62
536,8.4,2,2,2,73,4.8,Yes,No,78,82,Placed,65,70
537,8.1,2,3,2,84,4.6,Yes,Yes,78,84,Placed,52,59
538,6.5,1,2,0,78,4.6,No,Yes,62,57,NotPlaced,59,65
539,8.9,2,3,2,90,4.8,Yes,Yes,79,87,Placed,80,82
540,7.5,2,2,0,73,4.4,Yes,Yes,86,74,Placed,56,63
541,8.7,2,3,2,90,4.8,Yes,Yes,75,88,Placed,77,80
542,7.4,2,3,2,84,4.8,Yes,Yes,82,80,NotPlaced,48,56
543,7.8,1,1,1,66,3.4,No,No,55,69,Placed,72,76
544,8.3,1,3,1,84,4.6,Yes,Yes,75,82,NotPlaced,86,87
545,8.3,1,2,2,85,4.6,Yes,Yes,72,88,Placed,27,40
546,7.6,2,3,2,90,4.5,Yes,Yes,75,82,Placed,53,60
547,6.5,1,1,1,74,4.0,No,No,56,73,NotPlaced,73,76
548,7.4,1,3,1,75,4.5,Yes,Yes,83,67,Placed,61,67
549,7.9,1,3,0,90,4.6,Yes,Yes,81,79,Placed,70,74
550,8.4,1,1,0,73,4.2,No,Yes,55,69,NotPlaced,55,62
551,7.7,2,2,1,74,4.1,No,Yes,55,63,NotPlaced,66,71
552,8.2,1,3,1,88,4.8,Yes,Yes,71,82,NotPlaced,62,68
553,7.6,0,2,0,81,4.0,No,No,60,60,NotPlaced,82,84
554,6.8,1,1,0,67,4.1,No,No,57,61,NotPlaced,68,73
555,8.2,0,3,0,76,4.7,Yes,Yes,77,66,NotPlaced,70,74
556,8.3,2,3,2,88,4.7,Yes,Yes,70,85,Placed,58,65
557,7.1,0,2,0,67,3.2,No,No,57,57,NotPlaced,57,64
558,6.5,1,2,1,60,3.5,No,No,60,65,NotPlaced,58,64
559,8.6,1,3,2,90,4.8,Yes,Yes,90,88,Placed,70,74
560,7.6,2,2,0,72,4.3,No,Yes,77,67,Placed,58,64
561,7.9,2,1,1,78,4.1,Yes,Yes,58,76,NotPlaced,69,73
562,7.7,1,3,0,82,4.2,Yes,Yes,90,88,Placed,96,94
563,7.4,1,3,2,88,4.8,Yes,Yes,82,85,Placed,78,80
564,6.5,1,3,1,68,4.0,Yes,Yes,86,71,NotPlaced,60,66
565,8.2,1,2,1,90,4.7,Yes,Yes,76,80,Placed,83,84
566,7.6,1,2,2,70,4.8,No,Yes,73,84,Placed,58,65
567,7.3,0,2,1,78,4.8,No,Yes,83,72,NotPlaced,34,45
568,8.1,2,3,2,90,4.4,Yes,Yes,70,88,NotPlaced,49,57
569,7.5,1,1,1,71,4.3,No,No,57,68,NotPlaced,36,47
570,7.4,1,3,0,81,4.7,Yes,Yes,76,84,Placed,59,65
571,7.8,0,3,2,90,4.7,Yes,Yes,81,82,Placed,65,70
572,8.2,2,3,2,90,4.8,Yes,Yes,88,82,Placed,90,90
573,8.4,0,3,2,79,4.5,Yes,Yes,75,64,NotPlaced,69,73
574,8.2,2,3,2,90,4.7,Yes,Yes,85,80,Placed,61,67
575,7.6,2,1,2,87,4.8,Yes,No,88,62,NotPlaced,77,79
576,8.6,1,1,1,88,4.0,No,Yes,80,66,Placed,31,43
577,6.5,2,3,1,84,4.7,Yes,Yes,85,83,Placed,68,72
578,6.7,0,3,2,90,4.8,No,No,55,63,NotPlaced,76,79
579,7.5,1,1,0,70,4.5,No,No,55,67,NotPlaced,42,52
580,7.5,1,2,0,60,4.0,No,Yes,56,71,NotPlaced,82,83
581,7.5,1,1,1,60,4.1,No,No,55,64,NotPlaced,70,74
582,8.7,2,3,2,90,4.8,Yes,Yes,77,86,Placed,58,65
583,7.4,1,2,1,71,4.8,No,Yes,63,69,NotPlaced,74,77
584,7.8,0,1,1,77,4.1,Yes,Yes,55,70,NotPlaced,99,97
585,8.1,2,3,2,90,4.4,Yes,Yes,81,87,Placed,67,72
586,7.3,1,1,0,81,4.4,No,No,55,65,NotPlaced,68,72
587,7.8,2,3,0,90,4.8,Yes,Yes,78,83,Placed,58,64
588,8.0,0,0,2,76,4.8,Yes,No,62,64,Placed,52,59
589,7.5,1,3,1,90,4.8,Yes,Yes,74,85,Placed,77,79
590,7.8,1,2,0,81,3.9,No,No,63,71,NotPlaced,52,59
591,6.5,0,3,0,68,4.2,Yes,No,64,62,Placed,66,70
592,7.9,0,1,0,66,4.1,No,No,72,84,NotPlaced,57,64
593,7.7,0,3,1,80,4.3,No,No,55,71,NotPlaced,72,75
594,8.0,1,3,0,87,4.3,Yes,Yes,79,67,NotPlaced,70,74
595,7.8,1,1,0,85,4.5,Yes,Yes,70,65,NotPlaced,80,82
596,8.5,2,3,2,90,4.8,Yes,Yes,80,84,Placed,57,63
597,8.4,1,3,2,90,4.6,Yes,Yes,82,88,Placed,60,66
598,7.4,2,1,1,81,4.0,Yes,No,76,66,Placed,50,58
599,7.0,1,3,0,82,4.6,No,Yes,71,72,NotPlaced,58,64
600,7.6,1,2,1,85,4.6,No,No,90,79,NotPlaced,70,74
601,6.8,1,1,1,75,3.8,No,Yes,60,67,NotPlaced,76,79
602,7.5,0,2,1,63,3.5,No,Yes,75,66,NotPlaced,51,58
603,8.5,2,3,0,89,4.8,Yes,Yes,79,80,Placed,78,80
604,6.9,1,2,1,70,4.4,Yes,Yes,55,66,NotPlaced,85,86
605,8.2,0,1,0,73,4.8,Yes,Yes,55,66,Placed,71,74
606,6.5,0,3,2,85,4.7,Yes,No,65,81,Placed,93,92
607,7.7,1,2,2,76,4.1,Yes,Yes,66,78,NotPlaced,53,60
608,7.7,1,1,1,78,4.2,Yes,Yes,66,67,NotPlaced,46,55
609,6.8,1,1,0,74,3.8,No,Yes,62,67,NotPlaced,38,48
610,8.3,1,3,0,78,4.7,Yes,Yes,76,82,NotPlaced,87,87
611,7.6,2,1,1,89,3.9,No,Yes,55,67,NotPlaced,74,77
612,7.4,0,3,0,78,4.4,Yes,Yes,70,81,Placed,64,69
613,8.1,2,3,2,90,4.8,Yes,Yes,76,84,Placed,69,73
614,7.7,0,1,1,67,4.2,Yes,No,64,64,NotPlaced,48,56
615,6.5,2,3,2,84,4.0,Yes,No,74,83,NotPlaced,100,99
616,8.0,2,3,2,90,4.8,Yes,Yes,75,88,Placed,66,71
617,6.9,1,1,1,74,4.3,No,Yes,57,57,NotPlaced,66,71
618,8.5,2,2,0,79,4.8,Yes,No,55,64,NotPlaced,75,78
619,6.5,1,1,0,84,4.5,Yes,Yes,55,84,NotPlaced,72,75
620,7.7,1,1,0,73,3.9,No,Yes,59,67,Placed,68,72
621,7.4,1,2,1,90,4.8,Yes,Yes,73,67,Placed,53,60
622,6.7,1,1,1,68,4.3,No,No,55,60,NotPlaced,72,75
623,8.3,1,2,2,88,4.4,Yes,Yes,78,86,Placed,93,92
624,7.6,0,1,1,70,4.0,No,No,69,69,NotPlaced,85,86
625,8.4,1,1,0,72,3.9,Yes,No,60,82,NotPlaced,88,89
626,7.1,1,2,1,73,4.3,No,Yes,59,69,NotPlaced,57,63
627,7.4,1,1,2,80,4.3,Yes,Yes,55,66,NotPlaced,50,58
628,7.5,1,2,1,90,4.3,Yes,Yes,59,84,Placed,63,68
629,8.3,2,3,0,90,4.8,Yes,Yes,78,83,Placed,65,70
630,8.3,2,3,2,85,4.7,Yes,Yes,76,87,Placed,81,83
631,7.6,1,2,1,74,4.6,No,Yes,74,85,Placed,39,49
632,7.5,1,2,0,80,3.6,No,No,57,69,NotPlaced,87,88
633,8.6,2,2,2,88,4.8,Yes,No,83,77,Placed,62,68
634,6.6,1,2,1,81,3.4,Yes,Yes,81,85,Placed,58,64
635,8.6,2,3,2,87,4.4,Yes,Yes,69,86,Placed,49,57
636,7.4,1,1,1,69,3.8,No,Yes,55,64,Placed,40,50
637,7.7,1,2,0,81,4.4,Yes,Yes,55,82,Placed,77,79
638,7.5,1,1,0,79,4.5,No,No,56,74,NotPlaced,66,70
639,7.4,1,2,0,68,4.3,No,Yes,56,67,NotPlaced,45,54
640,8.5,1,1,2,83,4.3,Yes,Yes,89,86,Placed,45,54
641,6.5,1,1,1,81,4.6,No,No,56,73,NotPlaced,59,65
642,7.9,1,1,1,66,4.5,No,No,74,69,NotPlaced,90,90
643,6.6,0,1,1,72,3.4,No,No,83,65,NotPlaced,61,66
644,8.3,2,3,2,90,4.8,Yes,No,69,80,Placed,42,51
645,8.5,2,3,2,88,4.6,Yes,Yes,85,84,Placed,61,67
646,7.4,1,2,1,79,4.7,Yes,Yes,59,67,NotPlaced,60,66
647,7.9,2,3,2,90,4.6,Yes,Yes,82,87,Placed,24,37
648,8.3,1,3,0,84,4.6,Yes,Yes,72,83,NotPlaced,64,69
649,7.6,1,2,0,79,4.3,Yes,Yes,79,69,Placed,61,67
650,7.6,0,1,2,74,4.6,Yes,Yes,76,67,Placed,75,78
651,8.1,1,3,0,90,4.8,Yes,Yes,83,83,NotPlaced,92,92
652,6.5,1,1,1,71,4.2,No,No,58,71,NotPlaced,81,83
653,6.8,0,3,2,89,4.8,Yes,Yes,78,69,Placed,60,66
654,7.3,1,1,0,84,4.3,No,No,61,74,NotPlaced,48,56
655,8.2,2,3,1,90,4.8,Yes,Yes,82,77,Placed,100,100
656,7.6,0,3,2,85,3.8,Yes,No,79,83,NotPlaced,65,70
657,7.4,1,3,0,88,4.2,Yes,Yes,55,74,NotPlaced,65,70
658,6.5,0,1,0,77,4.1,No,No,55,67,NotPlaced,64,69
659,8.2,1,2,3,85,4.5,Yes,Yes,69,82,NotPlaced,67,72
660,8.4,0,3,2,87,4.0,Yes,No,79,80,Placed,62,68
661,7.4,1,1,1,73,3.7,No,No,55,63,NotPlaced,56,63
662,7.3,1,1,0,90,4.6,Yes,No,76,62,NotPlaced,56,63
663,8.4,1,2,1,85,4.8,Yes,Yes,55,66,Placed,64,69
664,7.8,0,3,2,90,4.8,Yes,Yes,64,88,NotPlaced,56,63
665,8.5,0,3,1,83,4.0,Yes,Yes,59,82,NotPlaced,54,61
666,8.1,2,3,2,90,4.8,Yes,Yes,79,83,Placed,66,71
667,8.7,2,3,2,87,4.8,Yes,Yes,55,84,Placed,61,66
668,6.9,0,1,0,79,3.6,No,No,61,67,NotPlaced,87,88
669,8.3,2,3,2,90,4.8,Yes,Yes,71,84,Placed,25,38
670,7.6,1,1,0,76,4.0,No,Yes,75,70,Placed,81,83
671,7.3,1,1,1,88,4.1,No,No,55,68,NotPlaced,83,84
672,7.3,1,1,0,71,4.6,Yes,Yes,75,67,NotPlaced,33,45
673,8.8,1,3,2,83,4.8,Yes,Yes,72,84,Placed,59,65
674,6.7,1,1,0,82,3.9,No,Yes,66,66,Placed,59,65
675,8.3,2,3,2,90,4.6,Yes,Yes,80,83,Placed,43,53
676,8.2,1,3,2,85,4.8,Yes,Yes,55,82,NotPlaced,53,60
677,7.6,1,3,1,68,4.6,Yes,Yes,72,83,Placed,48,56
678,7.3,1,1,0,72,3.9,Yes,No,70,59,NotPlaced,91,91
679,8.0,2,3,2,83,4.8,Yes,Yes,75,84,Placed,79,81
680,7.6,1,3,0,69,4.3,No,Yes,73,72,Placed,84,85
681,8.2,2,1,2,71,4.2,Yes,Yes,85,85,NotPlaced,75,78
682,8.1,2,2,0,71,4.4,Yes,Yes,78,83,Placed,48,56
683,7.1,0,2,2,76,4.2,No,No,63,64,NotPlaced,57,63
684,8.6,1,2,0,82,3.7,Yes,Yes,77,65,Placed,72,75
685,7.0,1,2,0,67,4.3,No,Yes,69,69,NotPlaced,46,55
686,8.7,0,1,2,82,4.5,Yes,Yes,73,86,Placed,75,78
687,8.1,1,2,1,84,4.3,Yes,Yes,77,83,NotPlaced,61,67
688,7.5,1,2,0,87,4.6,Yes,Yes,83,81,Placed,59,65
689,8.3,1,2,1,73,3.9,No,Yes,61,79,NotPlaced,75,78
690,6.5,2,3,2,74,4.2,No,No,90,67,NotPlaced,71,75
691,8.5,2,2,2,84,4.5,Yes,Yes,81,84,Placed,59,65
692,7.5,0,2,1,62,4.5,No,No,55,65,NotPlaced,82,83
693,8.2,1,3,2,83,4.7,Yes,Yes,75,68,Placed,48,57
694,8.3,1,3,0,90,4.7,Yes,Yes,86,78,Placed,74,77
695,7.2,1,2,0,81,4.3,Yes,Yes,83,63,NotPlaced,73,77
696,7.1,2,3,2,90,4.4,Yes,Yes,77,87,Placed,60,66
697,7.6,1,2,0,70,3.4,No,Yes,55,74,NotPlaced,69,73
698,7.7,1,2,1,74,4.1,No,Yes,67,64,NotPlaced,46,54
699,8.7,2,3,3,81,4.2,Yes,Yes,87,84,Placed,78,81
700,6.7,0,1,1,69,4.4,No,No,76,68,NotPlaced,62,67
701,7.9,1,3,0,79,3.7,No,Yes,67,83,NotPlaced,57,63
702,8.4,2,1,1,87,4.8,No,Yes,75,78,NotPlaced,80,82
703,6.9,0,1,0,67,3.9,Yes,No,67,65,NotPlaced,54,61
704,7.7,1,2,0,78,3.6,No,Yes,64,81,NotPlaced,43,53
705,8.4,2,3,2,90,4.7,Yes,Yes,76,84,Placed,41,51
706,7.8,0,1,0,78,4.0,Yes,No,64,69,NotPlaced,74,77
707,8.1,2,3,0,81,4.8,Yes,Yes,72,88,NotPlaced,45,54
708,8.5,1,1,2,82,3.4,Yes,No,76,85,NotPlaced,91,91
709,7.7,2,3,2,78,4.8,Yes,No,82,69,NotPlaced,33,45
710,8.4,1,3,1,79,4.1,No,Yes,83,87,Placed,90,90
711,8.4,2,3,2,84,4.5,Yes,Yes,78,78,Placed,68,72
712,6.5,1,2,1,70,3.8,No,No,61,70,NotPlaced,63,68
713,7.5,1,1,0,81,4.6,Yes,Yes,60,67,NotPlaced,56,63
714,7.4,1,1,1,75,4.2,No,Yes,65,65,NotPlaced,70,74
715,8.7,1,3,2,90,4.8,Yes,Yes,70,88,Placed,64,69
716,6.7,1,1,1,66,3.4,No,Yes,59,68,NotPlaced,81,83
717,8.5,2,3,2,88,4.3,No,Yes,67,88,NotPlaced,66,71
718,6.9,1,1,1,74,4.4,No,No,86,63,NotPlaced,67,71
719,8.1,2,3,2,87,4.4,Yes,Yes,86,83,Placed,59,65
720,8.3,2,2,0,90,4.6,Yes,Yes,81,81,Placed,64,69
721,8.1,1,3,2,90,4.6,Yes,Yes,79,88,Placed,69,73
722,7.6,1,2,0,86,4.0,Yes,Yes,62,70,NotPlaced,39,49
723,7.9,1,2,2,90,4.3,Yes,Yes,74,88,Placed,44,53
724,6.5,1,3,2,75,4.7,Yes,No,78,62,NotPlaced,76,78
725,7.8,0,3,0,76,3.7,Yes,Yes,85,79,Placed,67,72
726,6.8,1,2,0,67,4.8,No,No,55,73,NotPlaced,62,67
727,8.3,0,1,2,84,4.7,Yes,Yes,65,64,Placed,65,70
728,8.7,1,3,2,90,4.7,Yes,Yes,74,86,Placed,70,74
729,7.4,0,2,0,71,4.0,No,Yes,55,73,Placed,56,63
730,7.9,0,2,0,69,4.2,No,No,61,66,NotPlaced,53,60
731,8.1,2,3,2,90,4.8,Yes,Yes,80,83,Placed,67,72
732,7.9,2,3,2,90,4.8,Yes,Yes,82,84,Placed,50,58
733,6.5,1,1,1,82,3.4,No,No,55,72,NotPlaced,71,74
734,6.7,1,1,1,65,4.0,No,Yes,64,61,NotPlaced,39,49
735,8.2,0,1,0,71,4.8,No,No,62,68,NotPlaced,80,82
736,8.1,2,3,2,87,4.6,Yes,Yes,85,80,Placed,72,75
737,7.0,1,1,1,70,4.8,No,No,61,63,NotPlaced,68,73
738,7.0,1,1,1,65,3.0,No,No,55,62,NotPlaced,79,81
739,7.7,1,2,0,78,3.6,Yes,Yes,55,71,Placed,89,89
740,6.5,2,1,0,79,3.6,No,No,63,65,NotPlaced,80,82
741,8.0,1,2,0,81,4.2,Yes,Yes,66,72,NotPlaced,37,47
742,7.9,2,3,2,80,4.3,Yes,Yes,78,65,Placed,45,54
743,8.3,1,3,2,86,4.8,Yes,Yes,66,88,Placed,55,62
744,6.7,1,1,0,78,3.1,No,Yes,74,58,NotPlaced,65,70
745,8.4,1,1,2,81,3.9,Yes,Yes,64,84,Placed,72,76
746,8.2,2,2,1,74,4.5,No,Yes,65,84,NotPlaced,54,61
747,7.9,1,1,1,65,4.3,No,No,57,80,NotPlaced,67,72
748,8.3,1,1,2,81,4.6,Yes,No,59,85,NotPlaced,53,60
749,8.6,2,2,2,84,4.0,Yes,Yes,72,84,NotPlaced,55,62
750,7.5,1,1,0,72,4.1,No,Yes,55,63,NotPlaced,43,53
751,8.1,1,2,3,86,4.5,Yes,Yes,88,70,Placed,51,58
752,8.2,2,3,1,79,4.8,Yes,Yes,79,86,Placed,44,53
753,8.4,2,1,2,77,4.5,Yes,Yes,71,72,NotPlaced,50,58
754,6.9,1,2,1,73,4.5,No,No,60,65,NotPlaced,80,82
755,6.8,1,1,0,67,4.3,Yes,No,84,61,NotPlaced,50,58
756,7.8,1,2,3,87,4.4,Yes,Yes,75,84,NotPlaced,100,100
757,8.1,1,3,1,89,4.7,Yes,Yes,78,85,Placed,72,75
758,7.7,0,1,1,76,3.9,No,No,58,66,NotPlaced,67,72
759,7.6,0,1,0,66,3.5,No,No,55,67,NotPlaced,52,59
760,8.6,1,2,0,74,4.4,No,No,55,66,Placed,75,78
761,7.5,1,1,0,79,3.7,No,No,55,58,NotPlaced,56,63
762,8.3,0,1,1,72,3.5,No,No,60,71,NotPlaced,66,71
763,7.7,1,1,0,70,3.9,No,Yes,55,67,NotPlaced,100,100
764,7.6,1,1,0,70,3.5,No,No,63,62,NotPlaced,63,68
765,7.5,1,3,0,80,4.0,Yes,Yes,60,62,NotPlaced,82,83
766,8.1,2,3,2,90,4.8,Yes,Yes,86,85,Placed,54,61
767,7.8,1,3,2,81,4.2,Yes,Yes,70,65,Placed,64,69
768,8.4,1,3,1,79,4.4,Yes,Yes,78,82,Placed,91,91
769,8.0,2,3,2,90,4.8,Yes,Yes,87,88,Placed,55,62
770,8.1,2,3,2,90,4.8,Yes,Yes,70,81,Placed,92,91
771,7.6,2,3,2,84,4.6,Yes,Yes,72,85,Placed,75,78
772,6.8,0,3,1,82,4.2,Yes,Yes,74,72,NotPlaced,56,63
773,7.3,1,2,2,73,4.7,Yes,Yes,75,72,NotPlaced,74,77
774,6.6,0,1,1,63,3.8,No,No,61,68,NotPlaced,79,81
775,6.6,1,1,0,72,3.9,No,Yes,60,69,NotPlaced,74,77
776,8.4,1,2,0,71,4.5,Yes,Yes,68,81,Placed,41,51
777,8.1,0,3,2,90,4.2,Yes,Yes,69,88,Placed,54,61
778,8.1,2,3,2,90,4.8,Yes,Yes,84,86,Placed,61,67
779,7.5,2,2,0,79,4.5,Yes,Yes,82,82,Placed,63,69
780,7.7,1,3,0,79,4.8,No,Yes,75,69,NotPlaced,74,77
781,8.4,0,1,0,90,4.6,Yes,Yes,84,78,Placed,67,72
782,7.5,0,2,0,82,4.8,Yes,Yes,68,64,Placed,44,53
783,7.8,0,1,1,69,4.2,No,No,57,71,NotPlaced,70,74
784,8.4,2,3,1,89,4.6,Yes,Yes,74,70,NotPlaced,74,77
785,6.6,1,1,1,69,4.6,No,No,55,79,NotPlaced,73,76
786,8.3,2,3,1,86,4.7,No,No,81,84,NotPlaced,81,82
787,7.4,1,1,1,67,4.5,No,No,55,67,NotPlaced,77,80
788,8.2,1,3,2,87,4.7,Yes,Yes,73,86,Placed,71,75
789,6.5,1,1,1,78,4.0,No,No,65,65,NotPlaced,63,69
790,7.6,1,2,1,82,4.7,No,Yes,64,65,NotPlaced,40,50
791,8.3,1,3,3,86,4.8,Yes,Yes,81,86,Placed,71,75
792,6.5,0,1,0,72,3.6,No,No,60,59,NotPlaced,68,72
793,6.5,1,1,0,76,3.9,No,Yes,57,76,NotPlaced,69,73
794,6.5,1,2,0,77,4.6,No,Yes,64,70,NotPlaced,45,54
795,8.4,1,3,2,68,3.6,Yes,Yes,72,61,Placed,48,57
796,8.6,1,3,0,81,4.8,Yes,Yes,79,71,Placed,80,82
797,8.3,1,3,2,82,4.6,Yes,No,80,81,NotPlaced,64,69
798,8.4,1,2,2,75,4.1,Yes,Yes,55,73,NotPlaced,75,78
799,7.6,0,1,0,65,4.1,No,No,55,68,NotPlaced,65,70
800,8.3,2,3,2,90,4.8,Yes,Yes,77,85,Placed,65,70
801,7.7,0,1,2,76,4.6,No,Yes,84,63,NotPlaced,79,81
802,6.5,0,1,1,71,4.4,Yes,Yes,55,75,NotPlaced,57,63
803,7.6,1,1,0,70,4.0,No,Yes,55,57,NotPlaced,66,71
804,7.7,1,1,0,79,3.9,No,Yes,55,72,NotPlaced,58,64
805,8.2,1,3,2,71,4.8,Yes,Yes,73,70,NotPlaced,58,64
806,7.6,1,2,1,89,4.5,No,No,60,64,NotPlaced,60,66
807,7.3,1,3,2,83,4.7,Yes,Yes,70,84,Placed,68,72
808,8.3,2,2,1,81,4.3,Yes,Yes,73,72,NotPlaced,57,64
809,8.4,1,3,2,90,4.7,Yes,Yes,79,88,Placed,83,85
810,7.5,1,1,1,80,3.8,No,No,58,67,NotPlaced,51,59
811,7.7,1,2,0,78,4.4,Yes,Yes,80,83,NotPlaced,62,67
812,7.6,1,1,0,79,3.9,No,No,57,62,NotPlaced,58,64
813,7.1,1,2,0,70,4.0,No,No,57,72,NotPlaced,86,87
814,7.9,1,1,1,86,4.3,No,Yes,55,70,NotPlaced,67,72
815,6.6,0,1,1,72,4.1,No,Yes,64,70,NotPlaced,80,82
816,8.2,2,2,1,90,4.8,No,Yes,72,62,Placed,42,52
817,7.4,1,2,2,85,3.5,Yes,Yes,57,68,Placed,69,73
818,8.4,1,3,2,78,4.8,Yes,No,85,81,NotPlaced,78,80
819,6.8,0,3,2,76,3.9,Yes,Yes,85,73,NotPlaced,66,70
820,7.7,1,2,2,90,4.8,No,No,62,86,NotPlaced,80,82
821,7.9,1,2,1,82,4.5,Yes,Yes,67,63,NotPlaced,57,63
822,8.1,1,3,1,88,4.4,No,Yes,77,87,Placed,86,86
823,8.4,2,3,2,90,4.5,Yes,Yes,85,86,Placed,99,97
824,7.3,0,2,1,74,3.7,No,No,58,68,NotPlaced,59,65
825,8.2,2,3,2,87,4.8,Yes,Yes,75,72,Placed,58,64
826,7.6,1,1,1,68,4.2,No,No,56,67,NotPlaced,86,87
827,6.7,1,3,1,88,4.3,Yes,No,87,67,NotPlaced,88,88
828,7.1,0,2,0,80,3.8,No,Yes,57,70,NotPlaced,57,63
829,8.3,1,3,3,90,4.8,Yes,Yes,80,81,Placed,58,64
830,7.4,0,1,1,69,3.5,No,No,69,63,NotPlaced,60,66
831,8.6,0,3,2,88,4.8,Yes,Yes,85,83,Placed,44,53
832,6.7,1,2,1,60,4.1,No,No,55,70,NotPlaced,51,58
833,8.0,1,2,0,87,4.4,Yes,Yes,87,82,Placed,49,57
834,6.5,1,1,1,67,4.3,No,No,55,67,NotPlaced,53,60
835,7.1,0,1,1,71,4.0,No,Yes,56,64,NotPlaced,64,69
836,6.7,0,1,0,83,4.4,No,No,62,68,NotPlaced,68,72
837,6.5,0,1,1,63,3.7,No,No,58,66,NotPlaced,88,88
838,7.7,1,1,2,85,4.7,Yes,Yes,80,82,NotPlaced,50,58
839,6.5,1,2,0,69,3.4,No,No,56,71,NotPlaced,79,81
840,6.5,1,2,0,67,4.4,No,No,72,68,NotPlaced,61,67
841,7.7,0,1,1,65,4.0,No,No,57,66,NotPlaced,64,69
842,8.0,2,3,2,90,4.7,Yes,Yes,70,87,Placed,75,78
843,6.5,1,1,0,70,4.8,Yes,Yes,79,62,Placed,48,56
844,7.1,1,1,1,72,4.3,No,Yes,55,65,NotPlaced,70,74
845,7.4,0,2,0,88,3.6,No,No,75,68,NotPlaced,67,71
846,8.0,1,1,2,85,4.5,Yes,Yes,63,69,Placed,72,75
847,6.5,1,1,1,75,3.9,No,No,58,66,NotPlaced,69,73
848,7.5,2,1,2,79,3.9,Yes,Yes,68,82,NotPlaced,100,99
849,8.9,1,2,0,77,4.5,Yes,Yes,71,86,NotPlaced,55,62
850,8.3,2,1,0,86,4.8,Yes,No,74,86,NotPlaced,57,63
851,8.4,1,3,2,90,4.8,Yes,Yes,70,84,NotPlaced,55,62
852,6.6,0,2,1,70,3.2,No,Yes,62,58,NotPlaced,56,63
853,6.6,1,1,1,75,3.6,No,No,61,72,Placed,55,62
854,8.1,2,3,1,75,3.7,Yes,Yes,86,66,Placed,82,84
855,6.5,2,3,2,81,3.5,Yes,No,82,68,Placed,86,87
856,7.6,0,1,1,85,4.1,No,Yes,56,68,Placed,56,63
857,6.5,1,2,0,79,4.6,Yes,No,71,75,Placed,52,60
858,6.5,0,3,2,90,4.8,Yes,Yes,82,86,Placed,72,75
859,8.6,2,3,2,90,4.8,Yes,Yes,79,82,Placed,56,63
860,6.5,1,2,0,84,4.3,No,Yes,80,69,NotPlaced,74,77
861,8.0,1,1,0,84,3.9,Yes,No,55,66,NotPlaced,68,72
862,7.6,0,1,1,84,4.3,No,No,55,68,NotPlaced,42,51
863,7.4,0,1,1,65,4.7,No,No,55,58,NotPlaced,88,88
864,8.4,2,3,0,75,4.8,No,No,64,81,Placed,91,91
865,8.4,1,3,0,77,4.7,Yes,Yes,79,84,Placed,55,62
866,7.5,1,2,1,69,3.8,No,Yes,57,69,NotPlaced,59,65
867,6.5,1,1,0,75,4.7,No,Yes,56,69,Placed,69,73
868,8.2,2,3,1,70,3.8,No,No,73,65,NotPlaced,70,74
869,7.4,1,2,1,67,4.2,No,Yes,58,64,NotPlaced,74,77
870,8.4,1,3,2,88,4.8,Yes,Yes,80,85,Placed,95,94
871,7.2,1,1,1,69,4.3,No,No,58,62,NotPlaced,62,67
872,7.5,1,1,0,74,4.2,No,No,62,68,NotPlaced,53,60
873,6.5,1,2,0,71,4.3,No,Yes,55,70,NotPlaced,44,53
874,8.6,2,3,2,90,4.8,Yes,Yes,84,85,Placed,54,61
875,6.5,1,1,2,71,4.1,Yes,Yes,64,85,NotPlaced,64,69
876,7.7,1,1,1,71,4.3,Yes,No,57,71,NotPlaced,91,91
877,8.7,1,3,2,90,4.8,Yes,Yes,76,85,Placed,57,63
878,6.5,0,1,0,65,3.5,No,Yes,55,71,NotPlaced,68,72
879,8.1,1,3,1,90,4.8,Yes,Yes,74,80,Placed,64,69
880,7.6,1,2,1,68,4.5,No,Yes,80,66,NotPlaced,82,84
881,8.7,2,3,1,77,4.3,Yes,Yes,72,67,NotPlaced,100,100
882,7.7,0,1,1,71,4.0,No,No,55,62,NotPlaced,57,63
883,8.7,1,3,2,88,4.8,Yes,Yes,83,86,Placed,57,64
884,7.1,1,2,0,77,3.7,Yes,Yes,71,69,Placed,80,82
885,6.6,1,2,1,74,3.7,No,No,55,66,NotPlaced,75,78
886,6.5,0,2,0,78,4.5,No,Yes,55,68,Placed,92,92
887,7.6,1,2,0,60,3.9,No,No,55,63,NotPlaced,73,77
888,7.4,1,1,1,81,3.8,No,Yes,55,84,NotPlaced,59,65
889,8.0,1,1,0,83,4.7,No,Yes,60,87,Placed,73,77
890,7.6,1,3,1,83,4.8,No,No,82,68,Placed,81,83
891,8.3,2,3,2,90,4.7,Yes,Yes,76,88,Placed,77,79
892,7.0,0,1,0,82,4.4,Yes,No,55,73,NotPlaced,72,76
893,7.9,1,1,2,74,4.8,Yes,No,80,79,NotPlaced,81,82
894,6.5,0,3,1,67,3.5,Yes,Yes,86,72,Placed,82,84
895,7.6,1,1,0,74,4.0,No,Yes,60,68,NotPlaced,85,86
896,7.4,1,1,1,68,4.7,No,Yes,55,66,NotPlaced,74,77
897,7.1,1,2,0,84,4.6,No,Yes,71,61,Placed,62,67
898,6.5,1,1,0,68,4.1,No,Yes,55,64,NotPlaced,67,71
899,8.5,1,3,1,77,4.7,Yes,Yes,65,85,NotPlaced,83,84
900,8.4,0,3,2,89,4.1,Yes,Yes,70,84,Placed,52,60
901,8.6,2,3,3,87,4.7,Yes,Yes,70,86,Placed,70,74
902,8.0,1,2,1,81,4.4,Yes,Yes,83,84,Placed,59,65
903,8.0,1,1,1,77,3.7,Yes,Yes,73,69,NotPlaced,65,70
904,8.5,2,2,0,86,4.3,Yes,Yes,80,86,Placed,84,85
905,8.2,0,3,0,71,4.7,Yes,Yes,76,88,Placed,67,72
906,7.6,0,1,1,81,4.3,Yes,No,74,67,NotPlaced,65,70
907,8.3,2,3,0,79,4.5,Yes,No,59,85,NotPlaced,44,53
908,6.8,1,2,2,82,3.9,Yes,Yes,61,66,Placed,76,78
909,7.8,2,3,1,86,4.4,Yes,Yes,76,80,NotPlaced,74,77
910,8.6,1,3,1,87,4.6,Yes,Yes,77,74,Placed,97,95
911,7.8,2,3,0,82,4.3,Yes,Yes,72,88,Placed,60,66
912,8.2,1,3,2,75,4.5,Yes,Yes,80,63,NotPlaced,68,72
913,8.3,0,3,2,84,4.3,No,No,81,82,NotPlaced,68,72
914,7.6,1,3,0,80,4.3,Yes,Yes,84,67,NotPlaced,88,88
915,7.6,1,1,0,81,4.5,No,No,62,67,NotPlaced,63,68
916,6.5,1,1,0,78,3.5,No,Yes,58,73,NotPlaced,69,73
917,6.5,1,1,1,64,4.0,No,Yes,55,66,NotPlaced,74,77
918,7.5,2,2,0,89,4.8,Yes,Yes,72,79,Placed,67,72
919,7.4,2,1,0,77,4.3,No,No,66,74,Placed,58,64
920,7.8,0,3,0,69,4.2,Yes,Yes,73,71,Placed,67,72
921,7.7,1,2,1,66,3.4,No,Yes,60,80,NotPlaced,81,82
922,7.7,2,1,1,90,4.5,Yes,Yes,56,73,Placed,49,57
923,8.2,1,1,0,76,4.7,Yes,Yes,75,84,NotPlaced,66,71
924,7.2,1,1,0,78,4.2,No,No,65,74,NotPlaced,54,61
925,7.5,0,1,2,89,4.0,No,Yes,66,63,NotPlaced,82,84
926,7.5,0,1,0,66,3.5,No,No,60,73,NotPlaced,42,51
927,7.3,0,1,1,74,4.1,No,No,64,72,NotPlaced,56,63
928,7.1,1,2,0,85,4.2,Yes,Yes,73,84,Placed,70,74
929,8.0,2,3,3,80,4.8,Yes,Yes,78,86,NotPlaced,88,88
930,7.7,0,1,0,69,3.9,No,Yes,56,62,NotPlaced,64,69
931,7.5,2,3,1,86,4.4,Yes,Yes,71,80,Placed,56,63
932,7.7,0,1,0,76,3.4,No,No,55,65,NotPlaced,93,92
933,7.5,1,1,0,70,4.3,No,Yes,55,71,NotPlaced,43,52
934,7.9,1,3,2,81,4.8,No,Yes,74,80,Placed,32,43
935,6.6,1,1,1,70,4.6,No,Yes,55,66,Placed,71,75
936,6.5,0,1,0,75,4.1,No,Yes,83,67,NotPlaced,57,63
937,8.4,2,3,3,87,4.8,No,Yes,72,70,Placed,49,57
938,8.4,2,3,2,90,4.8,Yes,Yes,71,87,NotPlaced,75,78
939,7.3,1,1,0,65,4.0,No,Yes,63,70,NotPlaced,68,72
940,7.6,1,2,0,66,3.8,Yes,No,55,68,NotPlaced,56,63
941,8.2,1,3,2,90,4.6,Yes,Yes,86,85,Placed,45,54
942,8.3,1,3,0,75,3.9,Yes,Yes,76,81,Placed,78,80
943,6.5,2,3,0,82,4.3,No,Yes,56,70,NotPlaced,74,77
944,8.3,1,2,2,71,4.5,Yes,Yes,56,67,Placed,63,68
945,7.2,0,2,2,90,4.8,Yes,Yes,82,75,Placed,92,92
946,7.7,0,1,0,67,3.5,No,No,55,61,NotPlaced,48,57
947,7.8,0,2,1,66,3.6,No,Yes,85,66,NotPlaced,42,51
948,8.4,2,3,2,90,4.8,No,Yes,70,85,Placed,54,61
949,8.1,1,2,0,88,4.6,Yes,Yes,82,86,Placed,64,69
950,8.0,0,3,0,88,4.6,Yes,Yes,84,70,Placed,68,72
951,8.3,1,1,1,64,4.1,No,No,55,71,NotPlaced,61,67
952,6.7,1,2,1,78,4.4,No,No,60,88,NotPlaced,70,74
953,6.6,1,2,0,71,3.8,Yes,Yes,56,86,NotPlaced,46,54
954,7.6,0,1,1,65,4.1,No,No,55,62,NotPlaced,86,87
955,7.5,1,1,0,70,3.9,No,No,56,75,NotPlaced,63,69
956,6.5,1,1,0,82,3.9,No,Yes,55,60,NotPlaced,81,83
957,8.3,1,2,2,82,4.6,Yes,Yes,83,87,Placed,70,74
958,6.5,0,2,1,69,4.7,Yes,Yes,72,72,NotPlaced,71,75
959,7.9,2,3,2,87,4.5,No,Yes,74,67,NotPlaced,73,76
960,6.6,1,3,0,81,4.4,No,Yes,76,65,NotPlaced,71,75
961,8.1,2,3,2,90,4.7,Yes,Yes,78,82,Placed,74,77
962,7.3,1,1,1,83,3.9,Yes,No,67,70,NotPlaced,84,85
963,6.6,0,1,1,67,4.5,No,No,65,71,NotPlaced,67,72
964,7.6,1,1,0,81,3.8,No,Yes,59,60,NotPlaced,75,78
965,6.5,1,1,1,62,3.4,No,Yes,69,70,NotPlaced,63,68
966,7.5,0,1,0,71,4.1,No,No,60,72,NotPlaced,86,87
967,7.4,1,1,1,63,4.2,No,Yes,55,68,NotPlaced,54,61
968,6.5,1,2,0,66,4.0,No,No,57,71,NotPlaced,92,91
969,7.6,1,2,0,73,4.0,Yes,Yes,75,64,NotPlaced,64,69
970,6.8,1,1,1,78,4.1,No,No,73,72,NotPlaced,43,52
971,8.8,2,3,2,90,4.8,Yes,Yes,80,80,Placed,66,71
972,6.7,1,2,0,77,4.4,No,Yes,58,65,NotPlaced,54,61
973,7.3,1,1,2,66,4.6,No,Yes,55,70,Placed,77,80
974,7.6,1,2,1,81,4.0,No,Yes,55,61,NotPlaced,55,62
975,7.7,1,2,1,69,4.1,No,Yes,78,63,NotPlaced,58,64
976,8.0,2,2,2,83,4.5,Yes,Yes,72,88,NotPlaced,36,47
977,7.9,0,1,2,86,4.3,No,Yes,61,63,Placed,58,64
978,8.4,1,3,0,73,4.6,Yes,Yes,86,83,NotPlaced,28,40
979,7.5,1,1,0,69,4.3,No,No,62,62,NotPlaced,41,50
980,6.6,1,2,0,88,4.0,No,No,78,67,NotPlaced,76,79
981,8.3,2,3,2,90,4.8,Yes,Yes,80,88,Placed,76,79
982,7.4,2,3,2,71,4.8,Yes,Yes,85,75,Placed,71,75
983,6.8,1,2,0,79,3.4,No,Yes,76,63,NotPlaced,50,58
984,8.4,1,3,2,90,4.8,Yes,Yes,80,78,Placed,64,69
985,8.3,1,1,2,88,4.1,Yes,No,70,80,Placed,64,69
986,7.9,2,1,2,89,4.8,Yes,No,78,77,NotPlaced,47,56
987,7.5,1,1,0,66,3.8,No,No,58,63,NotPlaced,87,88
988,8.2,2,1,1,69,4.5,Yes,No,83,79,NotPlaced,78,80
989,6.9,1,2,0,85,4.8,Yes,Yes,73,87,Placed,61,67
990,6.7,0,1,0,71,4.3,No,No,67,60,NotPlaced,65,70
991,7.6,0,3,2,85,3.7,Yes,Yes,80,83,NotPlaced,68,72
992,7.9,1,2,2,76,4.5,Yes,Yes,55,58,NotPlaced,34,45
993,7.8,1,1,2,82,4.3,Yes,Yes,59,65,Placed,61,67
994,8.1,2,3,2,78,4.5,No,Yes,57,68,Placed,54,61
995,8.6,2,3,0,89,4.8,Yes,Yes,83,85,Placed,49,57
996,7.7,1,2,1,76,4.7,Yes,Yes,73,88,NotPlaced,60,66
997,8.2,2,3,2,90,4.8,Yes,Yes,87,88,Placed,91,91
998,8.0,1,2,2,89,4.5,Yes,Yes,81,81,Placed,74,77
999,7.4,1,2,0,78,4.6,No,No,78,65,NotPlaced,56,63
1000,7.6,1,2,0,60,4.1,No,Yes,57,65,NotPlaced,73,76
1001,7.8,0,2,0,70,4.3,No,No,55,68,NotPlaced,85,86
1002,7.6,1,2,1,78,4.3,No,Yes,60,71,NotPlaced,78,81
1003,8.1,2,2,1,88,4.8,Yes,Yes,88,67,NotPlaced,65,70
1004,8.1,0,1,0,85,4.5,Yes,Yes,79,82,Placed,55,62
1005,8.6,1,1,2,75,4.5,Yes,Yes,68,82,NotPlaced,75,78
1006,7.8,1,2,2,76,4.0,No,Yes,73,58,NotPlaced,70,74
1007,8.3,0,3,2,75,3.8,Yes,Yes,83,85,Placed,78,80
1008,7.3,1,1,1,76,4.1,No,Yes,80,68,NotPlaced,74,77
1009,7.1,0,1,0,68,3.6,No,Yes,73,72,Placed,80,82
1010,8.2,2,3,2,90,4.6,Yes,No,72,85,NotPlaced,56,63
1011,7.5,1,1,0,81,4.5,No,Yes,58,76,Placed,84,85
1012,8.4,1,1,1,70,4.8,Yes,No,67,84,NotPlaced,67,72
1013,6.8,1,2,1,81,4.0,Yes,Yes,56,82,NotPlaced,96,94
1014,8.7,2,3,2,90,4.8,Yes,Yes,76,85,Placed,54,61
1015,8.0,2,2,2,83,3.3,Yes,Yes,65,69,NotPlaced,91,90
1016,8.6,1,3,1,83,4.7,Yes,Yes,81,87,Placed,67,72
1017,8.1,2,3,3,76,4.5,Yes,Yes,69,67,NotPlaced,55,62
1018,6.5,1,1,0,70,4.2,No,No,55,59,NotPlaced,57,64
1019,8.4,0,3,0,84,4.8,Yes,Yes,77,84,Placed,60,66
1020,8.3,0,3,2,78,4.3,Yes,No,77,87,NotPlaced,71,75
1021,7.8,2,2,2,81,4.8,Yes,Yes,74,88,Placed,72,76
1022,7.5,1,2,1,79,4.6,No,Yes,65,71,NotPlaced,56,63
1023,8.3,2,3,2,90,4.8,Yes,Yes,81,87,Placed,64,69
1024,7.4,1,1,0,64,4.7,Yes,Yes,55,72,NotPlaced,97,95
1025,8.1,1,1,1,72,4.6,Yes,No,61,63,NotPlaced,90,90
1026,7.9,2,3,2,85,4.7,Yes,Yes,85,84,Placed,71,75
1027,7.8,1,3,2,87,4.3,Yes,Yes,73,72,Placed,65,70
1028,7.0,1,1,2,81,4.8,Yes,No,72,82,NotPlaced,66,71
1029,8.3,1,1,0,80,4.4,No,No,71,62,NotPlaced,74,77
1030,6.9,1,1,0,70,4.6,Yes,Yes,65,82,Placed,49,57
1031,8.2,1,2,0,83,4.8,Yes,No,65,71,Placed,61,66
1032,7.9,1,1,0,81,4.6,Yes,No,61,68,Placed,39,49
1033,7.8,2,3,1,73,4.3,Yes,Yes,82,82,Placed,70,74
1034,7.7,1,2,1,85,4.6,Yes,Yes,76,83,Placed,74,77
1035,8.5,2,2,2,80,4.8,Yes,Yes,75,88,Placed,57,64
1036,7.7,1,2,0,71,4.5,Yes,Yes,71,68,NotPlaced,88,88
1037,8.3,2,3,2,87,4.8,Yes,Yes,82,84,Placed,46,55
1038,8.4,1,3,2,89,4.2,Yes,Yes,76,83,Placed,43,52
1039,7.5,1,1,1,71,4.0,No,Yes,55,60,NotPlaced,68,72
1040,7.4,1,2,3,71,4.8,Yes,Yes,85,71,NotPlaced,80,82
1041,8.2,2,1,0,74,4.5,Yes,Yes,77,67,NotPlaced,90,90
1042,7.9,1,2,2,88,4.8,Yes,Yes,70,84,Placed,58,64
1043,8.3,2,3,2,90,4.8,Yes,Yes,72,84,NotPlaced,81,82
1044,6.5,0,1,0,75,4.5,No,No,58,84,NotPlaced,64,69
1045,7.6,1,2,0,76,3.8,Yes,Yes,55,73,Placed,62,67
1046,8.1,2,3,3,90,4.7,Yes,Yes,64,83,Placed,78,80
1047,7.7,2,3,0,87,4.4,Yes,Yes,78,82,NotPlaced,74,77
1048,8.3,1,1,1,71,4.8,Yes,Yes,78,83,NotPlaced,41,51
1049,7.7,1,1,1,71,4.2,No,Yes,55,72,NotPlaced,87,87
1050,8.5,1,3,2,88,4.2,Yes,Yes,87,88,Placed,85,86
1051,8.0,2,3,2,90,4.8,Yes,Yes,78,87,Placed,55,62
1052,7.5,1,1,1,64,3.3,No,No,68,58,NotPlaced,70,74
1053,8.7,0,1,2,90,4.5,Yes,Yes,76,87,Placed,72,75
1054,8.3,1,2,1,71,3.9,No,No,55,66,NotPlaced,68,73
1055,8.0,2,3,2,90,4.3,Yes,Yes,72,84,Placed,56,63
1056,7.7,0,2,0,73,4.2,Yes,Yes,82,87,Placed,54,61
1057,7.8,1,1,1,72,4.3,No,Yes,62,70,NotPlaced,64,69
1058,8.5,2,3,2,89,4.8,Yes,Yes,74,83,Placed,82,84
1059,7.5,1,1,0,77,3.9,No,Yes,55,69,NotPlaced,73,76
1060,8.2,1,2,3,82,4.6,Yes,Yes,74,83,NotPlaced,59,65
1061,8.7,2,3,2,90,4.8,Yes,Yes,79,85,Placed,76,79
1062,7.5,1,1,2,75,3.5,No,Yes,69,67,NotPlaced,22,35
1063,7.6,0,2,2,67,4.0,No,Yes,76,67,NotPlaced,82,83
1064,6.5,1,1,0,80,3.8,No,No,61,65,Placed,38,49
1065,7.7,1,1,1,77,4.1,Yes,Yes,74,61,NotPlaced,59,65
1066,8.6,0,3,2,73,4.2,Yes,No,73,85,Placed,48,56
1067,6.5,0,1,1,82,4.5,No,No,55,71,NotPlaced,45,54
1068,7.6,2,2,2,67,4.7,Yes,No,57,66,NotPlaced,82,83
1069,7.5,2,1,2,80,4.0,No,No,76,75,NotPlaced,57,64
1070,6.5,1,1,1,70,3.8,No,No,55,62,NotPlaced,70,74
1071,7.6,1,2,0,82,4.0,No,No,59,68,NotPlaced,64,69
1072,7.9,0,3,1,86,4.6,Yes,No,77,80,Placed,72,75
1073,6.5,1,1,1,77,3.9,No,Yes,55,70,NotPlaced,66,70
1074,8.3,2,3,2,90,4.7,Yes,Yes,82,83,NotPlaced,45,54
1075,8.1,2,3,2,90,4.8,Yes,Yes,80,88,Placed,79,81
1076,7.5,1,2,2,71,4.1,No,Yes,72,83,Placed,57,64
1077,6.8,1,1,0,85,4.3,No,Yes,77,75,NotPlaced,41,51
1078,7.4,1,1,0,78,3.9,No,No,55,80,NotPlaced,58,64
1079,6.6,1,2,0,77,4.1,No,Yes,55,72,NotPlaced,87,88
1080,8.4,1,2,2,77,4.5,No,Yes,55,85,NotPlaced,77,80
1081,8.8,1,1,2,87,4.4,Yes,Yes,78,81,Placed,59,65
1082,7.8,0,1,0,79,4.1,No,Yes,58,65,Placed,59,65
1083,7.4,0,2,0,86,3.8,No,Yes,78,71,NotPlaced,60,66
1084,7.4,0,1,1,73,4.4,No,No,55,57,NotPlaced,96,94
1085,7.6,1,1,3,79,4.8,No,Yes,70,66,NotPlaced,70,74
1086,8.3,1,3,2,90,4.8,Yes,Yes,86,84,Placed,71,75
1087,8.4,0,3,0,75,4.6,Yes,Yes,73,83,Placed,80,82
1088,7.2,0,1,0,60,3.8,No,No,55,63,NotPlaced,68,72
1089,8.2,2,3,2,86,4.7,Yes,Yes,85,88,Placed,61,66
1090,8.5,2,3,2,90,4.8,Yes,Yes,73,88,Placed,62,67
1091,7.7,1,1,0,70,4.3,No,Yes,78,72,NotPlaced,63,69
1092,8.7,1,2,2,77,4.3,Yes,Yes,79,88,Placed,64,69
1093,8.8,1,3,2,82,4.8,Yes,Yes,77,84,NotPlaced,75,78
1094,8.7,1,2,0,78,4.4,Yes,Yes,71,80,Placed,65,70
1095,8.8,2,3,2,90,4.8,Yes,Yes,72,88,Placed,75,78
1096,8.4,1,3,3,90,4.7,Yes,Yes,78,72,Placed,63,69
1097,8.1,2,3,2,90,4.6,Yes,Yes,82,88,Placed,66,70
1098,7.6,1,2,0,81,4.5,No,Yes,76,84,NotPlaced,35,46
1099,7.4,1,1,0,74,3.8,No,Yes,55,70,NotPlaced,78,80
1100,8.1,0,3,2,90,4.7,Yes,Yes,82,86,Placed,70,74
1101,7.8,1,1,2,81,4.8,Yes,Yes,79,65,Placed,79,81
1102,7.5,0,2,0,78,4.4,No,Yes,62,65,NotPlaced,21,35
1103,8.1,0,2,3,71,4.2,Yes,No,82,74,NotPlaced,96,95
1104,7.4,1,1,1,80,4.5,No,Yes,57,77,NotPlaced,62,68
1105,7.5,0,1,1,67,3.6,No,No,63,72,NotPlaced,81,83
1106,7.7,1,3,2,90,4.7,Yes,Yes,80,84,Placed,49,57
1107,7.6,1,2,2,78,4.4,Yes,Yes,82,74,NotPlaced,74,77
1108,6.5,0,1,0,78,3.9,No,No,64,67,NotPlaced,49,57
1109,7.3,1,1,2,82,4.2,Yes,Yes,72,74,NotPlaced,55,62
1110,8.3,2,3,2,89,4.4,Yes,Yes,66,84,Placed,93,92
1111,7.5,1,1,0,72,3.4,No,No,55,61,NotPlaced,62,67
1112,8.7,2,1,3,73,4.6,Yes,Yes,79,79,Placed,68,72
1113,7.4,1,3,1,87,3.6,No,No,57,61,NotPlaced,78,80
1114,7.8,2,1,0,84,4.2,Yes,Yes,71,65,Placed,72,75
1115,8.0,1,3,2,89,4.8,Yes,Yes,70,81,NotPlaced,67,71
1116,7.3,1,1,1,75,3.7,No,Yes,55,74,NotPlaced,70,74
1117,8.3,0,1,0,79,3.5,No,Yes,70,70,Placed,100,98
1118,7.8,1,1,1,78,4.5,No,Yes,78,66,NotPlaced,64,69
1119,8.2,1,3,2,90,4.8,Yes,Yes,72,85,Placed,68,72
1120,8.4,2,2,2,87,4.7,Yes,Yes,56,85,NotPlaced,80,82
1121,8.5,1,1,0,75,4.5,Yes,Yes,84,68,NotPlaced,81,83
1122,7.4,0,2,1,83,4.5,Yes,Yes,55,68,Placed,82,84
1123,7.2,1,1,1,83,4.4,No,No,59,68,NotPlaced,74,77
1124,6.9,1,2,1,70,4.1,No,No,60,64,NotPlaced,47,56
1125,8.5,0,3,3,87,4.7,Yes,Yes,73,85,NotPlaced,89,89
1126,7.8,2,3,2,90,4.3,Yes,Yes,80,85,Placed,47,56
1127,7.5,0,3,1,84,4.2,No,Yes,56,68,NotPlaced,69,73
1128,6.5,1,1,0,68,4.5,No,No,59,64,NotPlaced,53,60
1129,6.7,0,1,0,60,3.9,No,Yes,55,58,NotPlaced,64,69
1130,7.3,1,2,2,79,4.6,No,No,55,68,Placed,69,73
1131,7.4,1,2,1,63,3.6,Yes,Yes,57,61,NotPlaced,69,73
1132,8.6,2,3,2,90,4.8,Yes,Yes,73,80,Placed,71,75
1133,6.5,1,2,0,84,4.2,No,No,79,65,NotPlaced,89,89
1134,7.7,1,2,0,85,4.3,No,Yes,69,74,NotPlaced,71,75
1135,6.7,1,1,1,67,3.7,No,No,56,64,NotPlaced,61,67
1136,7.4,0,1,1,68,4.1,No,Yes,55,74,NotPlaced,79,81
1137,7.7,1,2,0,88,4.8,Yes,Yes,70,85,Placed,82,84
1138,8.7,2,3,0,86,4.8,Yes,Yes,70,80,Placed,46,55
1139,7.8,2,3,2,90,4.7,Yes,Yes,80,86,Placed,73,77
1140,8.0,2,3,2,90,4.8,Yes,Yes,73,88,NotPlaced,75,78
1141,7.7,2,1,1,79,4.6,Yes,Yes,89,87,Placed,60,66
1142,8.3,1,3,2,87,4.6,Yes,Yes,80,81,NotPlaced,85,86
1143,7.5,1,3,0,86,4.4,Yes,Yes,73,83,Placed,62,68
1144,8.3,2,3,2,81,4.8,Yes,Yes,70,85,Placed,66,71
1145,8.1,1,1,1,71,4.7,Yes,Yes,56,68,NotPlaced,62,67
1146,8.5,0,3,2,90,4.8,Yes,Yes,87,85,Placed,65,70
1147,8.6,2,3,0,85,4.8,Yes,Yes,89,83,Placed,48,56
1148,7.9,1,1,2,90,4.8,Yes,Yes,73,84,NotPlaced,43,52
1149,8.1,1,2,0,85,4.3,Yes,Yes,78,74,Placed,88,89
1150,6.9,1,1,0,71,4.5,No,Yes,55,63,NotPlaced,52,59
1151,6.8,2,3,3,87,4.0,Yes,Yes,78,82,NotPlaced,50,58
1152,7.7,1,1,0,84,4.7,Yes,Yes,71,63,Placed,32,44
1153,6.7,1,3,0,86,4.1,No,No,65,69,NotPlaced,55,62
1154,6.5,1,2,1,76,4.5,Yes,Yes,55,74,NotPlaced,45,54
1155,8.1,2,3,2,85,4.6,Yes,Yes,80,84,Placed,89,89
1156,7.5,0,1,1,78,3.9,No,Yes,55,75,NotPlaced,80,82
1157,8.4,2,3,0,85,4.2,Yes,Yes,60,86,NotPlaced,54,61
1158,6.8,1,1,0,76,4.5,No,No,55,65,Placed,98,97
1159,7.9,1,3,1,84,3.9,Yes,Yes,77,85,NotPlaced,79,81
1160,6.5,1,1,0,71,4.1,No,No,55,66,NotPlaced,60,66
1161,7.8,1,3,0,88,4.8,Yes,Yes,77,87,Placed,27,40
1162,6.5,0,2,1,60,3.5,No,No,55,73,NotPlaced,99,97
1163,7.8,0,1,1,77,4.8,No,Yes,73,67,NotPlaced,44,53
1164,7.8,0,1,0,61,4.0,No,No,56,68,NotPlaced,40,50
1165,6.5,1,1,0,67,3.8,No,Yes,55,71,NotPlaced,80,82
1166,8.3,1,3,2,76,4.8,Yes,Yes,71,87,Placed,100,99
1167,8.3,0,3,1,71,3.4,Yes,Yes,77,71,NotPlaced,85,86
1168,7.6,1,3,1,70,4.5,Yes,Yes,57,68,NotPlaced,73,76
1169,8.0,1,3,2,90,4.8,Yes,Yes,77,83,NotPlaced,73,77
1170,7.5,0,1,0,74,4.1,No,No,55,68,NotPlaced,77,80
1171,6.5,0,1,0,73,4.0,Yes,Yes,68,67,NotPlaced,76,79
1172,8.5,1,3,1,83,4.7,Yes,Yes,55,84,Placed,69,73
1173,7.6,1,1,2,78,4.2,No,No,78,60,NotPlaced,66,71
1174,7.7,2,3,1,85,4.2,Yes,No,83,84,Placed,64,69
1175,7.5,1,1,3,68,3.6,No,No,58,72,NotPlaced,53,60
1176,8.0,2,1,0,83,4.4,No,Yes,75,73,Placed,60,66
1177,8.2,0,1,2,88,4.6,Yes,No,75,58,Placed,39,49
1178,7.3,1,2,1,71,4.8,Yes,Yes,63,64,NotPlaced,63,68
1179,8.8,2,1,2,85,4.8,Yes,Yes,72,84,Placed,50,58
1180,8.1,1,3,2,90,4.8,Yes,Yes,81,83,Placed,48,56
1181,8.1,2,2,2,82,4.7,Yes,Yes,69,82,NotPlaced,67,72
1182,6.5,1,1,0,81,4.3,No,Yes,55,63,NotPlaced,85,86
1183,7.7,1,3,2,74,4.4,Yes,Yes,55,85,NotPlaced,78,81
1184,7.9,2,3,1,90,4.0,Yes,Yes,82,75,Placed,41,51
1185,6.9,0,2,1,76,3.7,No,No,55,64,NotPlaced,50,58
1186,6.8,1,1,3,72,4.3,No,Yes,75,74,NotPlaced,79,81
1187,7.6,1,1,0,71,3.8,No,No,55,70,NotPlaced,50,58
1188,7.7,1,1,0,88,4.7,No,Yes,55,61,NotPlaced,61,67
1189,8.6,2,3,2,90,4.3,Yes,No,78,79,Placed,73,76
1190,8.0,1,3,2,86,4.6,Yes,Yes,87,81,Placed,50,58
1191,6.5,2,3,0,85,4.0,No,No,55,73,NotPlaced,66,71
1192,7.8,1,2,1,70,4.1,No,Yes,55,63,NotPlaced,44,53
1193,7.6,1,1,1,77,4.5,No,No,82,64,NotPlaced,55,62
1194,7.6,1,1,2,73,3.6,No,Yes,62,72,NotPlaced,69,73
1195,8.1,2,3,2,90,4.8,Yes,Yes,84,88,Placed,41,50
1196,6.9,2,1,0,78,4.8,No,Yes,71,83,NotPlaced,71,75
1197,6.8,1,1,0,78,3.7,No,Yes,61,65,Placed,64,69
1198,7.2,1,1,0,69,4.0,No,No,55,67,NotPlaced,73,76
1199,8.4,0,1,0,73,4.4,No,No,61,58,NotPlaced,68,72
1200,8.2,0,3,2,87,4.8,Yes,Yes,73,87,Placed,85,86
1201,6.7,1,1,2,90,4.2,Yes,No,79,88,NotPlaced,66,71
1202,6.9,1,1,2,81,4.5,Yes,Yes,81,68,Placed,58,64
1203,7.5,1,1,1,77,4.5,Yes,Yes,72,86,Placed,66,71
1204,7.7,1,2,1,75,3.8,No,No,55,64,NotPlaced,73,76
1205,7.4,0,2,0,78,4.4,No,Yes,78,69,NotPlaced,65,70
1206,7.2,1,2,1,69,3.1,No,Yes,67,65,NotPlaced,65,70
1207,7.5,1,1,1,66,3.7,No,Yes,69,70,NotPlaced,54,61
1208,8.1,1,1,2,77,4.8,Yes,Yes,73,87,Placed,55,62
1209,7.5,1,2,1,78,4.4,Yes,Yes,64,74,NotPlaced,43,53
1210,8.3,2,3,0,89,4.6,Yes,Yes,86,83,Placed,91,90
1211,7.9,1,2,0,89,4.8,No,Yes,77,66,NotPlaced,46,55
1212,8.1,1,2,1,72,4.2,No,Yes,71,85,NotPlaced,54,61
1213,8.2,1,3,2,90,4.8,Yes,Yes,85,86,Placed,54,61
1214,7.4,0,1,0,75,3.8,No,No,79,62,NotPlaced,78,80
1215,7.7,1,2,0,73,4.3,No,Yes,55,70,NotPlaced,60,66
1216,6.9,1,3,2,82,3.5,Yes,Yes,59,60,Placed,83,84
1217,7.6,2,2,0,89,3.8,Yes,No,81,65,NotPlaced,54,61
1218,7.5,1,2,0,75,3.7,Yes,Yes,67,70,NotPlaced,69,73
1219,8.7,0,1,3,72,4.8,Yes,Yes,85,68,Placed,52,59
1220,7.7,2,1,1,64,4.2,No,Yes,55,78,NotPlaced,97,95
1221,8.3,1,2,0,74,4.7,Yes,Yes,88,65,Placed,47,55
1222,7.5,1,1,1,76,3.9,No,No,55,66,NotPlaced,69,73
1223,6.9,1,3,2,86,4.4,Yes,Yes,79,70,Placed,74,77
1224,8.0,1,2,0,79,4.4,No,No,84,77,NotPlaced,71,74
1225,8.3,2,3,0,90,4.6,Yes,Yes,78,70,Placed,62,67
1226,7.6,1,1,1,70,3.6,Yes,Yes,55,74,Placed,63,68
1227,8.9,2,1,2,90,3.7,Yes,Yes,62,69,Placed,65,70
1228,7.5,1,3,0,82,4.5,Yes,Yes,74,80,Placed,62,68
1229,8.3,1,2,0,79,4.3,No,Yes,79,84,Placed,79,81
1230,6.7,1,2,0,71,3.8,Yes,Yes,73,74,NotPlaced,98,96
1231,6.5,1,1,0,75,4.5,No,No,59,66,NotPlaced,56,63
1232,7.7,0,3,2,90,4.8,Yes,Yes,76,84,Placed,44,53
1233,7.0,0,1,2,72,4.0,Yes,Yes,56,62,NotPlaced,63,68
1234,8.6,2,3,2,90,4.8,Yes,No,74,81,Placed,100,100
1235,7.6,1,2,1,82,4.7,Yes,Yes,86,65,NotPlaced,52,60
1236,8.5,1,1,1,81,4.7,Yes,Yes,77,59,Placed,89,89
1237,8.4,0,3,2,74,4.5,Yes,Yes,81,68,Placed,90,90
1238,8.8,1,3,2,74,4.3,Yes,Yes,71,79,Placed,56,63
1239,8.4,1,3,2,87,4.8,No,Yes,77,84,Placed,73,76
1240,7.4,1,1,0,78,4.5,Yes,Yes,70,78,Placed,89,89
1241,8.2,1,3,2,90,4.4,Yes,Yes,85,84,Placed,59,65
1242,7.1,1,1,0,76,3.9,No,No,57,70,NotPlaced,61,67
1243,8.3,0,1,2,90,4.8,Yes,Yes,81,82,Placed,56,63
1244,8.4,0,2,1,82,4.7,Yes,Yes,57,75,NotPlaced,49,57
1245,6.5,0,2,0,78,4.3,Yes,Yes,55,69,NotPlaced,55,62
1246,7.2,1,1,1,90,4.5,No,Yes,81,71,NotPlaced,46,55
1247,8.4,2,2,2,79,4.7,Yes,Yes,76,80,Placed,65,70
1248,7.7,1,3,2,90,4.8,Yes,Yes,79,88,Placed,53,60
1249,7.3,0,2,0,69,3.8,No,Yes,55,63,NotPlaced,68,72
1250,6.5,1,1,1,62,4.1,No,Yes,60,64,NotPlaced,41,51
1251,8.3,1,1,0,75,4.0,No,No,55,68,NotPlaced,69,73
1252,7.2,0,1,0,79,3.8,No,Yes,81,70,NotPlaced,77,80
1253,8.2,2,3,2,90,4.8,Yes,Yes,81,88,Placed,35,46
1254,7.4,1,1,1,80,4.3,No,No,84,67,NotPlaced,70,74
1255,8.4,1,3,2,90,4.8,Yes,Yes,80,87,Placed,83,84
1256,7.6,1,3,0,83,4.3,Yes,Yes,81,81,Placed,46,55
1257,7.6,1,1,1,77,4.1,No,Yes,64,70,NotPlaced,90,90
1258,7.5,2,2,3,70,4.2,Yes,Yes,71,67,Placed,71,75
1259,8.1,2,3,2,86,4.8,Yes,Yes,75,86,Placed,54,61
1260,7.6,1,2,1,76,4.3,Yes,Yes,74,82,Placed,64,69
1261,8.3,2,3,2,81,4.7,Yes,No,89,85,Placed,73,76
1262,7.7,2,3,2,90,4.8,Yes,Yes,70,86,NotPlaced,66,70
1263,7.4,1,2,2,83,4.4,Yes,Yes,56,64,Placed,73,76
1264,8.5,1,2,2,78,4.8,Yes,Yes,57,70,NotPlaced,51,58
1265,8.4,1,1,1,69,4.1,Yes,Yes,63,60,NotPlaced,67,72
1266,8.6,1,3,1,90,4.8,Yes,Yes,72,83,NotPlaced,43,53
1267,7.9,0,2,2,85,4.0,Yes,Yes,85,88,Placed,63,68
1268,7.6,1,1,1,84,4.5,No,Yes,58,77,NotPlaced,51,59
1269,7.5,1,2,0,80,4.0,Yes,Yes,58,82,NotPlaced,53,61
1270,8.0,2,3,1,85,4.8,Yes,Yes,72,82,NotPlaced,83,84
1271,8.2,0,1,2,86,4.4,Yes,No,79,72,Placed,81,83
1272,7.5,1,1,0,68,4.1,Yes,Yes,55,67,NotPlaced,74,77
1273,8.6,0,3,2,85,4.6,No,Yes,55,78,Placed,48,56
1274,8.1,1,1,2,72,4.1,Yes,No,64,65,NotPlaced,60,66
1275,8.1,2,3,2,90,4.8,Yes,Yes,78,83,Placed,83,84
1276,8.5,2,3,0,90,4.8,Yes,Yes,73,88,Placed,67,71
1277,8.6,2,2,2,90,4.8,Yes,Yes,72,88,Placed,99,97
1278,6.5,1,3,2,89,4.6,No,Yes,81,71,NotPlaced,70,74
1279,6.5,0,1,0,61,3.7,No,No,67,71,NotPlaced,67,72
1280,7.7,0,1,0,63,4.0,Yes,No,67,63,Placed,60,66
1281,8.2,1,1,1,80,4.3,No,No,75,64,NotPlaced,67,71
1282,7.7,1,3,0,81,4.1,Yes,Yes,77,68,Placed,62,68
1283,8.2,0,1,1,80,4.8,Yes,Yes,55,85,Placed,75,78
1284,8.5,2,3,2,90,4.1,Yes,Yes,74,81,Placed,79,81
1285,8.6,0,3,2,89,4.3,Yes,Yes,83,68,Placed,53,60
1286,7.4,1,2,1,70,3.8,No,Yes,55,73,NotPlaced,45,54
1287,8.5,2,3,0,90,4.7,Yes,Yes,84,88,Placed,37,47
1288,8.2,1,2,0,82,3.9,Yes,Yes,75,86,NotPlaced,72,76
1289,7.8,2,3,0,83,4.6,Yes,Yes,79,69,Placed,48,56
1290,7.0,0,2,1,67,3.8,Yes,No,75,67,NotPlaced,32,44
1291,7.4,1,2,2,80,4.2,Yes,Yes,73,66,Placed,70,74
1292,7.5,1,3,0,77,4.5,Yes,No,82,64,NotPlaced,100,99
1293,8.0,0,3,2,90,4.8,Yes,Yes,81,83,Placed,64,69
1294,8.2,0,3,2,82,4.7,No,Yes,81,82,Placed,77,80
1295,7.6,1,1,1,66,4.5,No,Yes,55,68,NotPlaced,66,70
1296,6.5,2,1,0,67,3.7,No,No,55,67,NotPlaced,63,68
1297,6.8,2,2,2,78,4.3,Yes,Yes,78,86,Placed,78,81
1298,7.6,0,2,0,80,4.0,Yes,Yes,57,83,NotPlaced,60,66
1299,7.5,1,1,0,78,4.0,No,No,55,71,NotPlaced,69,73
1300,7.3,1,2,0,79,4.6,No,Yes,55,72,NotPlaced,69,73
1301,8.3,2,3,2,80,4.2,Yes,Yes,76,87,Placed,54,61
1302,7.3,1,2,1,61,4.5,No,Yes,55,84,NotPlaced,79,81
1303,8.5,1,3,2,88,4.8,Yes,Yes,72,83,Placed,62,67
1304,8.6,1,3,2,90,4.6,Yes,Yes,85,84,Placed,53,60
1305,8.6,1,3,2,79,4.5,Yes,Yes,68,82,Placed,73,76
1306,8.2,1,3,2,90,4.8,Yes,Yes,64,87,NotPlaced,51,59
1307,8.1,1,2,2,86,4.4,Yes,Yes,81,86,Placed,65,70
1308,7.0,1,1,2,70,4.8,Yes,Yes,70,88,NotPlaced,64,69
1309,8.2,2,2,0,85,4.1,No,Yes,84,84,Placed,81,83
1310,6.6,0,1,2,72,4.1,No,Yes,84,70,NotPlaced,72,75
1311,6.6,1,1,0,73,3.9,No,No,63,62,NotPlaced,64,69
1312,8.6,2,3,2,89,4.8,Yes,Yes,73,87,Placed,77,79
1313,7.7,1,2,1,67,3.8,No,Yes,75,60,NotPlaced,85,86
1314,7.6,0,3,1,90,4.6,Yes,Yes,80,72,Placed,73,76
1315,7.4,1,2,0,90,4.7,Yes,Yes,77,84,Placed,65,70
1316,7.3,0,1,0,78,4.2,Yes,Yes,60,66,NotPlaced,45,54
1317,6.5,1,2,0,76,4.4,No,No,55,59,NotPlaced,49,57
1318,7.2,0,2,0,77,4.6,No,No,61,71,NotPlaced,60,66
1319,7.5,0,1,0,72,4.3,Yes,Yes,60,61,NotPlaced,55,62
1320,7.9,1,3,0,89,4.5,Yes,Yes,59,84,Placed,62,67
1321,8.7,1,3,2,90,4.8,Yes,Yes,79,88,NotPlaced,65,70
1322,7.9,2,3,2,80,4.6,Yes,No,77,69,NotPlaced,72,76
1323,6.8,0,1,1,61,3.5,Yes,Yes,57,62,NotPlaced,63,69
1324,8.2,0,3,3,90,4.6,Yes,Yes,75,84,Placed,72,75
1325,8.5,1,1,2,85,4.7,Yes,Yes,80,77,Placed,65,70
1326,6.6,1,1,1,76,4.5,No,No,65,63,Placed,35,46
1327,6.6,1,1,0,70,3.3,No,Yes,60,68,NotPlaced,50,58
1328,6.5,1,1,1,67,3.6,No,No,58,67,NotPlaced,62,68
1329,7.6,1,2,1,86,4.8,Yes,Yes,55,68,NotPlaced,46,55
1330,7.6,2,2,2,74,3.8,Yes,Yes,75,84,NotPlaced,73,77
1331,7.5,0,1,0,60,3.7,No,No,55,67,NotPlaced,87,88
1332,8.0,1,3,2,90,4.8,Yes,Yes,75,82,Placed,83,84
1333,8.8,2,3,2,90,4.8,Yes,Yes,77,85,Placed,61,67
1334,7.5,0,1,0,80,4.5,No,No,58,67,NotPlaced,87,87
1335,7.3,2,1,1,80,4.6,No,Yes,74,75,NotPlaced,67,71
1336,8.0,2,3,1,90,4.3,Yes,Yes,79,73,Placed,59,65
1337,7.6,1,1,0,74,4.6,Yes,Yes,76,64,NotPlaced,55,62
1338,7.5,2,3,1,90,4.4,No,Yes,81,81,NotPlaced,60,66
1339,6.5,1,1,0,67,4.6,No,Yes,55,74,NotPlaced,59,65
1340,7.6,0,1,0,78,4.3,No,Yes,71,64,NotPlaced,67,72
1341,8.2,0,1,0,90,4.7,No,Yes,67,86,NotPlaced,67,71
1342,7.4,0,3,2,80,4.4,Yes,Yes,79,67,NotPlaced,65,70
1343,8.4,1,3,2,90,4.1,Yes,Yes,77,82,Placed,71,75
1344,8.7,2,2,2,90,4.8,Yes,Yes,80,85,Placed,82,84
1345,8.2,2,3,2,90,4.8,Yes,Yes,82,88,Placed,79,81
1346,8.3,1,3,0,90,4.1,Yes,Yes,82,81,Placed,42,52
1347,7.8,1,2,1,78,4.4,No,Yes,70,78,NotPlaced,26,39
1348,8.1,0,2,0,73,4.5,No,Yes,55,67,NotPlaced,79,81
1349,6.6,2,2,0,85,3.7,Yes,Yes,58,72,Placed,44,53
1350,7.6,2,2,0,86,4.0,Yes,Yes,55,67,Placed,61,67
1351,8.6,0,3,2,90,4.8,Yes,Yes,81,82,Placed,47,55
1352,8.4,2,3,2,85,4.5,No,Yes,86,81,Placed,37,48
1353,8.1,2,3,2,89,4.6,Yes,No,79,88,Placed,73,76
1354,8.1,1,3,1,82,4.8,Yes,Yes,82,82,Placed,76,79
1355,7.7,0,1,0,78,4.3,Yes,No,55,68,NotPlaced,56,63
1356,6.9,1,1,0,68,4.7,Yes,Yes,60,63,NotPlaced,26,38
1357,7.8,1,1,2,79,4.7,No,No,55,65,NotPlaced,56,63
1358,7.6,1,1,1,75,3.9,No,Yes,62,70,NotPlaced,70,74
1359,8.4,1,3,2,90,4.8,Yes,Yes,69,82,Placed,42,52
1360,6.7,1,1,1,69,3.5,No,No,63,72,NotPlaced,67,72
1361,7.3,1,2,0,76,4.5,No,Yes,60,68,NotPlaced,64,69
1362,8.8,0,2,1,73,4.8,Yes,No,81,83,NotPlaced,73,76
1363,7.6,1,2,0,78,4.4,No,No,80,79,NotPlaced,66,71
1364,8.3,2,3,2,85,4.7,Yes,Yes,72,85,NotPlaced,50,58
1365,8.4,1,1,2,82,4.8,Yes,Yes,63,67,Placed,82,84
1366,6.7,2,0,0,75,4.0,Yes,Yes,55,69,Placed,62,68
1367,7.6,1,2,0,79,4.1,No,Yes,55,72,NotPlaced,64,69
1368,7.5,1,2,2,77,4.1,No,Yes,66,83,Placed,51,58
1369,7.9,2,3,2,75,3.9,Yes,Yes,75,68,Placed,58,64
1370,7.9,2,3,2,85,4.4,Yes,Yes,77,82,Placed,51,59
1371,8.1,2,3,2,83,4.4,Yes,Yes,90,81,Placed,62,67
1372,8.1,0,3,0,90,4.7,Yes,No,83,84,Placed,90,90
1373,7.5,2,1,1,60,3.2,No,Yes,55,67,NotPlaced,44,53
1374,8.2,0,1,1,79,4.3,Yes,Yes,57,68,NotPlaced,40,50
1375,7.5,1,2,2,86,3.6,No,No,74,86,Placed,87,87
1376,6.7,1,2,3,69,4.6,Yes,No,72,69,NotPlaced,61,67
1377,6.8,1,2,0,75,4.3,No,Yes,55,67,NotPlaced,54,61
1378,7.8,0,2,0,74,4.7,Yes,Yes,77,81,Placed,80,82
1379,8.5,1,1,2,85,4.8,Yes,Yes,73,84,Placed,55,62
1380,7.5,1,1,1,84,4.3,No,Yes,55,67,NotPlaced,92,91
1381,8.3,2,3,2,90,4.8,Yes,Yes,78,66,Placed,75,78
1382,8.7,1,2,2,90,4.8,Yes,Yes,73,87,Placed,57,64
1383,8.4,1,1,0,80,3.7,Yes,Yes,55,81,NotPlaced,97,95
1384,8.4,2,3,0,74,3.6,Yes,Yes,64,69,NotPlaced,55,62
1385,8.3,1,2,0,73,3.6,No,Yes,57,71,NotPlaced,76,78
1386,7.5,0,1,1,83,3.9,No,No,61,66,NotPlaced,69,73
1387,7.9,1,1,0,61,4.4,Yes,Yes,55,67,NotPlaced,84,85
1388,8.0,2,2,2,90,4.8,Yes,Yes,90,84,Placed,88,88
1389,7.8,1,3,2,89,4.6,Yes,Yes,72,81,Placed,65,70
1390,6.5,0,1,1,68,4.1,No,Yes,55,68,NotPlaced,53,60
1391,7.9,0,3,0,75,3.6,Yes,Yes,62,70,Placed,71,75
1392,7.7,0,1,0,71,4.2,No,No,60,71,NotPlaced,54,61
1393,7.9,1,3,0,81,4.8,Yes,Yes,69,82,Placed,95,94
1394,7.6,1,2,0,75,4.8,No,No,61,69,NotPlaced,67,71
1395,6.7,1,1,0,73,3.8,No,Yes,55,64,NotPlaced,59,65
1396,8.0,1,3,1,89,4.5,Yes,Yes,82,83,Placed,67,72
1397,8.3,0,3,2,89,4.5,Yes,Yes,85,84,Placed,44,53
1398,7.6,1,1,2,67,4.0,No,Yes,57,61,NotPlaced,50,58
1399,6.5,1,2,1,81,3.9,No,Yes,75,82,NotPlaced,83,84
1400,8.2,1,1,3,77,3.6,Yes,Yes,58,72,Placed,55,62
1401,8.4,2,3,2,90,4.8,Yes,Yes,79,85,Placed,49,57
1402,8.4,1,2,2,86,4.5,Yes,Yes,86,79,Placed,73,76
1403,7.6,1,2,0,83,4.6,No,No,70,68,NotPlaced,82,84
1404,7.4,1,2,1,74,3.7,No,Yes,55,65,NotPlaced,75,78
1405,7.6,1,1,0,84,4.1,No,No,55,86,NotPlaced,79,81
1406,7.5,0,1,0,64,4.3,No,No,69,69,NotPlaced,53,60
1407,7.4,1,1,0,66,4.1,No,No,55,58,NotPlaced,43,52
1408,6.5,2,1,1,64,3.8,No,No,61,60,NotPlaced,87,88
1409,7.8,1,3,1,87,4.5,Yes,Yes,69,82,Placed,60,66
1410,8.0,1,3,1,75,4.5,Yes,Yes,73,71,Placed,61,66
1411,7.9,1,3,0,82,4.6,Yes,Yes,76,82,Placed,84,85
1412,7.0,1,1,1,70,4.0,No,Yes,56,65,NotPlaced,73,76
1413,7.4,1,1,3,61,4.0,No,No,55,70,NotPlaced,71,75
1414,7.7,1,1,0,80,4.3,No,Yes,77,68,Placed,97,95
1415,8.4,2,3,2,90,4.7,Yes,Yes,75,87,Placed,55,62
1416,8.2,1,2,0,73,4.5,Yes,Yes,69,73,NotPlaced,78,81
1417,7.5,1,1,3,77,4.1,No,Yes,83,69,NotPlaced,65,70
1418,7.6,0,1,0,71,3.9,No,No,55,63,NotPlaced,69,73
1419,8.8,2,3,0,86,4.5,Yes,Yes,70,83,NotPlaced,87,88
1420,6.9,0,1,0,69,3.4,No,No,55,66,NotPlaced,72,76
1421,7.7,1,1,0,67,4.0,Yes,No,64,61,NotPlaced,73,76
1422,8.1,2,2,3,76,4.1,Yes,Yes,55,88,NotPlaced,81,82
1423,6.5,0,1,0,66,3.4,No,No,55,66,NotPlaced,59,65
1424,8.3,0,3,1,84,4.8,Yes,Yes,55,88,Placed,52,59
1425,8.0,1,3,2,90,4.8,Yes,Yes,86,85,Placed,49,57
1426,7.5,1,2,1,83,4.6,No,Yes,62,69,NotPlaced,35,46
1427,7.0,1,2,1,77,4.3,Yes,Yes,69,61,Placed,95,94
1428,8.2,1,3,2,90,4.5,Yes,Yes,75,85,Placed,48,56
1429,7.4,1,2,1,72,4.4,No,Yes,55,70,NotPlaced,61,67
1430,7.5,1,3,0,82,4.7,Yes,Yes,72,88,NotPlaced,60,66
1431,7.8,1,1,1,83,3.7,Yes,No,74,62,NotPlaced,69,73
1432,6.9,1,3,1,72,4.7,Yes,Yes,75,74,Placed,77,79
1433,8.6,1,3,0,88,4.8,Yes,Yes,89,82,NotPlaced,77,80
1434,7.8,1,1,1,83,4.8,Yes,Yes,62,64,Placed,56,63
1435,8.5,1,3,0,74,4.0,Yes,Yes,80,58,NotPlaced,62,67
1436,7.1,1,2,0,71,4.8,Yes,No,61,61,NotPlaced,69,73
1437,7.0,1,1,0,69,3.7,No,No,61,69,NotPlaced,61,67
1438,8.8,2,3,2,90,4.8,Yes,Yes,83,67,Placed,89,89
1439,7.6,0,2,0,79,4.3,No,No,55,63,Placed,72,75
1440,7.5,0,2,2,78,4.0,No,Yes,64,75,NotPlaced,76,78
1441,8.0,2,3,2,90,4.8,Yes,Yes,83,87,Placed,74,77
1442,6.6,1,2,0,81,4.8,Yes,Yes,70,85,NotPlaced,82,84
1443,7.3,2,3,2,90,4.6,Yes,Yes,80,87,Placed,67,72
1444,6.6,1,1,1,68,4.0,No,No,69,62,NotPlaced,45,54
1445,8.1,1,3,2,90,4.8,Yes,Yes,77,87,Placed,70,74
1446,8.1,2,3,1,67,4.4,Yes,Yes,59,82,NotPlaced,55,62
1447,7.7,1,1,0,74,4.3,Yes,Yes,82,64,NotPlaced,57,63
1448,7.6,1,1,0,68,4.3,No,Yes,66,68,NotPlaced,73,77
1449,8.2,0,3,1,78,4.2,No,No,76,78,NotPlaced,83,84
1450,7.3,1,2,3,90,4.4,No,Yes,64,83,Placed,65,70
1451,6.9,0,3,0,81,4.2,No,Yes,83,85,Placed,69,73
1452,7.5,1,2,0,80,4.1,Yes,Yes,55,82,Placed,90,90
1453,8.2,2,3,1,90,4.8,Yes,Yes,73,68,Placed,68,72
1454,7.0,1,2,1,75,4.7,Yes,Yes,55,70,NotPlaced,100,100
1455,8.3,1,3,1,86,4.3,Yes,Yes,65,84,Placed,73,76
1456,7.4,2,1,0,79,4.8,No,Yes,60,68,NotPlaced,38,48
1457,8.3,1,1,1,70,4.8,Yes,Yes,64,86,NotPlaced,76,79
1458,8.2,2,3,2,90,4.5,Yes,Yes,83,82,Placed,70,74
1459,7.5,1,1,0,65,3.5,No,Yes,55,73,NotPlaced,84,85
1460,8.7,2,3,2,90,4.8,Yes,Yes,88,87,Placed,75,78
1461,7.1,2,2,0,81,4.4,Yes,Yes,64,64,Placed,62,68
1462,6.5,1,1,1,83,4.1,No,Yes,81,66,Placed,46,55
1463,8.2,2,3,2,90,4.8,Yes,Yes,75,85,NotPlaced,61,67
1464,7.5,1,2,1,71,4.3,No,Yes,62,74,NotPlaced,52,59
1465,7.6,1,1,0,75,3.9,Yes,Yes,80,75,NotPlaced,56,63
1466,8.4,1,3,0,84,4.4,Yes,Yes,81,69,Placed,73,77
1467,7.2,0,2,1,77,4.6,Yes,Yes,55,63,NotPlaced,90,90
1468,6.6,1,1,1,71,4.2,Yes,Yes,55,71,NotPlaced,70,74
1469,8.5,0,3,2,84,4.1,Yes,Yes,84,84,NotPlaced,47,55
1470,6.8,1,2,1,76,3.8,No,Yes,59,69,NotPlaced,71,75
1471,8.4,0,1,0,80,4.5,No,No,77,72,Placed,82,84
1472,8.2,1,2,1,83,4.7,No,Yes,71,72,Placed,55,62
1473,8.5,2,2,0,88,4.8,Yes,No,82,77,NotPlaced,62,68
1474,8.4,2,3,2,90,4.8,Yes,Yes,71,85,NotPlaced,65,70
1475,7.8,2,3,2,90,4.8,Yes,Yes,84,86,Placed,53,60
1476,7.6,1,3,0,82,4.3,No,Yes,73,87,NotPlaced,74,77
1477,8.2,1,3,2,90,4.5,Yes,Yes,73,87,Placed,63,68
1478,7.4,1,2,0,76,4.2,Yes,Yes,75,65,NotPlaced,71,75
1479,6.5,1,2,0,70,3.8,No,Yes,59,66,NotPlaced,51,59
1480,7.6,0,1,0,65,3.4,No,No,59,72,NotPlaced,58,64
1481,7.5,0,2,0,78,3.5,No,Yes,83,60,NotPlaced,75,78
1482,8.0,2,3,2,90,4.8,Yes,Yes,79,78,Placed,59,65
1483,8.2,0,1,1,73,4.5,Yes,No,58,65,Placed,90,90
1484,8.3,1,3,2,90,4.8,Yes,Yes,70,82,Placed,59,65
1485,7.0,0,3,0,80,3.9,No,Yes,59,64,Placed,68,72
1486,7.9,0,2,0,83,4.0,No,Yes,62,69,NotPlaced,78,81
1487,8.5,1,3,2,90,4.8,Yes,Yes,76,85,Placed,43,52
1488,7.9,2,1,1,81,4.8,Yes,No,55,63,Placed,38,48
1489,8.3,0,3,0,76,3.9,No,No,57,61,NotPlaced,42,51
1490,7.6,1,2,0,74,4.2,Yes,Yes,55,81,NotPlaced,83,85
1491,7.1,1,2,1,80,4.7,No,Yes,57,74,Placed,56,63
1492,7.8,1,2,0,76,4.4,Yes,Yes,80,63,NotPlaced,100,100
1493,7.5,1,3,1,72,4.5,Yes,Yes,79,83,Placed,56,63
1494,7.6,2,3,3,72,4.0,Yes,No,74,77,NotPlaced,67,72
1495,6.5,1,1,1,70,3.9,No,No,55,62,NotPlaced,88,88
1496,8.0,2,1,2,88,4.0,Yes,Yes,80,87,NotPlaced,95,94
1497,6.5,0,2,0,71,4.1,No,Yes,55,86,NotPlaced,95,94
1498,6.7,1,1,1,65,3.8,No,No,55,62,NotPlaced,83,84
1499,9.0,1,3,2,90,4.8,Yes,No,80,88,NotPlaced,80,82
1500,7.6,0,3,0,77,4.8,Yes,Yes,73,74,Placed,73,77
1501,7.4,2,2,2,90,4.1,Yes,No,81,85,Placed,76,79
1502,7.9,0,1,0,70,3.7,No,Yes,62,65,NotPlaced,56,63
1503,8.3,1,3,2,86,4.8,Yes,Yes,67,81,NotPlaced,52,60
1504,7.3,0,1,1,80,4.1,No,No,55,70,NotPlaced,64,69
1505,7.9,1,3,2,85,4.6,Yes,Yes,71,88,Placed,62,67
1506,6.9,0,3,0,76,3.8,No,Yes,81,73,NotPlaced,58,64
1507,6.5,0,1,0,75,3.7,No,Yes,63,67,NotPlaced,75,78
1508,7.7,2,1,0,78,4.3,Yes,Yes,75,68,NotPlaced,79,81
1509,7.6,2,1,1,66,3.4,No,No,56,74,NotPlaced,66,71
1510,8.2,1,3,1,80,4.0,No,Yes,58,63,NotPlaced,87,87
1511,7.8,1,1,0,74,4.5,Yes,No,82,69,Placed,47,56
1512,7.5,1,2,1,77,4.4,Yes,Yes,83,71,Placed,62,67
1513,8.6,0,3,1,77,4.8,Yes,Yes,82,83,NotPlaced,54,61
1514,8.3,2,3,2,90,4.8,Yes,Yes,82,86,Placed,37,47
1515,7.5,1,1,0,65,3.8,No,Yes,55,74,NotPlaced,63,69
1516,7.6,1,1,1,72,4.2,Yes,Yes,57,67,NotPlaced,63,68
1517,8.9,1,1,0,70,4.7,Yes,Yes,76,82,NotPlaced,87,88
1518,7.8,1,3,0,82,3.7,Yes,No,75,63,NotPlaced,74,77
1519,8.0,2,3,2,90,4.8,Yes,Yes,90,87,Placed,49,57
1520,7.8,1,1,0,74,4.1,No,No,60,61,NotPlaced,92,92
1521,7.9,1,1,0,82,3.7,No,No,55,72,NotPlaced,83,84
1522,7.4,1,1,1,71,4.1,No,Yes,55,66,NotPlaced,73,76
1523,7.7,1,2,1,78,4.6,No,Yes,55,60,NotPlaced,61,67
1524,7.4,1,1,0,75,4.3,No,No,55,61,NotPlaced,50,58
1525,8.2,0,1,2,90,4.7,No,Yes,73,68,Placed,59,65
1526,8.7,1,1,2,81,4.1,Yes,Yes,72,68,NotPlaced,81,83
1527,7.8,2,3,2,90,4.8,Yes,Yes,90,78,Placed,93,92
1528,7.5,1,2,0,73,4.7,Yes,Yes,55,70,Placed,88,88
1529,8.3,1,3,2,80,4.1,Yes,Yes,76,83,Placed,57,64
1530,8.3,1,3,0,82,4.7,Yes,Yes,83,82,NotPlaced,48,56
1531,7.5,1,1,1,74,4.0,No,No,55,70,NotPlaced,67,71
1532,7.6,1,2,2,81,3.8,Yes,No,84,86,Placed,38,48
1533,8.0,2,3,2,90,4.1,Yes,No,88,79,NotPlaced,69,73
1534,7.2,2,1,0,77,4.4,Yes,Yes,61,61,Placed,62,68
1535,8.1,1,1,0,69,3.8,No,No,56,62,NotPlaced,58,64
1536,8.2,2,3,1,78,4.4,Yes,Yes,67,85,NotPlaced,41,50
1537,7.7,2,3,2,82,4.8,Yes,Yes,80,83,Placed,72,76
1538,7.8,2,2,0,69,3.7,No,No,70,67,NotPlaced,57,63
1539,6.7,0,1,0,66,3.7,No,Yes,55,66,Placed,47,55
1540,7.5,1,2,1,78,4.8,No,Yes,55,62,NotPlaced,21,35
1541,6.5,0,1,0,78,3.5,No,Yes,55,67,NotPlaced,64,69
1542,7.6,1,1,2,81,4.2,Yes,Yes,86,81,NotPlaced,91,91
1543,6.7,1,1,0,74,4.1,No,Yes,55,68,NotPlaced,89,89
1544,8.1,2,3,0,84,4.8,Yes,Yes,71,88,Placed,58,64
1545,8.1,1,3,1,74,4.6,Yes,No,82,85,NotPlaced,55,62
1546,7.8,2,3,2,90,4.8,Yes,No,82,79,Placed,72,75
1547,7.3,1,1,1,84,3.9,No,No,55,62,NotPlaced,50,58
1548,8.1,2,3,1,90,4.5,Yes,Yes,81,86,Placed,69,73
1549,8.3,1,1,1,90,4.8,Yes,Yes,84,88,Placed,76,79
1550,8.6,1,3,2,86,4.5,Yes,Yes,79,88,Placed,83,84
1551,7.5,2,3,2,88,4.8,Yes,Yes,72,81,NotPlaced,63,68
1552,7.7,1,2,2,81,4.0,No,Yes,57,67,Placed,61,67
1553,6.5,1,1,1,67,3.7,No,Yes,55,66,NotPlaced,51,59
1554,8.2,2,3,2,81,4.8,Yes,No,80,79,Placed,52,60
1555,7.6,2,2,1,77,4.1,No,No,69,75,NotPlaced,61,67
1556,7.8,2,3,1,79,4.6,No,No,55,68,NotPlaced,70,74
1557,7.4,0,2,1,76,4.1,No,No,60,69,NotPlaced,78,80
1558,6.7,1,1,1,60,4.3,No,No,59,63,NotPlaced,52,60
1559,8.3,1,3,2,88,4.4,Yes,Yes,79,85,Placed,87,87
1560,8.3,2,3,0,90,4.7,Yes,Yes,65,69,Placed,60,66
1561,7.5,1,1,1,77,3.9,Yes,Yes,58,71,NotPlaced,64,69
1562,7.6,1,2,1,87,3.8,Yes,Yes,61,85,NotPlaced,53,61
1563,7.5,1,1,1,87,4.2,No,Yes,56,67,NotPlaced,28,40
1564,7.5,1,1,1,60,3.5,No,Yes,58,66,NotPlaced,78,80
1565,7.4,1,2,0,82,4.6,Yes,Yes,70,88,NotPlaced,76,78
1566,7.6,1,1,0,74,4.6,Yes,Yes,55,61,NotPlaced,60,66
1567,7.7,1,1,1,72,4.4,No,No,57,65,NotPlaced,66,70
1568,8.1,1,1,0,80,4.5,No,No,79,72,NotPlaced,72,76
1569,7.7,1,3,0,85,4.8,Yes,Yes,80,68,Placed,41,51
1570,8.4,2,3,2,90,4.8,Yes,Yes,79,88,Placed,57,63
1571,7.4,1,1,0,81,4.0,No,Yes,57,64,NotPlaced,76,79
1572,8.9,2,3,2,90,4.8,Yes,Yes,72,86,Placed,46,54
1573,8.5,1,2,1,73,4.2,Yes,Yes,76,88,NotPlaced,69,73
1574,8.2,2,3,2,90,4.8,Yes,No,69,73,Placed,44,53
1575,7.5,2,3,2,79,4.1,Yes,Yes,75,70,Placed,71,75
1576,7.6,1,3,2,84,4.4,Yes,Yes,82,85,Placed,64,69
1577,7.6,1,1,1,62,4.2,No,No,80,65,NotPlaced,40,50
1578,8.1,0,3,0,90,4.8,Yes,Yes,84,88,Placed,82,83
1579,8.8,0,3,0,90,4.1,Yes,Yes,73,85,Placed,53,61
1580,6.6,1,3,1,75,3.9,Yes,Yes,71,70,NotPlaced,52,60
1581,7.5,1,1,1,78,4.2,No,Yes,59,72,NotPlaced,68,72
1582,8.4,1,1,2,81,4.8,Yes,No,84,80,Placed,82,83
1583,7.5,2,3,0,69,3.9,Yes,Yes,76,86,NotPlaced,49,57
1584,8.5,1,3,2,90,4.7,Yes,Yes,86,87,Placed,65,70
1585,7.5,0,3,0,83,3.9,Yes,Yes,63,71,NotPlaced,71,75
1586,8.2,1,2,0,81,4.0,Yes,Yes,57,68,NotPlaced,75,78
1587,7.7,1,1,0,74,4.0,Yes,Yes,79,87,Placed,67,72
1588,6.6,1,1,0,63,3.3,No,No,62,67,NotPlaced,59,65
1589,7.7,1,1,1,69,4.2,No,No,55,63,NotPlaced,52,60
1590,7.6,1,3,0,83,4.1,Yes,Yes,57,67,NotPlaced,66,71
1591,8.2,1,3,0,84,4.6,Yes,Yes,86,81,Placed,48,57
1592,7.7,1,2,0,73,4.8,No,Yes,59,65,NotPlaced,21,34
1593,9.0,1,3,2,78,4.8,Yes,Yes,79,85,Placed,71,75
1594,7.5,0,3,0,78,4.2,No,Yes,79,69,Placed,78,80
1595,7.9,1,3,2,84,4.8,Yes,No,71,84,Placed,29,41
1596,7.4,2,3,3,86,4.2,Yes,Yes,60,75,NotPlaced,49,57
1597,7.3,1,2,1,69,4.3,Yes,No,55,72,NotPlaced,74,77
1598,7.0,1,1,0,60,3.3,No,Yes,55,66,NotPlaced,95,94
1599,8.4,2,3,2,90,4.5,Yes,Yes,81,85,Placed,65,70
1600,6.8,1,1,1,60,4.4,No,Yes,62,66,NotPlaced,54,61
1601,8.2,1,3,0,88,4.8,No,Yes,77,88,Placed,62,67
1602,6.6,0,2,0,73,4.2,Yes,Yes,62,84,NotPlaced,85,86
1603,7.5,1,3,0,80,4.5,Yes,No,77,80,NotPlaced,55,62
1604,6.5,2,1,1,72,3.7,Yes,No,56,70,NotPlaced,53,60
1605,7.9,2,3,2,90,4.8,Yes,Yes,75,87,Placed,57,64
1606,8.2,0,2,0,89,4.1,No,Yes,55,82,NotPlaced,50,58
1607,7.4,1,2,0,67,3.3,No,No,56,60,NotPlaced,66,71
1608,8.1,1,3,1,71,4.1,Yes,Yes,85,77,NotPlaced,89,89
1609,6.5,1,1,1,78,4.0,No,No,55,66,NotPlaced,69,73
1610,7.6,1,1,1,68,4.1,No,No,55,71,NotPlaced,61,66
1611,7.0,1,2,0,78,4.7,No,Yes,73,64,NotPlaced,60,66
1612,8.3,2,2,2,68,4.8,Yes,Yes,61,84,Placed,41,51
1613,7.7,2,3,2,86,4.4,Yes,Yes,71,74,Placed,78,80
1614,7.5,1,1,0,70,3.5,No,Yes,75,66,NotPlaced,63,69
1615,7.5,1,1,0,78,4.1,No,No,55,67,NotPlaced,62,67
1616,8.6,2,3,3,87,4.8,No,Yes,73,85,Placed,100,100
1617,6.6,1,2,0,61,3.9,No,No,55,61,NotPlaced,69,73
1618,8.1,2,1,3,86,4.7,Yes,No,78,83,Placed,53,60
1619,8.9,0,3,2,85,4.6,No,Yes,77,72,NotPlaced,58,64
1620,7.7,1,1,0,80,4.5,No,No,55,74,NotPlaced,82,83
1621,6.5,0,1,1,70,3.6,No,No,57,68,NotPlaced,66,71
1622,8.3,2,3,2,79,4.7,Yes,Yes,72,69,Placed,43,52
1623,7.8,1,2,1,77,4.5,Yes,Yes,74,87,Placed,78,81
1624,7.4,1,3,3,84,4.6,Yes,Yes,84,76,Placed,54,61
1625,7.8,1,2,1,83,3.5,No,Yes,66,72,NotPlaced,93,92
1626,6.6,1,1,1,69,4.3,No,No,58,61,NotPlaced,81,82
1627,7.5,1,2,1,79,4.7,Yes,Yes,78,66,NotPlaced,58,64
1628,7.6,0,1,1,61,4.3,No,No,60,68,NotPlaced,84,85
1629,8.0,1,1,0,75,4.3,Yes,Yes,75,85,Placed,66,70
1630,6.8,0,2,1,72,4.4,No,No,62,62,NotPlaced,77,80
1631,7.7,1,2,0,82,4.4,No,Yes,57,69,Placed,72,75
1632,6.5,0,1,0,69,4.0,No,No,61,65,NotPlaced,52,59
1633,6.5,1,2,0,82,4.1,Yes,Yes,70,66,NotPlaced,55,62
1634,6.5,1,2,0,78,4.3,No,No,55,67,NotPlaced,80,82
1635,8.1,2,3,2,90,4.7,Yes,Yes,81,83,Placed,59,65
1636,7.7,1,2,0,76,4.6,Yes,Yes,56,66,NotPlaced,58,65
1637,8.2,1,3,1,82,4.8,No,Yes,70,86,NotPlaced,50,58
1638,6.5,1,2,0,79,4.5,No,No,61,57,NotPlaced,71,75
1639,7.6,1,2,1,69,3.9,No,No,55,63,NotPlaced,95,94
1640,9.0,0,2,2,86,4.5,Yes,Yes,78,86,Placed,48,57
1641,7.5,1,1,0,81,3.8,Yes,Yes,60,64,NotPlaced,65,70
1642,7.5,1,2,0,76,4.5,Yes,Yes,69,83,Placed,86,86
1643,6.7,1,1,1,81,4.5,No,Yes,55,68,NotPlaced,63,69
1644,8.4,2,3,0,84,4.8,Yes,Yes,71,81,NotPlaced,71,75
1645,6.8,0,3,0,83,4.3,Yes,Yes,61,66,Placed,49,57
1646,8.2,2,3,2,90,4.6,Yes,Yes,76,87,Placed,71,75
1647,8.5,0,3,2,90,4.3,Yes,Yes,80,85,Placed,62,67
1648,7.3,1,1,1,72,4.1,No,Yes,61,70,NotPlaced,79,81
1649,8.5,2,3,2,90,4.5,Yes,Yes,82,85,Placed,82,84
1650,8.0,0,3,2,85,4.7,Yes,Yes,83,86,Placed,100,100
1651,8.2,2,3,2,90,4.1,Yes,Yes,71,86,Placed,73,76
1652,7.4,0,3,0,83,3.5,No,Yes,68,84,Placed,69,73
1653,7.6,2,3,2,90,4.8,Yes,No,76,85,Placed,67,72
1654,8.2,1,2,1,81,4.3,Yes,Yes,82,86,Placed,59,65
1655,8.1,1,3,2,81,4.8,No,Yes,79,82,NotPlaced,70,74
1656,6.5,1,1,1,73,3.9,No,No,67,70,NotPlaced,60,66
1657,8.2,1,2,2,79,4.8,Yes,Yes,74,70,Placed,67,72
1658,8.1,2,3,1,75,4.8,Yes,Yes,59,72,NotPlaced,84,85
1659,8.5,0,1,0,82,4.5,Yes,Yes,64,63,NotPlaced,49,57
1660,7.8,1,2,0,73,4.1,No,Yes,61,71,NotPlaced,82,83
1661,8.0,1,2,0,78,3.8,Yes,No,79,71,NotPlaced,84,85
1662,8.6,1,3,2,90,4.5,Yes,Yes,84,88,NotPlaced,63,68
1663,8.0,1,3,2,90,4.5,No,Yes,77,76,Placed,33,44
1664,6.5,1,1,1,78,3.5,No,Yes,62,72,NotPlaced,55,62
1665,8.5,0,2,2,85,4.2,Yes,Yes,82,88,Placed,84,85
1666,8.6,1,2,0,87,4.8,Yes,Yes,74,76,Placed,64,69
1667,7.3,1,1,2,75,3.5,No,Yes,75,61,NotPlaced,50,58
1668,8.0,0,3,0,89,4.4,Yes,No,79,85,Placed,57,63
1669,8.3,1,3,0,86,4.4,Yes,Yes,75,79,Placed,77,80
1670,6.7,1,1,1,75,4.3,No,Yes,65,67,NotPlaced,73,76
1671,8.2,1,3,2,86,4.4,Yes,Yes,76,65,Placed,61,67
1672,8.4,1,2,0,80,3.3,No,No,55,63,NotPlaced,59,65
1673,6.6,0,1,1,71,3.5,No,No,55,60,NotPlaced,59,65
1674,6.5,0,1,0,83,4.1,Yes,Yes,55,80,NotPlaced,51,58
1675,6.6,1,2,1,70,4.6,Yes,Yes,76,84,NotPlaced,89,89
1676,7.5,1,2,1,74,4.7,No,Yes,55,60,Placed,60,66
1677,6.6,1,3,0,86,4.4,No,No,60,65,NotPlaced,83,84
1678,7.0,1,1,0,82,4.6,Yes,No,71,79,NotPlaced,87,88
1679,8.4,0,2,0,86,4.6,Yes,Yes,77,80,NotPlaced,79,81
1680,7.6,0,2,1,72,4.5,No,No,55,67,NotPlaced,58,64
1681,7.5,1,3,1,73,4.6,Yes,Yes,75,63,Placed,71,74
1682,8.3,1,2,1,82,4.4,Yes,Yes,76,85,Placed,64,69
1683,7.6,1,1,0,73,3.7,No,Yes,55,64,NotPlaced,51,59
1684,7.7,1,1,0,71,4.2,No,Yes,70,71,NotPlaced,69,73
1685,6.5,0,1,0,62,3.9,No,No,62,68,NotPlaced,47,55
1686,8.3,1,2,1,84,4.4,No,Yes,62,82,NotPlaced,82,84
1687,8.1,1,1,0,80,4.6,No,No,59,58,NotPlaced,58,64
1688,7.4,1,2,0,81,4.8,Yes,No,55,69,NotPlaced,68,72
1689,6.7,1,1,1,71,4.5,No,No,55,67,NotPlaced,69,73
1690,6.5,0,1,1,89,4.2,No,No,55,76,Placed,61,66
1691,8.2,2,3,2,90,4.8,Yes,No,75,80,Placed,73,77
1692,7.7,1,2,0,70,3.6,No,Yes,55,62,NotPlaced,57,64
1693,7.8,2,3,0,90,4.7,Yes,Yes,80,78,Placed,78,80
1694,7.5,2,1,0,78,4.2,Yes,Yes,55,66,NotPlaced,44,53
1695,7.5,1,1,1,80,4.6,No,No,63,70,NotPlaced,66,71
1696,8.4,1,3,0,85,3.9,Yes,Yes,77,73,Placed,94,93
1697,7.6,1,2,2,79,4.3,Yes,Yes,70,82,Placed,49,57
1698,7.5,0,2,2,79,4.6,Yes,Yes,90,67,Placed,54,61
1699,6.5,0,1,0,64,4.3,Yes,Yes,64,63,NotPlaced,72,76
1700,7.4,1,2,0,79,4.7,Yes,Yes,86,83,NotPlaced,67,72
1701,7.5,1,1,2,84,4.7,Yes,Yes,66,83,NotPlaced,70,74
1702,8.4,2,3,2,81,4.3,Yes,Yes,75,79,Placed,72,75
1703,8.2,2,3,2,88,4.8,Yes,Yes,65,83,Placed,74,77
1704,7.0,1,1,1,61,3.5,No,No,55,67,NotPlaced,81,83
1705,8.7,2,3,0,80,4.1,Yes,Yes,71,78,Placed,71,74
1706,6.6,2,1,1,77,3.4,No,No,66,66,NotPlaced,61,67
1707,8.1,1,3,2,90,4.8,Yes,Yes,81,88,Placed,75,78
1708,8.5,0,3,2,85,4.8,Yes,Yes,80,88,Placed,93,92
1709,6.5,1,2,0,63,4.3,No,No,82,82,NotPlaced,63,68
1710,8.1,2,3,2,90,4.7,Yes,Yes,66,85,Placed,50,58
1711,8.3,0,3,2,89,4.4,Yes,Yes,75,82,NotPlaced,81,83
1712,7.6,1,2,1,83,4.6,Yes,Yes,86,64,NotPlaced,63,68
1713,6.9,0,1,0,73,4.2,No,No,55,59,NotPlaced,32,43
1714,7.5,0,2,1,76,4.2,No,Yes,61,67,NotPlaced,77,80
1715,8.1,2,3,2,86,4.5,Yes,No,81,83,NotPlaced,56,63
1716,7.7,2,1,0,71,4.5,Yes,Yes,70,70,NotPlaced,63,68
1717,8.0,0,3,2,83,4.7,Yes,Yes,78,85,Placed,69,73
1718,6.7,1,1,1,64,4.2,No,Yes,69,68,NotPlaced,67,72
1719,8.5,2,3,2,88,4.8,Yes,Yes,83,85,Placed,75,78
1720,7.7,1,2,0,74,4.7,No,Yes,55,74,Placed,58,64
1721,7.6,1,2,1,74,4.4,Yes,Yes,73,72,Placed,72,76
1722,8.2,0,1,1,79,3.9,No,Yes,62,63,NotPlaced,61,66
1723,8.5,2,3,2,87,4.8,Yes,Yes,74,78,Placed,76,78
1724,8.8,1,3,0,72,4.1,Yes,Yes,74,74,Placed,74,77
1725,8.2,1,3,2,82,4.5,Yes,Yes,83,81,Placed,50,58
1726,8.1,1,3,2,90,4.8,Yes,Yes,73,83,Placed,81,83
1727,8.5,2,3,2,90,4.8,Yes,Yes,78,84,Placed,56,63
1728,6.5,1,1,0,71,4.5,No,No,61,65,NotPlaced,77,79
1729,8.2,2,3,2,87,4.7,Yes,No,90,66,Placed,70,74
1730,7.9,2,3,2,90,4.8,Yes,Yes,74,88,Placed,92,92
1731,6.9,1,1,1,79,3.5,No,No,57,64,NotPlaced,61,67
1732,6.6,1,1,1,60,4.0,No,No,55,64,NotPlaced,59,65
1733,7.6,0,2,2,82,4.7,Yes,No,80,71,Placed,64,69
1734,7.6,1,3,2,90,4.4,Yes,No,73,81,Placed,60,66
1735,7.7,0,1,1,67,4.8,No,No,56,66,NotPlaced,76,79
1736,7.8,1,1,2,81,3.9,No,Yes,62,72,NotPlaced,40,50
1737,8.5,2,3,2,90,4.8,Yes,Yes,72,83,Placed,49,57
1738,8.4,0,1,0,86,4.3,Yes,Yes,57,67,Placed,48,57
1739,6.9,1,3,1,78,4.5,Yes,Yes,59,70,Placed,79,81
1740,7.8,2,3,2,73,4.6,Yes,No,73,62,NotPlaced,90,90
1741,7.5,1,2,0,81,4.4,Yes,Yes,69,82,NotPlaced,63,68
1742,8.2,0,3,0,86,4.3,Yes,No,78,72,Placed,62,67
1743,8.3,0,1,0,80,3.9,Yes,Yes,79,68,NotPlaced,66,70
1744,7.7,1,3,0,78,4.7,Yes,Yes,88,79,Placed,82,83
1745,7.5,1,1,0,78,3.8,No,Yes,55,76,NotPlaced,51,58
1746,8.5,0,3,0,88,4.8,Yes,Yes,88,82,Placed,68,72
1747,7.4,2,2,1,72,3.5,No,No,73,69,NotPlaced,79,81
1748,6.5,1,1,0,65,4.5,No,Yes,55,68,NotPlaced,72,76
1749,7.5,1,1,1,61,4.2,Yes,No,64,64,NotPlaced,67,72
1750,6.5,2,1,0,75,4.3,Yes,Yes,69,73,NotPlaced,80,82
1751,7.8,1,1,0,73,3.9,No,Yes,55,67,Placed,24,37
1752,7.2,0,1,1,79,4.1,No,Yes,83,67,Placed,75,78
1753,8.3,0,3,2,90,4.8,Yes,Yes,75,83,Placed,55,62
1754,8.1,2,3,2,90,4.6,Yes,Yes,81,88,Placed,37,48
1755,6.5,1,1,2,71,3.7,Yes,No,75,66,NotPlaced,72,76
1756,8.1,2,3,0,88,4.5,Yes,No,76,85,Placed,85,86
1757,7.8,2,3,2,90,4.8,Yes,Yes,74,88,Placed,62,68
1758,7.5,1,1,0,83,4.4,No,Yes,55,70,NotPlaced,79,81
1759,7.9,1,1,1,79,4.1,No,Yes,68,72,NotPlaced,89,89
1760,8.1,2,3,2,82,4.5,Yes,Yes,79,87,NotPlaced,84,85
1761,7.4,1,2,1,69,4.1,No,Yes,58,70,NotPlaced,89,89
1762,7.5,1,1,1,70,3.8,No,Yes,63,73,NotPlaced,76,78
1763,8.1,0,3,0,81,4.5,No,Yes,77,67,Placed,66,70
1764,8.5,2,3,2,90,4.8,Yes,Yes,79,81,Placed,40,50
1765,8.3,2,3,2,90,4.5,Yes,Yes,74,88,Placed,61,67
1766,7.5,1,2,0,65,4.7,No,Yes,63,69,NotPlaced,52,59
1767,7.6,1,2,0,77,4.3,Yes,Yes,66,83,NotPlaced,97,96
1768,8.3,2,3,2,90,4.8,Yes,Yes,83,85,Placed,62,67
1769,8.6,2,3,1,86,4.8,Yes,No,77,85,Placed,66,71
1770,7.8,0,2,0,79,4.1,No,Yes,57,63,NotPlaced,73,76
1771,8.4,1,2,3,75,3.8,Yes,Yes,66,71,NotPlaced,65,70
1772,8.4,0,3,2,90,4.3,Yes,Yes,76,88,Placed,90,90
1773,7.4,2,1,1,65,3.2,No,Yes,55,62,NotPlaced,55,62
1774,8.5,1,3,1,72,4.5,Yes,Yes,57,84,NotPlaced,67,72
1775,7.4,0,1,0,75,3.8,No,No,56,66,NotPlaced,53,61
1776,8.3,2,3,2,90,4.8,Yes,Yes,76,87,Placed,45,54
1777,8.3,0,2,0,79,4.3,No,No,75,65,Placed,55,62
1778,8.2,1,3,0,77,3.4,No,Yes,55,84,NotPlaced,64,69
1779,7.6,0,1,0,75,4.0,No,No,67,68,NotPlaced,58,64
1780,8.1,1,1,1,71,4.2,No,No,55,61,NotPlaced,54,61
1781,7.7,1,2,2,88,4.6,Yes,Yes,77,72,Placed,43,53
1782,8.4,2,3,2,80,4.5,Yes,Yes,57,64,Placed,63,69
1783,6.5,1,1,1,76,3.8,No,No,55,64,NotPlaced,42,51
1784,8.6,2,3,2,90,4.6,Yes,Yes,69,86,NotPlaced,76,79
1785,7.4,1,1,0,77,4.3,No,Yes,56,69,NotPlaced,66,70
1786,8.3,1,1,0,89,3.9,No,Yes,62,73,Placed,43,52
1787,7.5,1,3,0,88,4.8,Yes,No,82,85,Placed,60,66
1788,8.2,1,3,2,85,4.6,Yes,Yes,86,78,Placed,53,60
1789,6.7,2,1,2,72,4.5,No,Yes,77,69,NotPlaced,69,73
1790,7.7,2,1,0,80,3.8,No,Yes,55,64,Placed,85,86
1791,8.2,1,2,0,74,4.8,Yes,No,78,66,Placed,36,47
1792,7.5,1,1,1,76,4.5,Yes,No,59,59,NotPlaced,66,71
1793,7.6,1,1,0,60,4.2,No,No,62,67,NotPlaced,62,68
1794,8.5,2,3,2,90,4.8,Yes,Yes,83,82,Placed,75,78
1795,7.4,1,2,1,76,4.3,No,Yes,77,71,NotPlaced,68,72
1796,8.3,0,2,2,82,4.4,No,Yes,81,67,NotPlaced,53,60
1797,7.2,1,1,1,68,4.0,No,No,58,66,NotPlaced,60,66
1798,8.3,2,3,2,84,4.6,Yes,Yes,76,74,NotPlaced,53,60
1799,7.5,1,2,1,67,4.7,No,No,60,65,NotPlaced,81,82
1800,6.7,0,2,0,66,3.9,No,No,58,68,NotPlaced,65,70
1801,8.3,1,2,0,72,4.2,No,Yes,61,63,NotPlaced,93,92
1802,7.4,0,2,0,76,3.8,No,Yes,66,70,NotPlaced,64,69
1803,8.7,2,3,2,88,4.8,Yes,Yes,79,83,NotPlaced,54,61
1804,6.5,1,2,0,84,4.7,No,Yes,61,68,NotPlaced,42,51
1805,7.6,1,1,2,69,4.0,No,Yes,58,65,NotPlaced,37,48
1806,8.1,1,2,0,72,4.5,Yes,Yes,73,70,Placed,41,50
1807,8.2,0,3,2,90,4.8,Yes,Yes,79,81,Placed,69,73
1808,8.4,1,3,2,90,4.8,Yes,Yes,72,85,Placed,72,76
1809,7.7,0,1,2,78,4.6,No,Yes,55,85,Placed,41,51
1810,7.7,1,1,1,64,3.7,No,Yes,55,61,NotPlaced,78,80
1811,8.4,1,3,2,87,4.8,Yes,Yes,75,88,Placed,57,64
1812,8.3,1,1,2,78,4.5,Yes,Yes,78,88,Placed,67,71
1813,8.6,1,2,1,77,3.9,Yes,Yes,77,69,NotPlaced,89,89
1814,8.0,2,1,1,85,4.5,No,No,66,63,Placed,78,80
1815,8.6,2,3,0,81,4.7,Yes,Yes,77,78,Placed,60,66
1816,7.4,1,2,1,71,4.0,No,Yes,76,63,Placed,51,59
1817,8.4,2,3,2,90,4.8,Yes,Yes,76,83,Placed,32,44
1818,7.9,1,3,0,82,4.6,Yes,Yes,87,83,NotPlaced,54,61
1819,8.2,2,2,0,89,4.6,Yes,Yes,75,69,NotPlaced,61,67
1820,7.8,2,1,1,75,3.8,No,No,65,64,NotPlaced,50,58
1821,8.5,2,3,2,90,4.5,Yes,Yes,75,82,Placed,63,68
1822,8.4,2,3,2,89,4.4,Yes,Yes,75,88,Placed,66,70
1823,8.1,1,3,2,79,4.6,No,Yes,64,80,Placed,61,67
1824,7.8,0,1,0,73,4.0,No,No,56,72,NotPlaced,55,62
1825,7.8,0,3,1,88,4.6,Yes,Yes,65,83,Placed,67,72
1826,6.5,0,1,0,89,4.6,Yes,No,62,77,NotPlaced,71,75
1827,6.7,1,1,0,73,4.5,No,Yes,60,79,Placed,48,56
1828,7.5,1,1,1,69,4.0,No,Yes,61,69,NotPlaced,86,86
1829,8.1,2,3,2,74,4.2,Yes,Yes,61,82,Placed,63,68
1830,6.5,1,2,1,85,4.0,Yes,Yes,71,82,Placed,65,70
1831,8.2,2,3,2,90,4.8,Yes,Yes,86,86,Placed,75,78
1832,7.6,1,1,1,75,3.7,No,No,55,63,NotPlaced,68,72
1833,8.5,2,3,2,90,4.8,Yes,Yes,81,85,Placed,79,81
1834,7.6,0,2,0,77,3.7,Yes,Yes,72,80,Placed,69,73
1835,7.9,1,2,0,73,4.3,No,Yes,58,65,NotPlaced,55,62
1836,7.2,1,1,0,76,3.5,No,Yes,57,65,NotPlaced,70,74
1837,7.9,1,1,0,76,4.2,Yes,Yes,70,60,NotPlaced,47,56
1838,7.5,1,2,1,72,4.3,No,Yes,57,67,NotPlaced,66,71
1839,7.6,1,2,0,65,4.8,No,Yes,62,73,Placed,64,69
1840,6.9,1,2,0,73,4.2,No,No,55,57,NotPlaced,61,67
1841,7.7,1,1,0,69,3.8,No,No,57,65,NotPlaced,63,68
1842,7.3,0,1,1,74,3.8,No,Yes,60,65,NotPlaced,36,47
1843,7.9,1,2,0,84,4.1,No,Yes,58,75,Placed,56,63
1844,8.8,2,3,3,90,4.8,Yes,Yes,72,76,Placed,66,71
1845,6.7,1,1,2,78,4.3,No,No,65,68,NotPlaced,67,71
1846,8.4,2,3,0,79,4.6,Yes,No,57,65,NotPlaced,49,57
1847,8.2,2,3,0,90,4.8,Yes,Yes,76,83,Placed,83,85
1848,7.8,2,3,1,90,4.6,Yes,No,87,84,Placed,52,59
1849,6.5,1,1,0,60,3.6,No,No,58,67,NotPlaced,79,81
1850,7.6,1,1,0,76,4.6,No,No,73,62,NotPlaced,71,75
1851,7.8,1,1,0,86,4.0,Yes,Yes,60,76,Placed,55,62
1852,7.4,1,3,2,70,4.7,Yes,Yes,74,86,NotPlaced,91,91
1853,7.6,1,2,0,69,4.4,No,Yes,60,68,NotPlaced,47,55
1854,6.7,1,2,1,74,4.1,Yes,Yes,56,67,Placed,78,81
1855,7.3,1,2,2,84,4.4,Yes,Yes,76,81,Placed,80,82
1856,7.4,1,2,0,70,4.5,Yes,Yes,70,64,Placed,54,61
1857,6.5,1,1,0,70,4.7,Yes,Yes,55,66,Placed,85,86
1858,6.5,2,3,0,90,4.6,Yes,Yes,75,67,Placed,61,66
1859,7.7,1,1,1,73,4.3,No,No,65,63,NotPlaced,69,73
1860,6.6,1,2,0,78,4.4,No,No,59,70,NotPlaced,68,73
1861,8.1,1,3,0,90,4.6,No,Yes,71,81,Placed,62,68
1862,7.4,1,1,1,69,4.2,No,Yes,59,65,NotPlaced,77,79
1863,7.9,0,1,1,74,4.4,No,No,59,65,NotPlaced,76,79
1864,6.6,1,1,0,68,4.6,No,No,57,72,NotPlaced,38,49
1865,8.4,2,3,2,90,4.8,Yes,No,82,81,Placed,84,85
1866,6.7,0,2,0,83,4.0,No,Yes,55,66,NotPlaced,40,50
1867,7.7,1,1,0,65,3.0,No,No,55,74,NotPlaced,80,82
1868,6.7,1,1,0,80,3.5,No,No,57,62,NotPlaced,81,83
1869,7.4,1,1,1,75,3.7,No,No,61,68,NotPlaced,48,56
1870,8.7,2,3,2,90,4.6,Yes,Yes,75,86,Placed,58,65
1871,8.0,2,3,0,77,4.8,Yes,Yes,77,85,NotPlaced,48,56
1872,7.6,1,2,1,67,4.1,No,No,58,70,NotPlaced,61,67
1873,6.9,1,3,1,78,4.4,Yes,Yes,79,78,NotPlaced,60,66
1874,8.2,2,3,2,90,4.8,Yes,Yes,89,87,Placed,76,79
1875,6.5,0,3,2,86,4.6,Yes,Yes,76,83,NotPlaced,84,85
1876,7.7,2,1,1,80,4.7,Yes,Yes,56,85,Placed,85,86
1877,7.8,1,2,0,70,3.8,Yes,Yes,59,69,NotPlaced,56,63
1878,7.4,0,1,1,81,3.5,Yes,Yes,71,65,NotPlaced,61,67
1879,6.8,2,1,2,83,4.7,Yes,No,79,61,NotPlaced,39,49
1880,8.3,2,1,2,72,4.0,Yes,Yes,76,70,NotPlaced,52,60
1881,7.2,0,1,0,73,3.7,No,No,55,62,NotPlaced,79,81
1882,7.9,0,2,0,87,4.4,Yes,Yes,74,70,Placed,89,89
1883,7.7,1,1,1,78,3.3,No,No,55,74,NotPlaced,46,55
1884,7.4,1,1,0,69,4.4,No,No,57,66,NotPlaced,56,62
1885,8.2,2,3,2,90,4.8,Yes,No,85,78,Placed,64,69
1886,7.7,1,2,0,85,3.7,No,Yes,56,72,NotPlaced,69,73
1887,7.4,1,2,0,80,4.2,Yes,Yes,83,80,Placed,52,60
1888,8.1,2,3,2,90,4.8,Yes,Yes,84,86,Placed,71,75
1889,7.3,0,2,0,81,4.2,No,Yes,56,71,NotPlaced,57,64
1890,6.5,1,1,0,74,4.0,No,Yes,84,71,NotPlaced,64,69
1891,8.3,0,1,3,77,4.0,No,Yes,55,67,NotPlaced,73,76
1892,7.7,1,2,2,75,4.7,Yes,Yes,79,80,NotPlaced,65,70
1893,8.1,0,1,0,83,4.2,Yes,Yes,71,83,NotPlaced,58,64
1894,8.2,1,1,1,71,3.5,No,No,56,65,NotPlaced,63,68
1895,7.5,0,1,0,66,4.3,No,No,60,68,NotPlaced,63,68
1896,8.6,2,1,0,87,4.4,Yes,Yes,55,83,Placed,59,65
1897,7.5,1,3,2,75,4.5,Yes,Yes,80,63,Placed,61,66
1898,8.2,1,1,0,71,3.8,No,No,67,62,NotPlaced,88,89
1899,6.9,1,3,1,84,4.4,Yes,Yes,73,88,Placed,73,76
1900,6.5,0,1,0,76,4.3,No,No,59,66,NotPlaced,60,66
1901,8.4,1,1,0,87,4.8,Yes,Yes,71,82,NotPlaced,75,78
1902,8.2,1,3,1,72,3.9,No,Yes,61,73,NotPlaced,59,65
1903,7.7,0,1,1,78,4.1,No,No,58,75,NotPlaced,82,84
1904,8.4,2,3,2,90,4.8,Yes,Yes,79,86,Placed,70,74
1905,8.4,1,3,2,90,4.6,Yes,Yes,73,84,Placed,63,68
1906,7.7,2,3,2,89,4.8,Yes,Yes,82,87,Placed,71,75
1907,7.7,1,3,1,84,4.7,Yes,No,59,65,NotPlaced,41,51
1908,7.6,1,1,1,72,3.3,No,Yes,58,61,NotPlaced,48,56
1909,6.7,1,2,0,75,4.8,Yes,Yes,55,67,Placed,47,55
1910,6.5,1,2,1,76,4.4,Yes,Yes,71,73,Placed,67,71
1911,7.5,1,1,0,64,3.4,No,No,56,66,NotPlaced,90,90
1912,7.1,1,3,0,81,4.2,Yes,Yes,62,88,Placed,98,96
1913,7.8,0,3,0,84,3.8,Yes,Yes,59,71,NotPlaced,74,77
1914,6.5,1,1,3,87,4.2,Yes,Yes,80,82,Placed,72,76
1915,7.5,0,3,1,76,4.4,Yes,Yes,81,83,Placed,37,48
1916,8.3,2,3,2,87,4.6,Yes,Yes,78,82,Placed,56,63
1917,8.1,1,1,2,90,4.8,Yes,Yes,83,72,Placed,53,60
1918,7.5,2,3,2,79,4.4,Yes,Yes,70,80,Placed,55,62
1919,7.4,2,1,3,66,3.9,No,No,61,57,NotPlaced,62,67
1920,8.2,0,3,2,90,4.8,Yes,Yes,70,84,Placed,57,64
1921,8.1,0,3,0,69,4.1,Yes,No,67,59,NotPlaced,35,46
1922,8.6,1,3,0,82,4.8,Yes,Yes,87,68,NotPlaced,76,78
1923,6.5,1,2,1,78,4.4,Yes,Yes,77,73,NotPlaced,48,57
1924,6.5,1,2,0,70,3.7,Yes,Yes,61,69,NotPlaced,68,72
1925,7.4,1,1,1,78,4.3,No,Yes,55,66,NotPlaced,96,94
1926,6.9,1,2,1,78,4.5,No,Yes,68,64,Placed,51,58
1927,7.7,2,2,2,84,3.9,No,Yes,86,87,Placed,27,39
1928,8.1,2,3,2,90,4.8,Yes,Yes,81,85,Placed,60,66
1929,7.9,2,1,2,88,3.6,No,No,73,66,NotPlaced,81,83
1930,8.3,2,3,2,90,4.8,Yes,Yes,83,87,Placed,94,93
1931,8.4,2,3,2,90,4.8,Yes,Yes,72,82,Placed,46,55
1932,6.9,1,3,2,90,4.8,Yes,Yes,76,85,Placed,72,75
1933,8.2,0,1,0,76,4.4,Yes,Yes,56,81,NotPlaced,58,64
1934,8.5,1,3,0,84,4.7,Yes,Yes,58,85,Placed,63,68
1935,8.4,2,3,2,90,4.8,Yes,Yes,80,84,Placed,100,100
1936,7.2,2,2,2,79,4.4,Yes,Yes,83,82,Placed,42,51
1937,8.6,2,3,2,89,4.8,Yes,No,79,78,Placed,68,73
1938,7.6,2,2,1,90,4.7,Yes,Yes,70,70,NotPlaced,72,75
1939,7.6,0,1,0,67,4.3,Yes,Yes,59,69,NotPlaced,81,83
1940,7.5,0,2,0,69,3.7,No,No,58,65,NotPlaced,66,71
1941,7.6,1,1,0,66,4.1,No,Yes,58,69,NotPlaced,69,73
1942,6.6,1,3,2,90,4.8,Yes,Yes,67,83,NotPlaced,59,65
1943,7.6,0,1,0,81,3.9,Yes,Yes,61,83,Placed,69,73
1944,8.3,1,3,2,85,4.1,Yes,Yes,76,86,Placed,59,65
1945,6.5,0,1,1,81,4.0,No,Yes,55,67,NotPlaced,74,77
1946,8.4,2,3,2,89,4.8,Yes,Yes,73,81,NotPlaced,59,65
1947,6.5,1,1,1,60,4.0,No,No,55,74,NotPlaced,70,74
1948,8.1,2,3,0,90,4.8,Yes,Yes,83,88,Placed,64,69
1949,7.3,0,1,0,85,4.4,No,No,57,68,NotPlaced,81,83
1950,7.7,1,1,1,79,4.3,No,No,56,65,NotPlaced,64,69
1951,7.5,1,1,0,77,4.2,Yes,Yes,82,74,NotPlaced,38,48
1952,8.0,1,1,2,80,4.7,Yes,Yes,80,79,NotPlaced,83,85
1953,7.8,0,2,0,86,4.1,Yes,Yes,85,84,NotPlaced,51,59
1954,8.5,2,3,2,90,4.8,Yes,Yes,81,85,Placed,55,62
1955,6.5,0,2,1,77,4.1,Yes,No,55,68,NotPlaced,56,62
1956,7.8,1,1,1,87,4.2,Yes,Yes,59,86,Placed,85,86
1957,7.7,1,1,0,79,4.3,No,Yes,71,85,Placed,32,44
1958,7.7,0,1,0,73,3.6,No,No,55,65,NotPlaced,100,100
1959,7.5,1,1,0,78,3.3,No,No,64,61,NotPlaced,80,82
1960,6.5,2,1,2,86,4.7,Yes,No,65,82,Placed,68,72
1961,8.3,2,3,0,77,4.1,Yes,Yes,84,64,NotPlaced,64,69
1962,7.8,1,2,0,90,4.0,Yes,Yes,81,79,NotPlaced,69,73
1963,8.4,2,3,2,90,4.8,Yes,Yes,79,84,Placed,72,76
1964,7.6,1,2,0,70,3.9,No,Yes,55,60,NotPlaced,74,77
1965,6.8,0,2,0,73,4.3,Yes,Yes,64,63,Placed,73,76
1966,6.8,0,1,0,70,3.3,No,No,55,70,NotPlaced,66,71
1967,6.6,1,1,1,72,4.0,No,No,58,63,NotPlaced,62,67
1968,6.5,0,1,0,86,3.9,No,No,72,70,NotPlaced,62,68
1969,6.5,0,1,0,79,4.2,Yes,Yes,83,74,Placed,62,67
1970,7.8,1,1,0,66,4.6,No,No,57,67,NotPlaced,82,83
1971,7.6,0,1,2,83,4.8,Yes,Yes,78,81,Placed,73,77
1972,7.7,1,2,2,75,4.6,Yes,No,68,73,Placed,20,34
1973,8.2,1,1,0,75,4.1,Yes,No,65,70,NotPlaced,74,77
1974,6.5,1,1,0,85,3.7,No,No,60,74,NotPlaced,67,72
1975,6.5,1,1,1,64,4.0,No,No,55,71,NotPlaced,64,69
1976,8.2,2,3,2,90,4.8,Yes,Yes,84,85,Placed,59,65
1977,8.1,0,3,2,83,4.6,Yes,No,68,83,Placed,81,83
1978,7.9,1,2,0,90,4.8,Yes,Yes,76,80,Placed,79,81
1979,7.3,1,1,1,70,3.8,No,No,56,71,NotPlaced,53,60
1980,8.3,2,3,0,88,4.8,Yes,Yes,82,72,NotPlaced,71,74
1981,8.4,1,3,2,88,4.5,Yes,Yes,73,82,Placed,50,58
1982,7.3,1,3,0,89,3.8,No,No,79,71,NotPlaced,44,53
1983,7.7,1,2,1,69,4.1,Yes,No,57,63,NotPlaced,55,62
1984,8.3,1,1,0,81,4.7,No,No,75,69,NotPlaced,77,80
1985,7.6,2,1,1,76,3.5,No,Yes,58,81,NotPlaced,79,81
1986,8.0,1,1,2,75,3.6,Yes,Yes,55,64,NotPlaced,72,76
1987,7.7,2,2,1,71,4.4,No,Yes,55,66,NotPlaced,75,78
1988,7.5,0,2,1,67,4.4,No,Yes,55,68,NotPlaced,72,76
1989,8.4,2,3,1,85,4.4,Yes,Yes,78,83,Placed,55,62
1990,6.6,0,2,1,78,4.5,No,No,69,68,NotPlaced,71,75
1991,6.6,1,1,1,85,4.0,No,Yes,57,62,Placed,77,79
1992,6.5,1,1,1,66,3.7,No,Yes,55,61,NotPlaced,76,79
1993,7.0,0,2,0,66,4.3,No,Yes,79,63,Placed,82,84
1994,7.6,2,1,0,77,4.2,No,Yes,72,68,Placed,75,78
1995,7.7,0,1,0,65,4.3,No,Yes,55,64,NotPlaced,70,74
1996,6.5,0,3,0,73,4.6,Yes,Yes,75,74,Placed,81,82
1997,7.7,1,2,0,79,4.1,Yes,Yes,66,72,NotPlaced,64,69
1998,8.1,2,3,0,87,4.4,Yes,Yes,86,88,Placed,51,59
1999,7.5,1,1,1,73,4.7,Yes,No,61,67,NotPlaced,62,68
2000,8.0,2,3,2,90,4.7,Yes,Yes,82,86,Placed,53,61
2001,7.7,2,1,0,65,3.8,Yes,No,88,79,NotPlaced,54,61
2002,8.1,1,2,0,83,4.6,Yes,Yes,75,75,NotPlaced,62,68
2003,8.2,1,2,2,74,4.4,Yes,Yes,72,81,Placed,53,60
2004,7.3,1,2,2,75,4.6,Yes,Yes,77,74,Placed,60,66
2005,6.7,1,2,0,76,4.8,Yes,Yes,59,66,Placed,36,47
2006,8.0,1,3,3,90,4.6,Yes,Yes,72,88,Placed,68,72
2007,7.3,1,1,0,69,3.9,Yes,Yes,58,60,NotPlaced,65,70
2008,8.2,1,3,2,79,4.0,Yes,Yes,73,67,NotPlaced,52,60
2009,8.5,2,3,0,76,4.8,Yes,Yes,85,88,Placed,74,77
2010,8.1,2,3,2,90,3.7,Yes,Yes,78,77,Placed,79,81
2011,7.2,0,1,1,73,3.4,No,Yes,73,70,NotPlaced,40,50
2012,8.1,1,3,2,90,4.8,Yes,Yes,78,88,Placed,53,60
2013,6.9,0,2,1,82,4.2,Yes,Yes,73,86,Placed,53,60
2014,7.9,1,2,0,75,3.8,Yes,No,57,66,NotPlaced,50,58
2015,6.5,1,2,1,62,4.4,No,Yes,60,66,NotPlaced,77,79
2016,7.7,0,3,2,84,4.8,Yes,Yes,75,86,Placed,62,67
2017,7.6,1,2,0,68,4.3,Yes,Yes,84,63,NotPlaced,61,66
2018,8.9,2,3,2,90,4.8,Yes,Yes,82,88,Placed,34,45
2019,8.0,0,3,2,90,4.7,Yes,Yes,71,88,Placed,74,77
2020,7.4,1,3,2,90,4.8,Yes,Yes,79,83,Placed,46,55
2021,7.4,1,1,1,70,3.2,No,Yes,58,67,NotPlaced,65,70
2022,6.9,1,1,2,78,4.6,Yes,Yes,65,82,NotPlaced,69,73
2023,8.1,2,1,0,82,4.4,No,No,55,73,NotPlaced,85,86
2024,8.3,2,3,0,90,4.8,Yes,Yes,68,83,Placed,45,54
2025,6.5,1,2,0,85,3.4,No,Yes,57,71,NotPlaced,19,33
2026,7.7,2,3,1,88,4.3,No,Yes,56,83,NotPlaced,67,72
2027,7.3,1,1,0,70,3.7,Yes,Yes,61,67,NotPlaced,92,91
2028,7.4,0,3,2,75,4.3,Yes,Yes,88,84,Placed,83,84
2029,8.2,2,3,2,89,4.8,Yes,Yes,74,87,Placed,68,72
2030,7.6,1,1,0,74,4.1,No,Yes,55,64,NotPlaced,57,64
2031,6.8,1,1,0,64,4.2,No,Yes,63,67,NotPlaced,77,79
2032,8.4,1,3,0,87,4.1,Yes,No,55,84,NotPlaced,50,58
2033,8.3,2,3,2,89,4.6,Yes,Yes,77,88,Placed,72,75
2034,6.9,1,1,1,67,4.5,No,Yes,55,71,NotPlaced,72,76
2035,8.2,1,2,2,86,4.2,Yes,Yes,73,73,NotPlaced,80,82
2036,6.5,0,1,1,73,3.5,No,No,85,64,NotPlaced,100,100
2037,7.7,1,1,1,82,4.6,Yes,Yes,66,82,NotPlaced,70,74
2038,7.8,0,3,1,76,3.8,No,Yes,55,69,NotPlaced,57,63
2039,8.3,1,3,1,90,4.8,Yes,Yes,83,87,Placed,64,69
2040,7.5,1,3,1,79,3.8,Yes,Yes,62,63,Placed,38,48
2041,7.9,1,2,0,68,3.7,No,No,55,59,NotPlaced,54,61
2042,7.8,1,1,1,69,4.1,No,No,55,64,NotPlaced,58,65
2043,7.6,0,1,0,63,4.4,No,Yes,61,71,Placed,57,63
2044,7.4,1,3,1,61,4.8,No,No,58,73,NotPlaced,67,71
2045,7.8,0,2,0,89,3.9,Yes,Yes,70,74,NotPlaced,52,60
2046,7.5,0,1,1,70,4.3,No,No,64,66,NotPlaced,81,83
2047,6.6,1,1,0,70,4.1,No,No,55,67,NotPlaced,65,70
2048,7.6,0,1,0,61,3.8,No,Yes,55,61,NotPlaced,64,69
2049,8.6,2,3,1,90,4.8,Yes,Yes,75,88,Placed,60,66
2050,7.5,0,2,1,78,3.8,No,Yes,82,68,NotPlaced,67,71
2051,8.1,0,3,0,84,3.3,No,No,86,65,NotPlaced,77,79
2052,7.6,0,1,1,75,4.2,No,Yes,55,63,NotPlaced,51,59
2053,7.7,1,1,1,60,3.6,No,No,59,58,NotPlaced,55,62
2054,8.0,2,3,2,83,4.6,Yes,Yes,72,85,Placed,60,66
2055,8.3,2,3,2,90,4.8,Yes,Yes,78,87,Placed,44,53
2056,7.8,0,1,0,64,3.9,No,No,64,61,NotPlaced,52,60
2057,8.0,1,3,0,74,3.8,No,Yes,77,68,NotPlaced,57,64
2058,8.4,2,3,2,90,4.8,Yes,Yes,74,88,Placed,78,80
2059,8.7,2,3,2,90,4.8,Yes,Yes,80,86,Placed,68,73
2060,8.4,0,3,2,87,4.8,Yes,No,82,75,Placed,67,72
2061,7.1,1,1,0,79,3.8,No,No,55,61,NotPlaced,77,80
2062,8.1,1,2,0,78,4.2,Yes,Yes,84,82,Placed,62,68
2063,8.4,1,3,2,90,4.7,Yes,Yes,85,88,Placed,70,74
2064,8.8,0,3,2,89,4.5,Yes,Yes,77,87,Placed,63,68
2065,7.5,2,2,1,75,4.2,Yes,Yes,65,86,NotPlaced,68,73
2066,7.7,1,2,1,69,4.5,No,Yes,55,61,NotPlaced,56,63
2067,7.5,0,2,1,81,4.1,Yes,No,56,66,NotPlaced,28,40
2068,7.9,0,3,1,77,4.7,Yes,No,81,63,NotPlaced,62,68
2069,7.5,1,3,0,83,4.8,Yes,Yes,73,87,Placed,86,87
2070,8.6,1,3,0,87,4.7,Yes,Yes,81,88,Placed,78,81
2071,8.3,0,3,2,90,4.7,Yes,Yes,76,85,Placed,79,81
2072,7.6,0,2,1,69,4.8,No,No,80,71,NotPlaced,83,84
2073,6.7,1,1,0,81,4.6,Yes,Yes,57,70,Placed,66,71
2074,7.6,0,1,0,73,4.7,No,No,80,57,NotPlaced,67,72
2075,6.5,0,1,0,81,4.1,No,Yes,64,65,NotPlaced,55,62
2076,7.9,2,3,2,90,4.5,Yes,No,84,82,Placed,60,66
2077,8.4,0,3,2,90,4.7,Yes,Yes,82,87,Placed,74,77
2078,6.9,1,1,0,76,4.5,No,No,58,58,Placed,83,84
2079,7.8,2,3,2,82,4.6,Yes,No,84,76,NotPlaced,62,68
2080,7.3,1,1,0,74,4.5,No,No,67,65,NotPlaced,58,64
2081,6.8,0,2,1,76,4.0,No,Yes,55,65,NotPlaced,65,70
2082,7.6,0,2,0,84,4.5,Yes,Yes,69,86,Placed,74,77
2083,7.4,1,1,1,82,4.3,No,Yes,86,69,NotPlaced,43,52
2084,8.7,1,2,2,84,4.3,No,No,78,87,NotPlaced,30,42
2085,8.0,2,1,0,74,4.6,Yes,Yes,78,79,Placed,56,63
2086,7.9,0,3,2,89,4.5,No,No,63,59,Placed,46,55
2087,7.8,2,3,2,90,4.8,Yes,Yes,79,87,Placed,57,63
2088,7.8,1,2,0,77,4.2,No,Yes,79,70,Placed,62,68
2089,6.8,1,1,1,78,4.0,No,No,65,58,NotPlaced,58,64
2090,8.7,1,1,2,80,3.8,Yes,Yes,60,75,NotPlaced,86,87
2091,7.7,1,2,2,86,4.8,Yes,Yes,73,86,Placed,69,73
2092,7.6,1,1,1,77,4.0,No,Yes,55,74,Placed,69,73
2093,7.7,1,2,0,88,4.5,No,Yes,55,69,NotPlaced,74,77
2094,6.7,2,3,2,83,4.0,No,No,79,68,Placed,47,56
2095,7.7,1,1,0,82,4.3,No,Yes,60,63,NotPlaced,80,82
2096,8.2,0,2,2,83,4.8,Yes,Yes,78,82,Placed,63,69
2097,8.2,2,2,2,82,4.7,Yes,No,75,68,Placed,75,78
2098,6.9,2,3,0,80,4.4,Yes,Yes,74,67,NotPlaced,48,57
2099,8.1,1,3,2,90,4.3,Yes,Yes,74,80,NotPlaced,41,51
2100,8.1,1,3,3,89,4.8,Yes,Yes,66,86,Placed,77,79
2101,6.7,1,2,0,74,4.0,No,Yes,56,66,NotPlaced,70,74
2102,8.4,1,2,2,77,4.1,No,No,65,72,NotPlaced,51,59
2103,7.9,0,2,2,85,4.2,Yes,No,74,82,NotPlaced,51,59
2104,6.5,1,2,0,77,3.5,No,Yes,57,68,Placed,81,83
2105,7.5,0,1,1,79,4.4,No,Yes,76,71,NotPlaced,47,55
2106,8.1,2,3,2,85,4.8,Yes,Yes,80,79,Placed,89,89
2107,7.3,0,1,1,66,4.7,No,No,59,66,NotPlaced,51,59
2108,8.7,2,3,2,90,4.8,Yes,Yes,82,84,Placed,74,77
2109,7.5,1,1,0,70,4.4,No,Yes,70,64,NotPlaced,60,66
2110,8.1,1,1,0,60,3.7,Yes,No,77,66,NotPlaced,74,77
2111,8.7,2,3,2,90,4.8,Yes,Yes,87,88,Placed,56,63
2112,7.5,1,3,0,84,4.1,Yes,Yes,82,82,NotPlaced,62,68
2113,8.7,0,3,1,88,4.8,Yes,No,77,82,Placed,65,70
2114,8.0,2,3,2,90,4.5,Yes,Yes,77,88,Placed,49,57
2115,8.3,0,1,1,77,3.8,Yes,Yes,78,84,NotPlaced,76,78
2116,6.6,0,1,1,71,4.4,Yes,Yes,64,85,NotPlaced,57,63
2117,8.3,1,3,2,90,4.8,Yes,Yes,87,88,Placed,61,67
2118,7.8,0,1,0,81,4.2,No,No,63,58,NotPlaced,50,58
2119,8.0,1,1,2,84,4.6,Yes,No,76,84,Placed,26,39
2120,6.5,0,2,1,75,3.9,No,Yes,56,63,NotPlaced,62,67
2121,7.5,1,2,0,67,4.4,Yes,No,66,84,NotPlaced,100,98
2122,7.7,2,3,1,67,4.2,Yes,Yes,64,80,NotPlaced,76,79
2123,8.1,2,2,0,90,4.8,Yes,Yes,76,88,NotPlaced,64,69
2124,6.5,1,1,0,67,3.8,No,No,56,64,NotPlaced,61,66
2125,7.1,1,1,0,70,4.1,Yes,Yes,56,65,NotPlaced,65,70
2126,7.7,1,3,0,86,4.8,Yes,Yes,79,84,Placed,73,76
2127,8.7,2,3,2,90,4.8,Yes,Yes,73,82,Placed,47,55
2128,7.6,1,2,1,83,3.9,Yes,Yes,70,69,Placed,81,83
2129,8.6,1,2,0,77,4.7,No,Yes,55,68,Placed,75,78
2130,7.9,0,3,2,90,4.4,Yes,Yes,88,83,Placed,75,78
2131,8.1,0,2,0,70,4.8,Yes,Yes,78,86,Placed,71,75
2132,8.1,1,2,1,69,4.0,Yes,Yes,86,73,Placed,65,70
2133,8.1,1,1,0,62,3.0,No,No,55,67,NotPlaced,75,78
2134,8.2,2,3,2,90,4.8,Yes,No,83,82,Placed,73,77
2135,8.1,2,2,2,79,4.6,Yes,Yes,79,85,NotPlaced,59,65
2136,7.7,0,2,2,83,4.5,Yes,Yes,63,82,Placed,56,63
2137,6.5,1,2,1,72,4.6,Yes,Yes,82,71,NotPlaced,66,71
2138,8.0,2,2,2,90,4.8,Yes,Yes,75,85,Placed,88,88
2139,8.4,1,3,0,83,4.8,Yes,Yes,77,85,Placed,46,55
2140,6.5,1,0,0,88,4.7,Yes,Yes,74,67,Placed,42,52
2141,7.3,1,1,1,60,4.1,No,No,59,65,NotPlaced,67,71
2142,7.7,1,2,0,78,3.8,No,Yes,66,66,NotPlaced,65,70
2143,8.5,1,3,2,88,4.8,Yes,Yes,83,85,Placed,67,72
2144,6.6,1,2,2,73,3.3,Yes,Yes,64,83,Placed,68,72
2145,8.5,0,3,2,87,4.7,Yes,Yes,58,76,Placed,61,67
2146,6.5,1,1,0,76,3.8,No,No,55,70,NotPlaced,87,87
2147,8.5,2,3,1,90,4.7,Yes,Yes,75,88,Placed,40,50
2148,7.0,1,3,1,88,4.8,Yes,Yes,85,82,Placed,52,60
2149,8.2,1,3,0,77,4.5,Yes,Yes,75,88,Placed,63,68
2150,6.5,1,1,0,77,4.3,No,No,66,60,NotPlaced,40,50
2151,7.5,1,1,1,88,4.8,No,Yes,56,66,Placed,62,67
2152,7.6,1,2,2,87,4.8,Yes,Yes,90,76,NotPlaced,89,89
2153,6.5,1,1,1,60,4.0,No,No,70,71,NotPlaced,65,70
2154,6.6,1,2,1,69,3.6,No,Yes,55,70,NotPlaced,68,72
2155,7.8,1,2,0,82,4.0,No,Yes,70,60,NotPlaced,46,54
2156,8.4,2,3,2,90,4.8,Yes,No,72,85,Placed,55,62
2157,7.4,1,2,2,74,4.4,Yes,Yes,84,72,NotPlaced,59,65
2158,7.8,2,2,1,65,4.8,No,Yes,55,73,Placed,60,66
2159,7.9,0,2,1,79,4.8,Yes,Yes,61,66,NotPlaced,84,85
2160,7.4,1,1,1,68,4.5,No,No,69,68,NotPlaced,73,76
2161,8.4,0,3,2,90,4.8,Yes,Yes,88,83,Placed,48,56
2162,7.4,1,2,0,66,4.7,Yes,Yes,63,65,NotPlaced,68,72
2163,7.8,0,1,0,61,3.8,No,No,60,71,NotPlaced,72,75
2164,6.5,1,1,0,68,3.8,No,No,59,65,NotPlaced,82,83
2165,7.6,1,2,0,72,4.1,No,Yes,60,64,NotPlaced,88,88
2166,6.8,2,3,3,90,4.8,Yes,Yes,81,83,Placed,49,57
2167,8.0,1,2,2,80,4.7,Yes,No,72,80,NotPlaced,52,60
2168,7.9,0,1,2,87,4.7,Yes,Yes,89,85,NotPlaced,46,54
2169,8.7,0,3,2,90,4.8,Yes,Yes,79,85,Placed,61,67
2170,8.2,1,0,0,84,4.8,Yes,Yes,74,82,Placed,71,75
2171,8.5,1,3,2,83,4.8,Yes,Yes,76,87,Placed,79,81
2172,7.1,2,1,0,72,4.3,No,Yes,56,63,NotPlaced,63,69
2173,7.8,1,2,0,71,3.7,Yes,Yes,82,64,Placed,60,66
2174,8.3,0,2,2,84,4.8,Yes,Yes,87,86,Placed,67,71
2175,7.6,2,1,1,82,3.9,Yes,No,71,71,NotPlaced,52,59
2176,6.5,1,1,0,77,3.7,No,Yes,63,69,NotPlaced,96,95
2177,7.8,1,2,2,68,4.4,No,No,55,68,NotPlaced,40,50
2178,8.3,2,3,2,90,4.8,Yes,Yes,81,88,Placed,67,72
2179,8.4,2,3,2,90,4.8,Yes,Yes,88,80,Placed,95,94
2180,6.5,1,1,1,61,3.1,No,No,68,74,NotPlaced,65,70
2181,7.5,1,2,0,87,4.5,No,No,57,72,NotPlaced,62,67
2182,8.3,2,3,2,90,4.7,Yes,No,83,80,Placed,59,65
2183,7.7,2,3,2,90,4.7,Yes,Yes,79,88,Placed,62,67
2184,7.2,1,1,1,77,4.7,Yes,Yes,62,69,Placed,85,86
2185,8.0,1,3,1,83,4.7,Yes,Yes,77,83,NotPlaced,31,43
2186,6.9,1,1,0,76,4.3,No,Yes,60,64,NotPlaced,88,88
2187,7.8,2,1,1,74,3.6,Yes,Yes,57,72,NotPlaced,43,52
2188,8.6,1,2,2,85,3.7,Yes,Yes,81,83,NotPlaced,61,66
2189,7.9,1,3,0,78,4.6,Yes,Yes,78,85,Placed,58,64
2190,8.3,0,2,0,70,4.1,No,Yes,55,72,NotPlaced,73,77
2191,7.8,1,2,1,78,4.8,No,Yes,55,69,NotPlaced,41,50
2192,7.6,2,3,2,81,4.0,Yes,Yes,67,69,Placed,71,75
2193,7.3,0,1,0,67,3.6,No,No,55,58,NotPlaced,95,94
2194,7.8,1,1,0,79,4.0,No,Yes,55,70,NotPlaced,44,53
2195,7.4,1,1,0,74,4.4,Yes,Yes,71,81,Placed,67,72
2196,8.3,1,3,2,79,4.4,Yes,Yes,78,83,Placed,55,62
2197,8.0,1,2,2,74,4.1,No,Yes,70,84,Placed,71,75
2198,7.6,0,2,2,78,4.4,Yes,Yes,80,71,NotPlaced,65,70
2199,8.3,0,3,0,82,4.5,Yes,Yes,73,81,Placed,55,62
2200,8.5,2,3,0,90,4.8,Yes,No,74,88,Placed,72,75
2201,8.1,1,1,0,90,4.7,No,Yes,70,82,NotPlaced,92,91
2202,8.5,1,3,0,79,4.5,Yes,Yes,73,88,NotPlaced,62,67
2203,6.8,0,1,1,79,4.2,Yes,Yes,60,82,NotPlaced,75,78
2204,6.5,0,2,1,60,3.1,No,No,65,71,NotPlaced,45,54
2205,8.3,0,3,1,76,4.5,Yes,No,81,67,NotPlaced,50,58
2206,6.5,0,1,0,62,4.0,No,Yes,58,66,NotPlaced,72,75
2207,8.0,2,3,3,90,4.6,Yes,Yes,84,81,Placed,87,87
2208,7.8,1,1,0,89,4.7,Yes,Yes,79,69,NotPlaced,70,74
2209,8.9,2,3,2,86,4.7,Yes,Yes,71,88,Placed,60,66
2210,8.3,1,3,2,85,4.8,Yes,Yes,71,70,Placed,64,69
2211,8.5,2,3,2,90,4.7,Yes,Yes,84,86,Placed,46,54
2212,8.5,0,1,1,90,4.8,Yes,No,61,75,NotPlaced,74,77
2213,6.5,1,1,1,62,4.1,No,Yes,63,67,NotPlaced,78,80
2214,8.1,0,1,2,81,4.1,Yes,Yes,74,66,Placed,58,64
2215,6.5,0,1,1,65,4.2,No,Yes,58,70,NotPlaced,57,64
2216,7.7,2,3,2,89,4.8,Yes,Yes,86,79,Placed,68,73
2217,8.2,1,2,0,68,4.2,No,No,57,64,NotPlaced,58,64
2218,6.7,1,1,1,70,4.5,No,Yes,75,72,NotPlaced,64,69
2219,7.5,0,1,1,71,3.4,No,No,66,74,NotPlaced,96,95
2220,8.3,2,3,2,82,4.8,Yes,Yes,79,81,Placed,61,67
2221,6.5,1,2,3,77,4.4,Yes,No,64,80,NotPlaced,59,65
2222,6.5,0,2,0,71,3.4,No,Yes,55,73,NotPlaced,55,62
2223,7.4,1,2,0,65,3.9,No,No,74,66,NotPlaced,76,78
2224,6.5,1,2,1,76,4.3,No,No,69,62,Placed,62,67
2225,7.4,0,3,2,90,4.7,Yes,Yes,83,88,Placed,55,62
2226,7.7,0,1,1,66,3.4,No,No,67,64,NotPlaced,84,85
2227,8.4,1,3,2,81,4.3,No,Yes,74,66,Placed,86,87
2228,7.8,1,3,0,81,4.5,Yes,Yes,79,72,Placed,55,62
2229,8.0,1,3,2,90,4.7,Yes,Yes,72,84,NotPlaced,37,47
2230,8.3,2,3,2,90,4.8,Yes,Yes,75,80,Placed,80,82
2231,8.0,1,3,0,83,4.8,No,Yes,75,83,NotPlaced,54,61
2232,8.4,1,3,1,78,4.4,No,No,69,73,NotPlaced,76,79
2233,8.3,2,3,2,90,4.8,Yes,Yes,88,87,Placed,35,46
2234,8.4,2,3,2,84,4.8,No,Yes,73,71,Placed,78,80
2235,8.5,1,3,2,86,4.6,Yes,Yes,64,83,Placed,46,55
2236,8.3,1,2,2,90,4.8,Yes,Yes,90,84,Placed,75,78
2237,8.5,1,2,3,90,4.8,No,Yes,70,72,NotPlaced,65,70
2238,6.8,0,2,1,89,3.9,No,Yes,63,61,Placed,50,58
2239,7.5,1,2,0,82,4.4,No,Yes,57,61,Placed,58,65
2240,7.4,1,2,1,64,3.5,No,No,62,69,NotPlaced,75,78
2241,7.8,1,1,0,73,3.2,No,Yes,57,69,NotPlaced,66,71
2242,7.5,1,1,0,68,4.1,No,Yes,82,67,NotPlaced,73,77
2243,6.5,2,3,0,89,4.4,Yes,Yes,77,73,Placed,94,93
2244,7.5,1,2,0,79,3.8,No,No,64,70,NotPlaced,41,51
2245,7.4,0,1,1,69,4.0,No,Yes,60,71,NotPlaced,89,89
2246,8.0,1,2,1,83,4.0,Yes,Yes,75,68,Placed,66,71
2247,8.5,2,2,2,69,4.4,No,Yes,76,81,NotPlaced,51,59
2248,7.8,1,3,0,87,4.1,Yes,Yes,66,63,NotPlaced,45,54
2249,6.6,0,2,0,64,4.2,No,No,55,85,NotPlaced,62,67
2250,8.5,1,2,1,76,3.8,No,Yes,58,70,NotPlaced,78,81
2251,6.5,1,2,1,66,4.2,No,No,55,72,NotPlaced,63,68
2252,7.6,1,3,3,78,4.7,Yes,No,86,74,Placed,87,88
2253,7.7,1,1,1,75,4.6,No,Yes,72,75,NotPlaced,43,52
2254,8.0,2,3,0,90,4.4,Yes,Yes,72,85,Placed,64,69
2255,8.0,1,3,2,86,4.8,Yes,No,84,85,Placed,46,54
2256,6.8,1,2,0,75,4.5,Yes,Yes,76,80,NotPlaced,70,74
2257,8.2,1,3,2,79,4.1,Yes,Yes,78,65,Placed,78,80
2258,8.1,2,3,2,86,4.5,Yes,Yes,84,81,Placed,58,64
2259,8.3,1,2,0,82,4.6,Yes,Yes,85,86,Placed,25,38
2260,8.2,2,3,2,90,4.8,Yes,Yes,80,86,Placed,67,72
2261,7.6,1,2,0,85,4.6,No,Yes,78,73,NotPlaced,71,75
2262,6.5,1,2,0,76,4.2,No,Yes,55,65,NotPlaced,71,74
2263,8.3,1,2,1,84,4.7,Yes,Yes,59,69,NotPlaced,83,84
2264,7.4,0,1,0,85,3.9,No,Yes,68,63,NotPlaced,48,57
2265,7.6,1,2,0,77,4.1,No,Yes,68,72,Placed,75,78
2266,8.4,2,3,1,83,4.6,Yes,Yes,79,83,Placed,82,84
2267,7.4,1,1,0,74,4.1,No,Yes,56,62,NotPlaced,38,48
2268,8.0,1,1,0,77,3.9,Yes,Yes,72,68,Placed,69,73
2269,8.2,0,3,2,80,4.8,Yes,Yes,80,83,Placed,57,63
2270,8.2,1,2,2,89,4.3,Yes,Yes,76,83,Placed,63,69
2271,8.0,0,2,2,83,4.6,Yes,Yes,82,78,NotPlaced,70,74
2272,7.8,2,3,0,75,4.5,Yes,Yes,72,81,Placed,57,64
2273,8.0,1,2,1,80,3.4,Yes,Yes,76,82,NotPlaced,54,61
2274,6.5,2,2,2,79,4.4,No,No,80,71,Placed,65,70
2275,6.5,1,1,0,62,4.0,No,No,61,74,NotPlaced,48,56
2276,7.9,1,1,1,78,4.2,No,No,55,69,NotPlaced,48,56
2277,6.5,0,1,0,73,3.7,No,No,72,67,NotPlaced,75,78
2278,7.8,1,3,2,90,4.8,Yes,Yes,79,83,Placed,47,56
2279,7.8,1,2,0,72,4.5,No,Yes,55,69,NotPlaced,74,77
2280,8.0,2,3,2,87,4.5,Yes,Yes,71,85,Placed,71,75
2281,8.3,0,3,2,74,4.1,Yes,Yes,70,84,NotPlaced,39,49
2282,6.6,1,1,0,68,3.9,Yes,Yes,55,67,Placed,54,61
2283,7.5,1,3,1,78,4.0,No,No,83,73,NotPlaced,82,84
2284,7.6,1,1,1,70,4.5,No,No,62,71,NotPlaced,50,58
2285,7.7,0,1,0,65,3.9,No,No,74,69,NotPlaced,58,64
2286,7.4,1,2,0,80,4.3,No,Yes,65,67,NotPlaced,71,75
2287,8.5,1,1,0,75,4.2,Yes,Yes,58,71,NotPlaced,76,79
2288,7.5,1,2,1,67,3.3,No,Yes,55,67,NotPlaced,61,66
2289,7.6,1,3,0,82,4.8,Yes,Yes,69,84,Placed,56,62
2290,8.0,1,2,1,80,4.2,Yes,No,77,69,NotPlaced,86,87
2291,8.7,1,3,2,80,4.7,Yes,Yes,76,82,Placed,91,90
2292,6.5,0,2,0,76,3.6,No,Yes,55,66,NotPlaced,79,81
2293,8.2,1,3,2,76,4.4,Yes,Yes,66,86,NotPlaced,66,71
2294,6.5,1,1,0,80,4.4,No,Yes,59,69,NotPlaced,52,60
2295,8.4,2,3,2,90,4.5,Yes,No,75,86,Placed,52,60
2296,7.9,2,1,2,81,4.8,Yes,No,82,82,Placed,72,76
2297,7.6,1,2,0,71,4.1,No,No,56,63,NotPlaced,71,75
2298,7.5,1,1,1,73,4.2,Yes,Yes,64,72,NotPlaced,86,86
2299,7.5,1,1,1,62,4.3,No,No,60,61,NotPlaced,74,77
2300,8.4,0,1,1,67,4.1,No,No,78,58,Placed,42,51
2301,8.8,0,3,0,82,4.8,Yes,Yes,63,78,Placed,80,82
2302,8.0,1,3,3,90,4.8,Yes,Yes,82,84,Placed,50,58
2303,8.6,2,3,2,90,4.5,Yes,Yes,84,82,Placed,59,65
2304,8.4,2,3,2,90,4.8,Yes,Yes,77,77,NotPlaced,68,73
2305,8.2,1,3,2,90,3.6,Yes,Yes,75,80,Placed,94,93
2306,7.3,1,1,1,64,4.1,No,No,59,60,NotPlaced,100,100
2307,6.5,1,2,2,75,4.1,Yes,Yes,66,70,Placed,74,77
2308,7.4,1,1,1,63,3.6,No,No,65,65,NotPlaced,62,67
2309,8.0,2,1,0,77,4.5,No,Yes,59,65,NotPlaced,73,76
2310,7.9,1,2,0,80,4.5,No,Yes,59,66,NotPlaced,78,80
2311,8.3,0,3,0,88,4.7,Yes,Yes,70,80,NotPlaced,60,66
2312,7.0,1,3,1,90,4.7,Yes,Yes,74,60,NotPlaced,91,91
2313,6.5,1,2,0,80,4.4,No,Yes,59,68,NotPlaced,68,72
2314,8.2,1,3,0,77,4.3,No,No,55,73,NotPlaced,72,75
2315,8.7,1,2,1,90,4.6,No,No,74,68,NotPlaced,74,77
2316,7.5,1,1,0,76,4.5,Yes,Yes,79,88,Placed,71,75
2317,7.6,1,1,0,60,4.0,No,No,56,64,NotPlaced,77,80
2318,7.6,1,3,0,84,4.1,No,No,57,73,NotPlaced,55,62
2319,8.3,1,3,2,89,4.7,Yes,Yes,72,80,NotPlaced,56,63
2320,7.4,0,1,1,90,4.8,Yes,Yes,71,69,NotPlaced,48,56
2321,7.6,1,2,0,79,4.1,No,Yes,71,62,NotPlaced,71,75
2322,7.4,1,2,1,62,4.5,Yes,Yes,60,66,NotPlaced,76,79
2323,7.5,0,1,1,71,4.4,Yes,Yes,79,74,NotPlaced,71,75
2324,7.7,1,1,0,75,3.6,No,Yes,59,71,NotPlaced,90,90
2325,6.5,2,2,1,81,4.8,No,No,61,69,NotPlaced,64,69
2326,7.4,2,3,1,79,4.4,No,Yes,75,73,NotPlaced,75,78
2327,7.5,1,1,0,67,4.3,No,No,61,69,NotPlaced,48,56
2328,7.8,1,3,0,90,4.6,No,Yes,64,83,NotPlaced,59,65
2329,8.1,1,1,0,72,4.0,No,No,85,62,NotPlaced,75,78
2330,8.0,1,3,0,83,4.1,Yes,Yes,82,83,Placed,77,80
2331,7.4,2,2,1,78,4.3,Yes,No,68,69,NotPlaced,60,66
2332,8.6,2,3,2,86,4.1,Yes,Yes,75,85,Placed,63,69
2333,7.6,1,3,1,73,3.9,Yes,No,72,73,Placed,42,51
2334,8.0,0,3,2,90,4.8,Yes,Yes,79,83,Placed,59,65
2335,7.6,1,3,2,90,4.3,Yes,Yes,55,86,Placed,78,80
2336,7.3,1,1,1,73,4.0,No,Yes,55,67,NotPlaced,73,76
2337,7.5,1,2,1,90,3.4,No,Yes,59,72,NotPlaced,72,76
2338,8.0,1,3,2,84,4.7,Yes,Yes,90,86,Placed,65,70
2339,8.5,0,3,3,84,4.6,No,Yes,86,70,NotPlaced,65,70
2340,8.6,1,3,1,88,4.8,Yes,Yes,71,80,NotPlaced,55,62
2341,6.6,1,1,0,69,4.2,Yes,Yes,55,69,NotPlaced,75,78
2342,7.7,1,1,1,79,3.9,No,Yes,55,61,NotPlaced,71,75
2343,8.7,2,2,1,72,4.6,Yes,Yes,77,77,NotPlaced,72,75
2344,7.5,1,2,0,65,3.5,No,No,55,63,NotPlaced,57,63
2345,6.7,1,1,1,76,4.6,No,No,62,68,NotPlaced,32,44
2346,7.2,1,3,2,81,4.8,No,Yes,83,84,Placed,81,83
2347,6.9,1,1,1,76,4.8,Yes,Yes,58,66,NotPlaced,57,64
2348,8.2,2,3,2,86,4.7,Yes,Yes,84,88,Placed,52,59
2349,8.5,2,3,2,84,4.6,Yes,Yes,74,83,Placed,75,78
2350,8.2,0,3,0,90,4.3,Yes,Yes,79,86,NotPlaced,59,65
2351,7.3,1,1,1,77,4.1,No,No,58,74,NotPlaced,80,82
2352,7.6,1,2,1,71,4.1,No,Yes,61,66,NotPlaced,74,77
2353,6.5,1,3,2,85,3.7,Yes,Yes,79,86,Placed,75,78
2354,7.4,1,3,0,83,3.8,No,Yes,69,85,NotPlaced,44,53
2355,8.0,2,3,2,90,4.8,Yes,Yes,88,83,Placed,83,84
2356,8.2,2,1,2,77,4.8,Yes,Yes,60,79,NotPlaced,68,73
2357,7.5,1,1,0,66,4.1,No,No,63,60,NotPlaced,59,65
2358,8.1,2,2,1,90,4.7,Yes,Yes,68,88,Placed,67,71
2359,6.5,1,3,0,87,4.8,No,No,65,86,NotPlaced,38,48
2360,8.8,1,3,0,86,4.4,Yes,Yes,63,72,NotPlaced,71,74
2361,7.4,1,2,1,73,4.5,No,No,56,69,NotPlaced,49,57
2362,8.2,2,3,2,90,4.7,Yes,Yes,72,84,Placed,44,53
2363,7.7,1,2,0,74,3.8,Yes,Yes,58,63,NotPlaced,42,51
2364,8.5,2,3,2,86,4.8,Yes,Yes,78,87,Placed,81,83
2365,8.6,1,3,1,83,4.7,Yes,Yes,78,81,Placed,55,62
2366,8.6,1,2,0,86,4.1,Yes,Yes,55,82,NotPlaced,88,88
2367,7.7,1,3,2,86,4.5,No,Yes,65,88,NotPlaced,56,63
2368,8.2,2,3,2,90,4.2,Yes,Yes,83,77,Placed,39,49
2369,6.5,1,2,1,86,4.3,Yes,Yes,84,88,Placed,48,56
2370,9.0,2,3,2,88,4.8,No,Yes,72,84,Placed,83,84
2371,7.5,0,2,1,73,3.6,No,No,56,71,NotPlaced,62,68
2372,7.8,0,2,0,74,4.2,No,Yes,55,68,NotPlaced,56,63
2373,8.3,0,3,0,88,3.4,Yes,Yes,76,87,Placed,67,71
2374,6.5,2,1,1,77,4.2,Yes,Yes,58,64,NotPlaced,72,76
2375,6.5,0,2,3,85,4.5,Yes,Yes,55,71,Placed,81,83
2376,7.4,1,1,0,77,3.6,No,No,55,65,NotPlaced,86,87
2377,8.2,2,3,2,90,4.8,Yes,Yes,76,85,Placed,59,65
2378,8.5,2,3,2,90,4.8,Yes,Yes,82,88,Placed,45,54
2379,8.6,2,3,2,90,4.8,Yes,Yes,65,82,Placed,58,65
2380,8.5,1,1,2,72,4.0,Yes,Yes,80,82,Placed,68,73
2381,7.8,1,3,2,83,4.2,Yes,Yes,78,80,NotPlaced,50,58
2382,8.4,2,3,2,83,4.8,Yes,Yes,77,86,Placed,50,58
2383,8.5,2,1,1,73,4.5,Yes,No,64,79,NotPlaced,70,74
2384,7.7,1,1,1,70,4.3,Yes,Yes,75,70,NotPlaced,64,69
2385,7.5,1,2,0,81,4.8,Yes,Yes,55,79,NotPlaced,65,70
2386,6.5,1,3,1,90,4.5,No,No,74,62,NotPlaced,53,60
2387,7.8,1,2,0,83,4.8,Yes,Yes,78,80,Placed,61,67
2388,7.6,1,1,1,76,4.2,Yes,Yes,67,65,Placed,51,58
2389,7.6,1,1,1,85,4.1,No,Yes,85,70,NotPlaced,78,80
2390,6.5,0,1,0,90,4.5,Yes,Yes,56,82,NotPlaced,80,82
2391,8.0,2,2,1,82,3.9,Yes,Yes,63,68,NotPlaced,37,47
2392,7.5,2,1,1,65,4.0,No,Yes,56,62,NotPlaced,51,58
2393,7.8,1,1,0,63,4.4,No,Yes,55,68,NotPlaced,42,52
2394,6.9,0,3,2,82,4.8,Yes,Yes,85,79,Placed,55,62
2395,8.6,1,3,2,88,4.6,No,Yes,72,83,Placed,63,68
2396,7.0,0,3,1,67,3.6,Yes,Yes,57,82,NotPlaced,43,52
2397,8.8,2,1,2,83,4.8,Yes,Yes,84,87,Placed,51,58
2398,7.4,1,2,0,87,3.5,No,Yes,61,67,NotPlaced,49,57
2399,6.7,1,1,1,69,4.0,No,No,55,67,NotPlaced,68,72
2400,7.7,1,1,0,72,4.2,No,No,55,63,NotPlaced,66,70
2401,7.4,1,1,2,68,4.3,No,Yes,61,60,NotPlaced,54,61
2402,8.3,1,2,0,72,4.2,No,No,63,74,NotPlaced,67,72
2403,8.2,2,3,0,87,4.7,Yes,Yes,83,88,Placed,56,63
2404,8.0,1,3,1,77,4.5,Yes,Yes,71,85,NotPlaced,60,66
2405,7.8,1,1,0,81,4.5,Yes,Yes,55,63,NotPlaced,90,90
2406,7.6,1,1,2,77,3.9,No,Yes,55,71,NotPlaced,85,86
2407,7.6,0,1,0,83,3.2,No,No,55,65,NotPlaced,45,54
2408,7.4,1,3,2,83,4.5,Yes,No,84,79,Placed,77,79
2409,6.5,1,1,1,79,4.1,No,No,61,67,Placed,77,79
2410,7.9,1,1,1,76,4.4,Yes,Yes,65,85,NotPlaced,47,56
2411,8.4,0,3,0,80,4.3,Yes,Yes,82,83,NotPlaced,77,79
2412,8.7,1,2,2,74,4.1,Yes,Yes,75,87,Placed,88,88
2413,8.5,2,2,2,89,4.6,Yes,Yes,55,84,Placed,48,56
2414,8.0,2,3,2,90,4.8,Yes,Yes,76,86,Placed,51,58
2415,7.4,1,3,0,78,4.6,Yes,Yes,74,82,NotPlaced,80,82
2416,8.2,2,3,2,87,4.8,Yes,Yes,87,88,Placed,69,73
2417,7.3,1,2,0,69,3.7,No,Yes,55,68,NotPlaced,73,76
2418,7.5,0,3,0,78,4.7,No,No,55,70,NotPlaced,70,74
2419,7.5,1,2,0,78,3.9,Yes,Yes,87,76,NotPlaced,70,74
2420,7.6,0,2,0,68,3.9,No,Yes,64,61,NotPlaced,45,54
2421,7.9,2,3,3,90,4.7,Yes,No,77,61,Placed,80,82
2422,7.5,1,1,0,67,4.2,No,No,57,60,NotPlaced,82,84
2423,7.6,1,2,2,74,4.2,No,Yes,81,68,NotPlaced,61,67
2424,8.0,1,2,2,87,4.8,Yes,Yes,90,68,Placed,64,69
2425,7.6,1,1,1,68,4.0,No,Yes,61,68,NotPlaced,42,51
2426,8.0,2,3,2,89,4.1,Yes,Yes,75,85,Placed,72,76
2427,6.5,0,1,1,84,3.6,No,No,61,63,NotPlaced,73,76
2428,8.2,1,1,1,87,4.7,Yes,Yes,55,81,NotPlaced,64,69
2429,7.3,1,1,0,84,3.9,No,Yes,55,69,NotPlaced,81,83
2430,8.4,2,3,2,90,4.8,Yes,Yes,82,87,Placed,59,65
2431,7.9,2,3,2,90,4.6,Yes,Yes,82,81,Placed,73,76
2432,7.4,1,1,1,69,3.9,Yes,Yes,63,66,NotPlaced,49,57
2433,6.5,0,1,1,76,4.7,Yes,No,82,64,NotPlaced,64,69
2434,7.7,1,1,0,70,3.9,Yes,Yes,71,82,NotPlaced,62,67
2435,8.4,0,3,2,90,4.8,Yes,Yes,83,83,Placed,68,72
2436,8.0,1,2,0,61,3.6,Yes,No,59,64,NotPlaced,59,65
2437,7.7,0,1,1,90,4.3,Yes,Yes,75,75,Placed,63,68
2438,7.6,1,2,0,70,4.7,No,Yes,60,64,Placed,77,79
2439,7.4,0,2,0,76,4.5,No,Yes,72,85,NotPlaced,58,64
2440,6.8,1,2,0,75,4.2,No,Yes,77,57,NotPlaced,40,50
2441,8.0,0,3,2,76,4.7,Yes,Yes,77,82,Placed,91,90
2442,8.4,2,3,2,90,4.5,Yes,Yes,83,86,Placed,85,86
2443,7.4,2,2,0,69,4.1,No,No,59,75,NotPlaced,45,54
2444,7.8,1,3,1,75,4.4,Yes,Yes,59,72,NotPlaced,75,78
2445,6.5,1,1,2,68,3.5,No,No,76,61,NotPlaced,57,63
2446,8.7,0,3,2,81,4.5,Yes,Yes,80,66,Placed,68,73
2447,8.4,2,1,1,88,4.8,Yes,Yes,85,84,NotPlaced,69,73
2448,7.8,0,1,0,67,4.1,Yes,No,59,69,NotPlaced,61,67
2449,6.7,1,1,0,63,4.6,No,No,67,66,NotPlaced,53,60
2450,8.6,2,3,2,90,4.8,Yes,Yes,82,87,Placed,54,61
2451,8.0,1,3,2,82,4.8,No,Yes,61,87,Placed,51,59
2452,7.8,2,1,0,86,4.3,No,Yes,78,80,Placed,52,60
2453,7.6,0,1,1,75,3.6,No,Yes,59,62,NotPlaced,63,69
2454,8.0,1,2,3,74,4.0,Yes,Yes,78,83,Placed,54,61
2455,7.2,1,1,0,82,4.0,No,Yes,82,74,Placed,75,78
2456,7.9,1,3,0,83,4.8,No,No,76,82,NotPlaced,87,87
2457,7.8,2,3,2,90,3.9,Yes,Yes,60,87,NotPlaced,56,63
2458,8.1,0,2,3,72,3.2,Yes,Yes,73,83,Placed,68,72
2459,8.4,2,3,3,83,4.7,Yes,No,69,83,NotPlaced,72,75
2460,7.6,1,2,0,71,4.8,No,Yes,58,67,NotPlaced,72,75
2461,8.4,2,2,0,83,4.8,Yes,No,71,66,Placed,66,70
2462,7.6,1,1,0,70,4.1,No,No,61,63,NotPlaced,76,78
2463,7.9,0,1,0,64,4.1,Yes,Yes,63,67,NotPlaced,72,75
2464,7.6,1,2,1,86,4.4,Yes,Yes,90,79,NotPlaced,46,55
2465,7.5,0,2,0,90,4.8,No,Yes,55,79,NotPlaced,78,80
2466,7.6,1,1,1,84,4.1,No,No,55,66,NotPlaced,78,80
2467,7.5,1,2,0,79,4.3,No,Yes,58,67,NotPlaced,53,60
2468,7.9,1,1,1,89,4.0,No,Yes,81,70,NotPlaced,65,70
2469,7.9,2,3,3,78,4.5,Yes,Yes,71,87,Placed,75,78
2470,7.6,1,3,0,68,4.2,Yes,Yes,88,82,NotPlaced,61,67
2471,8.1,1,1,0,70,4.3,Yes,No,68,61,NotPlaced,81,82
2472,7.6,2,1,0,73,4.6,Yes,Yes,78,73,NotPlaced,100,98
2473,7.9,2,1,2,75,3.9,Yes,No,77,80,NotPlaced,53,60
2474,8.5,2,3,2,88,4.8,Yes,Yes,77,85,NotPlaced,44,53
2475,7.5,2,3,0,88,4.6,Yes,Yes,72,86,NotPlaced,69,73
2476,7.7,1,2,0,73,3.8,No,Yes,55,74,NotPlaced,75,78
2477,7.6,1,1,2,67,3.8,No,Yes,57,70,Placed,61,67
2478,8.3,2,3,2,85,4.5,Yes,Yes,87,80,Placed,86,87
2479,7.4,1,2,1,72,3.3,Yes,Yes,81,69,Placed,44,53
2480,8.2,1,1,1,84,3.9,Yes,Yes,61,60,Placed,75,78
2481,6.6,1,1,1,77,3.0,No,No,57,68,NotPlaced,55,62
2482,8.6,1,3,2,90,4.8,Yes,Yes,80,80,Placed,90,90
2483,7.6,1,2,2,76,4.5,Yes,Yes,76,81,NotPlaced,94,93
2484,8.6,1,3,0,83,4.8,Yes,Yes,81,86,Placed,53,60
2485,7.7,1,0,0,75,4.1,Yes,Yes,71,61,Placed,56,63
2486,8.0,1,2,0,72,4.8,Yes,No,87,67,NotPlaced,77,80
2487,8.1,1,3,2,85,4.7,Yes,Yes,68,88,Placed,59,65
2488,6.5,1,2,1,82,4.0,No,Yes,55,62,NotPlaced,64,69
2489,7.7,1,3,0,86,4.1,Yes,Yes,77,58,NotPlaced,65,70
2490,8.2,1,1,2,72,4.4,No,No,83,68,NotPlaced,36,46
2491,7.7,2,2,2,90,4.8,Yes,Yes,79,83,Placed,64,69
2492,8.6,1,2,2,90,4.6,Yes,Yes,81,87,Placed,54,61
2493,8.0,0,1,0,70,3.6,No,No,56,63,NotPlaced,57,64
2494,7.5,1,2,0,71,4.0,Yes,No,55,66,NotPlaced,86,87
2495,7.9,1,3,2,90,4.6,Yes,Yes,81,88,Placed,46,54
2496,7.4,1,1,1,66,4.0,No,Yes,55,67,NotPlaced,77,79
2497,8.0,0,3,1,80,4.6,Yes,Yes,86,84,Placed,60,66
2498,8.4,1,2,0,82,4.4,Yes,Yes,71,83,NotPlaced,60,66
2499,7.6,1,1,0,83,4.3,No,Yes,57,71,NotPlaced,76,79
2500,8.5,0,1,0,81,4.2,Yes,Yes,74,65,Placed,70,74
2501,8.0,1,2,0,90,4.3,Yes,Yes,75,70,NotPlaced,73,76
2502,7.8,0,2,0,80,4.1,No,Yes,60,83,Placed,79,81
2503,7.7,1,1,0,67,4.0,No,No,55,69,NotPlaced,60,66
2504,7.8,2,3,2,84,4.7,Yes,Yes,81,86,Placed,55,62
2505,7.5,1,2,2,72,3.9,Yes,Yes,55,71,NotPlaced,48,56
2506,8.3,1,3,2,90,4.8,Yes,Yes,85,86,Placed,52,60
2507,8.3,1,0,0,73,4.6,Yes,Yes,70,85,Placed,100,100
2508,6.9,0,2,0,79,4.1,No,Yes,63,64,NotPlaced,83,84
2509,6.8,1,1,1,72,4.3,No,Yes,65,60,Placed,44,53
2510,7.3,1,1,1,66,3.6,No,Yes,55,65,NotPlaced,45,54
2511,8.2,2,3,2,87,4.8,Yes,Yes,77,86,Placed,72,75
2512,8.1,0,2,0,81,4.8,No,Yes,88,82,NotPlaced,73,76
2513,6.8,1,1,1,78,4.1,Yes,No,78,86,NotPlaced,73,76
2514,7.7,1,2,0,68,3.7,No,Yes,74,71,NotPlaced,61,66
2515,7.4,2,1,0,74,4.5,Yes,Yes,67,68,NotPlaced,63,68
2516,8.2,2,3,2,90,4.5,Yes,Yes,90,67,Placed,69,73
2517,8.0,1,3,0,89,4.5,Yes,Yes,79,78,Placed,66,71
2518,6.7,2,3,2,85,4.2,Yes,Yes,64,64,NotPlaced,31,43
2519,6.8,0,1,1,62,3.5,No,No,55,63,NotPlaced,61,67
2520,7.7,0,2,0,81,4.2,No,Yes,75,60,NotPlaced,52,59
2521,7.6,1,1,0,69,3.9,No,No,59,64,NotPlaced,67,72
2522,8.1,1,1,2,76,4.0,No,Yes,71,71,NotPlaced,100,100
2523,7.5,1,2,0,75,3.9,No,No,56,66,NotPlaced,70,74
2524,8.4,1,3,2,85,4.8,Yes,Yes,76,82,Placed,60,66
2525,7.8,0,2,1,74,4.5,No,Yes,74,81,Placed,78,81
2526,6.9,0,1,1,73,3.5,No,Yes,69,63,NotPlaced,72,75
2527,8.2,0,2,1,68,4.3,Yes,Yes,62,68,Placed,71,75
2528,7.0,0,1,1,75,4.0,No,Yes,58,73,NotPlaced,74,77
2529,6.8,1,2,2,76,3.7,Yes,Yes,55,63,NotPlaced,95,94
2530,8.3,0,3,0,90,4.8,Yes,Yes,74,85,Placed,48,56
2531,8.5,2,3,2,87,4.4,Yes,Yes,77,71,Placed,72,75
2532,7.3,1,1,2,76,4.3,No,No,55,70,Placed,51,58
2533,7.5,1,3,0,83,4.7,Yes,Yes,59,87,Placed,73,76
2534,6.5,1,2,1,78,4.5,No,No,57,66,NotPlaced,51,58
2535,7.2,1,1,1,73,3.6,No,No,56,65,Placed,58,64
2536,8.1,1,3,2,90,4.8,Yes,Yes,86,80,Placed,60,66
2537,7.4,1,1,0,90,4.4,No,Yes,58,63,NotPlaced,79,81
2538,7.4,0,2,2,78,3.8,No,Yes,80,70,NotPlaced,78,81
2539,8.4,2,3,2,90,4.8,Yes,Yes,69,63,Placed,46,55
2540,7.5,1,3,1,84,4.8,Yes,Yes,72,67,Placed,65,70
2541,6.8,0,2,2,84,4.5,No,No,67,70,NotPlaced,54,61
2542,8.4,1,2,2,72,4.6,Yes,Yes,70,67,NotPlaced,46,54
2543,8.4,1,3,2,90,4.8,Yes,Yes,85,88,Placed,61,67
2544,7.6,1,2,0,90,4.8,Yes,Yes,77,86,Placed,60,66
2545,8.2,0,1,1,85,4.7,Yes,No,81,66,NotPlaced,100,99
2546,8.3,1,3,1,72,4.3,Yes,Yes,55,67,NotPlaced,71,75
2547,6.9,1,2,1,60,4.8,Yes,Yes,69,69,NotPlaced,44,53
2548,8.7,1,3,0,87,4.8,Yes,Yes,65,82,NotPlaced,56,63
2549,7.5,1,1,1,72,4.4,No,Yes,60,69,NotPlaced,80,82
2550,7.6,1,2,0,86,4.2,No,Yes,58,65,NotPlaced,96,95
2551,7.6,2,3,0,78,3.7,Yes,Yes,72,84,Placed,41,50
2552,8.5,2,1,1,80,3.6,Yes,No,83,68,NotPlaced,36,47
2553,6.9,2,3,3,80,4.8,Yes,No,82,86,Placed,93,92
2554,8.0,1,3,2,90,4.8,No,Yes,85,88,Placed,70,74
2555,8.2,2,3,2,90,4.1,Yes,Yes,73,69,Placed,51,59
2556,8.2,1,3,2,89,4.5,Yes,Yes,84,88,Placed,73,76
2557,8.4,1,2,2,86,4.8,No,Yes,87,85,Placed,25,38
2558,8.2,1,3,2,90,4.8,Yes,Yes,75,81,Placed,65,70
2559,7.5,0,1,0,77,4.3,No,Yes,61,69,NotPlaced,69,73
2560,8.4,1,3,2,90,4.8,Yes,Yes,87,83,Placed,78,81
2561,8.3,2,3,2,90,4.8,Yes,Yes,68,88,Placed,49,57
2562,8.4,0,2,2,86,4.7,Yes,Yes,66,87,NotPlaced,66,71
2563,7.5,1,2,0,77,4.8,No,Yes,55,59,NotPlaced,51,58
2564,7.6,1,1,2,73,4.2,Yes,No,64,76,NotPlaced,68,73
2565,7.6,2,2,2,79,4.8,Yes,Yes,76,82,Placed,51,59
2566,8.3,1,2,0,76,4.4,Yes,Yes,82,84,Placed,58,65
2567,7.5,1,1,0,68,4.8,No,Yes,63,69,NotPlaced,50,58
2568,7.4,1,1,0,66,3.8,Yes,Yes,62,65,NotPlaced,74,77
2569,8.3,0,1,1,69,4.1,Yes,Yes,60,66,NotPlaced,77,80
2570,8.4,1,3,2,90,4.7,Yes,Yes,81,88,Placed,61,67
2571,7.1,1,1,0,74,4.7,Yes,No,78,70,NotPlaced,65,70
2572,8.4,0,2,0,81,3.8,Yes,Yes,65,65,Placed,43,52
2573,8.1,0,3,2,87,4.8,Yes,No,90,83,Placed,60,66
2574,7.4,1,1,3,74,4.1,No,Yes,61,63,NotPlaced,64,69
2575,7.8,1,1,2,62,3.9,No,No,60,62,NotPlaced,100,100
2576,8.2,2,3,0,81,4.7,Yes,No,79,61,NotPlaced,48,56
2577,7.4,1,3,2,87,4.4,No,Yes,78,72,NotPlaced,86,87
2578,6.6,1,1,1,83,3.9,Yes,No,70,66,NotPlaced,79,81
2579,6.7,0,2,0,82,4.3,No,Yes,55,62,NotPlaced,69,73
2580,6.5,0,1,1,73,3.8,No,Yes,55,71,NotPlaced,91,91
2581,8.0,0,1,1,67,4.1,Yes,Yes,62,61,Placed,70,74
2582,7.9,1,3,0,78,4.2,No,Yes,55,74,Placed,70,74
2583,6.5,2,3,2,81,3.3,No,Yes,83,76,Placed,64,69
2584,8.7,2,3,2,90,4.8,Yes,Yes,81,80,Placed,83,84
2585,8.8,2,3,2,85,4.7,Yes,No,86,86,Placed,81,83
2586,6.6,1,1,0,60,4.2,No,Yes,62,67,NotPlaced,55,62
2587,7.4,1,2,0,73,3.3,No,Yes,57,66,NotPlaced,45,54
2588,8.8,1,1,0,69,4.7,Yes,Yes,70,83,NotPlaced,61,67
2589,7.3,2,2,1,85,4.8,No,No,56,69,NotPlaced,52,60
2590,8.5,2,3,2,90,4.7,No,Yes,76,82,Placed,64,69
2591,7.9,2,2,1,88,4.5,Yes,Yes,83,73,Placed,83,84
2592,6.6,1,3,2,76,4.5,Yes,Yes,74,84,Placed,58,64
2593,8.2,2,2,0,72,4.8,No,Yes,72,64,NotPlaced,64,69
2594,7.5,1,2,1,76,4.2,No,Yes,55,71,NotPlaced,65,70
2595,7.7,1,1,0,73,4.0,Yes,Yes,65,75,Placed,77,80
2596,8.2,2,3,2,90,4.8,Yes,Yes,85,83,Placed,31,43
2597,7.5,1,2,1,77,4.6,Yes,Yes,84,65,NotPlaced,55,62
2598,7.1,1,1,1,87,4.2,No,No,75,70,NotPlaced,68,72
2599,7.7,1,2,0,84,4.7,No,Yes,72,61,NotPlaced,83,84
2600,7.3,1,1,0,68,4.3,No,No,55,72,NotPlaced,57,64
2601,7.9,0,1,0,69,3.8,No,Yes,66,61,NotPlaced,36,47
2602,8.2,0,2,2,90,4.8,Yes,Yes,77,83,Placed,74,77
2603,6.8,1,1,0,80,4.3,No,Yes,55,76,Placed,55,62
2604,7.3,1,1,0,62,4.1,No,No,57,73,NotPlaced,47,55
2605,7.9,2,3,2,90,4.7,Yes,Yes,75,74,Placed,55,62
2606,8.4,2,3,2,90,4.8,Yes,Yes,81,88,Placed,62,67
2607,8.6,2,3,2,79,4.8,Yes,Yes,75,86,Placed,55,62
2608,8.5,1,1,0,80,4.6,No,No,61,69,NotPlaced,31,43
2609,7.8,2,3,0,81,4.5,Yes,Yes,77,81,NotPlaced,78,80
2610,7.3,0,3,2,90,4.1,Yes,Yes,80,80,Placed,84,85
2611,7.6,0,1,1,65,4.2,Yes,Yes,58,65,NotPlaced,74,77
2612,8.5,0,2,2,86,4.8,No,Yes,55,69,Placed,47,56
2613,8.5,2,3,2,90,4.8,Yes,Yes,79,80,Placed,61,67
2614,8.4,2,3,2,90,4.5,Yes,Yes,84,85,NotPlaced,64,69
2615,7.7,0,1,1,72,3.8,Yes,Yes,63,68,NotPlaced,73,77
2616,7.7,0,2,0,80,4.3,No,Yes,75,67,NotPlaced,75,78
2617,7.4,2,1,2,90,4.7,Yes,Yes,81,88,NotPlaced,53,61
2618,6.6,1,1,0,72,4.1,Yes,No,58,64,Placed,66,70
2619,7.4,1,0,1,67,3.6,No,No,55,63,NotPlaced,71,75
2620,7.9,2,1,0,77,4.3,Yes,No,77,84,NotPlaced,86,87
2621,8.6,2,3,2,84,4.5,Yes,Yes,81,85,Placed,75,78
2622,7.5,1,1,1,69,3.7,No,No,55,63,NotPlaced,76,79
2623,6.7,1,1,0,70,3.6,No,No,64,69,NotPlaced,66,71
2624,7.8,1,3,2,90,4.1,Yes,No,70,86,NotPlaced,86,86
2625,7.7,1,1,0,82,3.7,No,Yes,55,81,Placed,71,74
2626,7.6,1,1,0,89,4.2,No,Yes,55,68,NotPlaced,52,59
2627,6.6,1,1,0,87,4.8,No,No,56,65,NotPlaced,86,86
2628,6.7,2,1,2,77,4.1,No,Yes,58,57,NotPlaced,75,78
2629,7.5,1,1,1,65,3.7,Yes,Yes,55,61,NotPlaced,58,64
2630,8.4,1,3,1,80,4.4,Yes,Yes,74,80,NotPlaced,57,64
2631,7.6,1,3,0,80,4.7,No,No,77,70,NotPlaced,69,73
2632,7.5,1,2,0,62,3.9,No,No,71,72,NotPlaced,71,75
2633,8.4,2,2,0,80,4.0,Yes,No,71,84,NotPlaced,67,72
2634,7.5,1,1,0,80,4.7,No,No,56,82,Placed,69,73
2635,7.9,1,2,1,86,4.6,Yes,Yes,82,62,Placed,90,90
2636,6.5,0,1,0,76,4.6,Yes,Yes,79,67,NotPlaced,81,82
2637,8.3,1,3,2,90,4.8,Yes,Yes,76,88,Placed,67,72
2638,8.1,1,3,2,86,4.6,Yes,Yes,88,84,Placed,79,81
2639,7.6,0,1,0,69,3.4,No,No,60,74,NotPlaced,49,57
2640,8.4,2,3,2,90,4.8,Yes,Yes,85,78,Placed,70,74
2641,8.0,0,1,0,81,3.1,No,No,65,59,NotPlaced,92,91
2642,8.1,1,2,0,89,4.8,Yes,Yes,77,83,NotPlaced,61,67
2643,8.5,0,2,1,89,4.8,Yes,Yes,56,72,Placed,52,59
2644,8.9,2,1,2,90,4.7,Yes,Yes,75,84,Placed,55,62
2645,7.3,1,1,1,80,4.7,No,No,55,67,NotPlaced,48,56
2646,7.0,2,1,0,75,3.8,Yes,Yes,69,67,Placed,53,60
2647,6.8,1,1,1,65,4.5,No,Yes,55,62,NotPlaced,59,65
2648,7.4,0,1,0,72,3.6,No,No,60,71,NotPlaced,43,53
2649,8.5,1,3,1,89,4.6,Yes,Yes,78,82,NotPlaced,65,70
2650,7.9,2,1,3,70,4.0,Yes,Yes,67,81,Placed,78,80
2651,8.5,1,2,0,85,4.3,No,Yes,55,83,Placed,51,59
2652,7.6,0,2,2,76,4.2,Yes,Yes,78,84,NotPlaced,87,88
2653,7.8,2,3,2,90,4.6,Yes,Yes,79,88,Placed,72,76
2654,7.3,1,1,1,67,3.4,No,No,55,68,NotPlaced,80,82
2655,8.5,1,3,3,88,4.4,Yes,Yes,75,83,Placed,55,62
2656,8.5,2,2,2,90,4.8,Yes,Yes,84,71,Placed,77,80
2657,6.5,0,1,2,63,3.9,No,No,59,70,NotPlaced,48,56
2658,7.4,1,3,2,83,4.8,No,Yes,68,88,Placed,78,80
2659,7.6,1,2,0,75,3.9,Yes,Yes,57,62,NotPlaced,67,72
2660,7.5,1,3,2,78,4.6,Yes,Yes,74,84,Placed,73,76
2661,8.5,2,2,3,67,4.6,Yes,No,58,80,NotPlaced,47,55
2662,7.5,1,2,0,74,4.3,No,No,55,65,NotPlaced,51,59
2663,6.5,1,1,1,72,4.4,No,No,58,67,NotPlaced,73,77
2664,7.7,0,3,0,83,4.2,Yes,Yes,71,82,NotPlaced,50,58
2665,7.5,0,1,0,80,4.5,Yes,Yes,79,73,NotPlaced,71,75
2666,7.6,1,3,0,72,4.0,Yes,No,66,74,NotPlaced,44,53
2667,8.2,2,3,2,90,4.8,Yes,Yes,73,83,Placed,77,80
2668,6.5,0,1,1,60,3.2,No,No,62,74,NotPlaced,46,55
2669,6.9,0,1,0,73,3.0,No,No,62,62,NotPlaced,73,76
2670,8.6,2,3,2,90,4.8,Yes,Yes,75,78,Placed,74,77
2671,6.8,1,1,0,82,4.2,No,No,59,72,NotPlaced,54,61
2672,8.4,1,1,1,82,4.3,Yes,Yes,60,82,NotPlaced,73,76
2673,6.7,1,2,0,90,4.7,Yes,Yes,55,82,Placed,68,73
2674,7.5,1,1,2,78,4.4,No,Yes,76,74,NotPlaced,56,63
2675,8.1,1,1,1,78,4.3,No,Yes,58,63,NotPlaced,49,57
2676,8.3,1,3,1,81,4.3,Yes,Yes,79,88,NotPlaced,35,46
2677,6.5,0,1,0,72,4.6,No,No,79,58,NotPlaced,70,74
2678,7.2,1,2,3,78,4.5,Yes,Yes,70,74,NotPlaced,41,51
2679,8.5,1,3,2,84,4.6,Yes,Yes,74,85,Placed,66,71
2680,7.2,1,1,1,66,3.8,Yes,No,67,67,NotPlaced,61,66
2681,6.5,1,1,0,77,3.9,Yes,No,67,71,NotPlaced,75,78
2682,6.5,1,1,1,79,3.8,No,Yes,60,69,NotPlaced,60,66
2683,6.5,0,2,0,79,3.6,No,Yes,72,70,NotPlaced,60,66
2684,6.5,1,2,0,73,3.6,Yes,Yes,84,72,NotPlaced,75,78
2685,7.0,1,2,0,72,4.1,No,Yes,71,73,NotPlaced,70,74
2686,8.4,1,3,1,83,4.2,Yes,Yes,85,81,Placed,69,73
2687,7.9,1,3,0,83,4.6,Yes,Yes,81,68,Placed,72,75
2688,8.5,2,3,1,90,4.7,Yes,Yes,72,77,Placed,41,51
2689,8.4,1,3,2,77,4.5,Yes,Yes,82,80,Placed,76,79
2690,6.5,1,2,0,84,4.7,No,Yes,55,60,NotPlaced,74,77
2691,6.5,1,2,1,73,4.1,No,Yes,65,68,NotPlaced,49,57
2692,7.6,1,2,0,80,3.7,No,Yes,69,63,NotPlaced,61,67
2693,8.4,1,3,2,86,4.7,Yes,Yes,80,84,Placed,64,69
2694,8.3,0,1,2,84,4.8,Yes,Yes,83,82,Placed,62,68
2695,7.6,1,2,0,73,4.4,No,Yes,56,66,Placed,70,74
2696,7.7,1,1,1,66,3.3,No,No,55,62,NotPlaced,86,87
2697,7.2,1,2,0,69,4.5,No,Yes,56,67,Placed,81,82
2698,8.3,2,2,2,77,4.0,Yes,Yes,84,81,Placed,45,54
2699,8.6,1,3,1,85,4.6,Yes,Yes,71,84,Placed,74,77
2700,8.4,2,3,2,90,4.8,Yes,Yes,75,84,Placed,84,85
2701,6.7,1,1,0,86,4.8,No,Yes,55,64,Placed,70,74
2702,7.3,0,1,0,81,4.2,No,Yes,59,60,NotPlaced,81,83
2703,8.5,2,3,2,90,4.8,Yes,Yes,83,85,Placed,95,94
2704,7.3,1,1,0,78,3.7,No,No,55,70,NotPlaced,80,82
2705,7.5,1,2,2,72,4.1,Yes,Yes,66,70,NotPlaced,68,72
2706,8.6,2,3,2,90,4.7,Yes,Yes,85,82,Placed,80,82
2707,8.8,1,3,3,90,4.8,Yes,Yes,75,84,NotPlaced,67,71
2708,7.5,0,2,0,80,4.4,No,Yes,65,68,NotPlaced,65,70
2709,8.5,2,1,2,83,4.3,Yes,Yes,65,84,NotPlaced,59,65
2710,7.9,2,3,2,90,4.8,Yes,Yes,81,87,Placed,88,88
2711,6.6,1,1,1,71,4.0,No,Yes,55,63,NotPlaced,52,60
2712,8.5,2,3,2,90,4.7,Yes,Yes,80,84,Placed,87,88
2713,6.8,1,1,0,73,4.3,No,No,63,68,NotPlaced,72,75
2714,8.6,1,2,2,76,4.4,Yes,No,79,84,NotPlaced,44,53
2715,6.5,1,1,1,79,4.2,Yes,Yes,82,69,Placed,70,74
2716,6.5,1,1,0,69,4.3,No,Yes,55,68,NotPlaced,33,44
2717,6.5,0,3,0,71,3.8,No,Yes,63,66,NotPlaced,74,77
2718,8.4,0,3,0,86,4.6,Yes,Yes,90,83,Placed,78,80
2719,6.5,0,1,0,68,3.6,No,Yes,60,75,NotPlaced,56,62
2720,8.2,0,3,2,78,4.8,Yes,No,61,71,Placed,66,71
2721,7.5,1,1,0,69,4.3,No,No,60,71,NotPlaced,94,93
2722,7.4,0,1,1,69,3.5,No,Yes,57,85,NotPlaced,57,63
2723,8.3,2,2,0,78,4.1,No,Yes,60,83,Placed,49,57
2724,7.7,0,3,0,87,4.7,Yes,Yes,81,60,Placed,87,87
2725,7.4,1,1,2,84,4.7,Yes,Yes,80,75,Placed,94,93
2726,8.4,1,2,0,78,4.2,Yes,Yes,69,70,NotPlaced,65,70
2727,7.6,1,3,2,84,4.2,Yes,Yes,75,83,NotPlaced,80,82
2728,7.9,0,3,1,77,4.0,Yes,Yes,55,61,NotPlaced,85,86
2729,7.6,1,1,0,75,3.6,No,Yes,55,68,NotPlaced,53,61
2730,7.6,0,2,0,79,4.6,No,Yes,76,72,NotPlaced,57,64
2731,6.6,1,2,1,62,3.4,No,Yes,58,62,NotPlaced,83,84
2732,8.1,1,3,2,89,4.8,Yes,Yes,75,82,Placed,90,90
2733,7.4,1,2,1,71,4.3,Yes,Yes,67,73,NotPlaced,73,76
2734,7.7,2,3,2,90,4.8,Yes,Yes,81,85,Placed,51,59
2735,6.5,1,1,1,72,3.3,No,Yes,55,62,NotPlaced,94,93
2736,8.1,2,3,2,90,4.7,Yes,Yes,76,88,Placed,57,63
2737,7.6,2,2,1,84,4.8,Yes,Yes,90,84,NotPlaced,59,65
2738,7.9,0,1,2,77,4.8,Yes,Yes,83,82,Placed,70,74
2739,8.5,1,3,2,88,4.8,Yes,Yes,83,83,NotPlaced,88,88
2740,8.1,2,3,2,82,4.7,Yes,Yes,83,86,Placed,77,80
2741,8.4,2,3,0,86,4.7,Yes,Yes,84,83,Placed,71,74
2742,8.8,2,3,2,90,4.8,Yes,Yes,77,81,Placed,71,75
2743,7.6,1,3,0,80,4.8,Yes,Yes,73,78,Placed,65,70
2744,8.3,2,3,2,90,4.8,Yes,Yes,80,88,Placed,73,76
2745,8.2,0,1,1,68,3.8,Yes,No,79,83,Placed,27,39
2746,6.5,0,1,0,72,4.1,No,No,56,68,NotPlaced,60,66
2747,7.7,2,3,0,71,3.8,No,No,73,74,NotPlaced,68,72
2748,7.9,1,2,1,70,4.3,No,Yes,58,71,NotPlaced,47,56
2749,8.1,2,3,2,85,4.6,Yes,Yes,82,85,Placed,70,74
2750,8.6,1,3,0,90,4.8,Yes,Yes,87,81,Placed,61,67
2751,7.7,0,2,1,72,4.4,No,Yes,58,66,NotPlaced,91,91
2752,8.6,0,3,2,90,4.8,Yes,Yes,77,83,Placed,88,88
2753,8.1,1,2,0,81,4.2,No,No,55,70,NotPlaced,58,64
2754,6.5,1,1,0,70,4.2,No,Yes,63,72,NotPlaced,62,68
2755,8.2,1,2,2,80,4.4,Yes,Yes,68,87,Placed,63,69
2756,8.4,2,3,2,90,4.4,Yes,Yes,74,88,Placed,58,64
2757,8.4,2,3,2,90,4.8,Yes,Yes,81,81,Placed,67,72
2758,8.6,1,3,3,78,4.7,Yes,Yes,76,87,Placed,53,60
2759,6.5,1,1,1,74,3.8,No,No,69,64,NotPlaced,48,56
2760,7.5,2,1,1,82,4.7,No,No,76,68,NotPlaced,74,77
2761,8.3,1,1,3,76,4.2,No,Yes,56,83,NotPlaced,74,77
2762,8.0,0,3,2,87,4.5,Yes,Yes,83,81,Placed,52,60
2763,7.6,2,1,0,90,4.8,No,Yes,68,74,NotPlaced,78,80
2764,8.0,0,3,1,86,4.3,Yes,Yes,75,66,Placed,55,62
2765,8.5,1,1,2,90,4.7,Yes,Yes,75,88,Placed,68,73
2766,8.4,2,1,1,79,4.3,Yes,Yes,74,68,Placed,77,79
2767,8.2,0,3,0,90,4.5,Yes,No,88,77,NotPlaced,64,69
2768,7.9,0,3,2,89,4.7,Yes,Yes,78,82,Placed,71,75
2769,6.5,0,2,2,77,4.6,No,Yes,72,83,NotPlaced,57,63
2770,8.1,0,1,0,68,4.2,No,No,55,59,NotPlaced,62,67
2771,7.3,0,1,0,64,3.7,No,No,62,72,NotPlaced,61,67
2772,8.5,0,1,2,83,4.2,Yes,No,79,73,Placed,53,61
2773,8.3,1,3,2,87,4.8,Yes,Yes,79,85,Placed,62,67
2774,7.7,0,3,0,83,4.5,Yes,Yes,80,82,NotPlaced,41,51
2775,9.0,0,3,2,86,4.8,Yes,Yes,79,86,Placed,57,64
2776,7.0,1,2,1,78,4.0,No,No,55,71,NotPlaced,60,66
2777,7.5,1,1,1,71,4.5,No,No,55,69,NotPlaced,61,66
2778,7.1,0,1,1,69,4.8,No,No,65,66,NotPlaced,61,67
2779,8.2,1,2,2,71,4.4,Yes,Yes,73,87,Placed,64,69
2780,8.1,2,3,2,82,4.2,Yes,Yes,72,82,NotPlaced,72,75
2781,7.3,0,1,1,84,4.7,No,No,55,68,NotPlaced,78,80
2782,8.4,1,3,1,79,4.0,Yes,Yes,80,83,NotPlaced,55,62
2783,7.5,1,2,2,89,4.8,Yes,Yes,70,84,Placed,46,55
2784,7.5,1,3,1,84,4.0,Yes,No,74,70,Placed,49,57
2785,7.4,1,3,0,85,4.6,No,No,62,65,NotPlaced,57,64
2786,6.5,1,1,1,76,4.2,No,Yes,63,67,NotPlaced,59,65
2787,6.8,1,3,2,83,4.7,Yes,No,64,80,NotPlaced,53,60
2788,8.6,1,3,2,87,4.1,Yes,Yes,80,86,Placed,45,54
2789,6.8,0,1,0,84,4.1,Yes,Yes,62,86,Placed,58,64
2790,7.5,1,1,1,77,3.8,No,Yes,63,65,NotPlaced,67,72
2791,8.4,1,3,2,85,4.2,Yes,Yes,89,88,Placed,73,77
2792,6.7,2,1,2,82,4.6,Yes,Yes,82,70,NotPlaced,56,63
2793,8.5,1,2,0,87,4.7,No,Yes,55,70,Placed,58,65
2794,8.2,0,3,0,86,4.0,Yes,Yes,67,80,Placed,51,58
2795,6.5,1,1,1,79,4.4,Yes,Yes,74,71,NotPlaced,64,69
2796,8.1,1,3,2,90,4.5,Yes,Yes,76,82,Placed,52,59
2797,7.0,0,1,0,69,4.5,Yes,No,62,67,NotPlaced,73,76
2798,7.5,0,1,1,72,3.5,No,Yes,55,65,NotPlaced,38,48
2799,7.9,1,1,0,80,3.8,No,No,55,72,NotPlaced,59,65
2800,6.9,0,1,0,70,4.3,No,No,57,63,NotPlaced,69,73
2801,8.8,1,3,2,90,4.8,Yes,Yes,81,88,Placed,67,72
2802,8.4,2,3,2,90,4.8,Yes,Yes,82,80,NotPlaced,100,100
2803,8.3,1,3,2,87,4.4,Yes,Yes,76,83,Placed,70,74
2804,6.7,1,3,1,76,4.4,Yes,Yes,84,83,Placed,49,57
2805,7.4,1,1,1,77,4.1,No,No,55,64,NotPlaced,63,68
2806,7.4,2,3,2,75,4.2,No,Yes,80,66,NotPlaced,38,48
2807,6.7,1,1,0,74,3.9,Yes,Yes,74,66,NotPlaced,63,69
2808,7.7,1,2,1,81,4.8,Yes,Yes,81,82,Placed,52,60
2809,7.5,0,1,1,67,4.4,No,Yes,80,60,NotPlaced,78,80
2810,6.5,1,1,0,77,3.9,Yes,Yes,78,67,NotPlaced,56,63
2811,6.5,1,2,1,89,4.6,No,Yes,75,73,NotPlaced,63,68
2812,8.5,1,3,1,82,4.7,Yes,Yes,80,70,Placed,55,62
2813,7.9,1,2,2,90,4.2,Yes,Yes,81,86,Placed,91,90
2814,7.2,1,1,1,67,4.3,No,No,74,72,NotPlaced,60,66
2815,7.4,2,2,1,74,3.8,No,Yes,55,69,NotPlaced,92,91
2816,8.6,1,2,0,80,4.2,No,No,55,68,NotPlaced,77,79
2817,8.5,0,3,2,90,4.7,Yes,Yes,81,81,Placed,72,75
2818,8.4,2,2,3,90,4.6,Yes,Yes,77,83,Placed,70,74
2819,7.5,1,1,1,79,3.2,No,Yes,61,65,NotPlaced,70,74
2820,7.8,1,2,0,75,4.5,No,Yes,55,71,Placed,36,46
2821,8.1,2,3,2,90,4.8,Yes,Yes,81,87,Placed,60,66
2822,8.6,2,3,2,79,4.8,Yes,Yes,78,78,Placed,77,80
2823,7.6,1,3,1,86,4.6,Yes,Yes,67,62,NotPlaced,64,69
2824,7.5,1,3,3,68,4.1,Yes,Yes,67,71,NotPlaced,43,53
2825,7.3,1,1,0,84,4.5,No,Yes,55,75,NotPlaced,64,69
2826,6.5,1,2,1,74,3.2,No,No,59,68,NotPlaced,90,90
2827,6.6,0,1,0,61,3.8,No,No,66,61,NotPlaced,83,84
2828,7.8,1,1,1,83,4.0,No,Yes,67,69,Placed,64,69
2829,7.5,1,1,1,60,3.0,No,No,60,69,NotPlaced,79,81
2830,8.4,2,2,2,77,4.8,Yes,Yes,71,84,Placed,59,65
2831,7.1,2,3,2,88,4.5,Yes,Yes,75,70,Placed,39,49
2832,8.0,2,3,1,73,4.4,Yes,Yes,81,68,NotPlaced,51,58
2833,7.2,1,3,2,80,4.6,No,No,79,84,Placed,88,88
2834,8.1,1,2,2,84,4.3,Yes,Yes,75,84,NotPlaced,60,66
2835,6.6,1,2,0,60,4.7,Yes,Yes,55,69,NotPlaced,61,67
2836,8.6,2,2,1,74,4.0,No,No,59,63,NotPlaced,60,66
2837,6.8,1,1,1,71,4.3,No,Yes,60,62,NotPlaced,93,92
2838,7.3,1,1,0,70,3.9,No,No,61,64,NotPlaced,89,89
2839,7.9,1,2,1,86,4.8,No,Yes,70,60,NotPlaced,98,96
2840,7.5,1,1,0,71,4.0,No,No,60,57,NotPlaced,62,68
2841,8.2,2,3,2,90,4.7,Yes,Yes,83,78,Placed,69,73
2842,6.5,1,2,1,71,4.3,No,Yes,55,70,NotPlaced,42,51
2843,8.0,1,2,0,86,4.8,Yes,Yes,67,73,NotPlaced,87,87
2844,8.1,1,3,1,68,4.7,No,Yes,59,68,NotPlaced,47,55
2845,8.4,2,3,2,79,4.4,Yes,No,80,79,NotPlaced,68,72
2846,6.5,1,3,0,64,4.6,No,No,71,64,NotPlaced,48,56
2847,8.4,1,3,0,87,4.3,Yes,Yes,59,81,NotPlaced,56,62
2848,8.4,1,3,0,81,4.8,Yes,Yes,85,88,Placed,52,59
2849,8.4,2,3,1,80,4.6,Yes,Yes,75,79,NotPlaced,55,62
2850,7.9,0,3,1,90,4.4,Yes,Yes,82,87,Placed,56,63
2851,6.8,1,2,0,67,3.2,No,No,55,68,NotPlaced,56,63
2852,7.3,1,3,0,90,4.7,Yes,Yes,76,88,NotPlaced,77,80
2853,7.7,1,1,0,72,4.2,No,No,55,66,NotPlaced,48,56
2854,7.3,1,1,0,66,3.8,No,No,60,73,NotPlaced,68,72
2855,8.5,2,3,0,89,4.8,Yes,Yes,82,70,Placed,83,84
2856,8.1,1,3,2,88,4.4,No,Yes,55,88,Placed,57,63
2857,8.0,2,3,2,90,4.8,Yes,Yes,82,83,Placed,54,61
2858,8.8,0,1,2,90,4.8,Yes,Yes,82,82,NotPlaced,61,67
2859,8.1,2,3,2,90,4.7,Yes,Yes,82,85,Placed,82,84
2860,7.6,2,3,0,78,4.8,Yes,Yes,74,87,Placed,67,72
2861,8.4,2,3,0,90,4.8,Yes,Yes,70,88,Placed,57,63
2862,7.9,1,3,1,75,4.6,Yes,Yes,80,81,NotPlaced,72,75
2863,8.3,2,2,2,90,4.7,Yes,No,73,81,NotPlaced,48,56
2864,8.5,2,2,2,65,4.4,Yes,Yes,57,81,NotPlaced,75,78
2865,8.4,2,3,2,90,4.8,Yes,Yes,76,88,Placed,71,74
2866,8.6,2,3,2,89,4.8,Yes,Yes,79,85,NotPlaced,60,66
2867,7.7,1,3,1,76,4.0,No,No,65,61,NotPlaced,52,59
2868,7.6,1,1,0,83,4.0,No,No,55,60,NotPlaced,51,59
2869,8.2,2,3,2,81,4.8,Yes,Yes,83,82,Placed,73,76
2870,8.0,2,3,0,90,4.3,No,Yes,83,83,Placed,83,84
2871,6.5,1,1,0,78,4.5,Yes,Yes,55,77,NotPlaced,55,62
2872,7.7,0,2,0,80,4.3,No,Yes,55,68,NotPlaced,71,75
2873,8.3,2,3,2,90,4.8,Yes,Yes,74,88,Placed,33,44
2874,7.3,1,2,0,81,3.7,Yes,Yes,68,85,NotPlaced,56,62
2875,6.5,0,3,0,72,4.1,No,Yes,70,64,NotPlaced,64,69
2876,7.5,1,2,0,79,4.7,No,No,69,67,NotPlaced,51,59
2877,7.8,1,2,0,78,4.8,No,Yes,57,74,NotPlaced,50,58
2878,7.3,1,2,0,66,4.6,No,Yes,59,72,NotPlaced,54,61
2879,7.6,0,1,0,88,4.3,No,Yes,56,62,NotPlaced,69,73
2880,8.1,1,1,1,79,3.4,No,Yes,78,66,NotPlaced,62,67
2881,7.9,2,3,2,90,4.8,Yes,Yes,78,87,Placed,31,43
2882,7.6,1,1,0,68,4.3,No,No,62,68,NotPlaced,33,44
2883,8.2,2,3,1,85,4.6,No,Yes,78,66,Placed,55,62
2884,7.6,2,3,0,90,4.8,Yes,No,74,85,NotPlaced,71,75
2885,8.1,2,2,0,84,4.8,Yes,Yes,76,87,Placed,23,37
2886,6.6,1,1,0,75,4.8,No,No,62,65,NotPlaced,57,64
2887,8.3,1,2,2,90,4.8,Yes,Yes,70,88,Placed,57,63
2888,6.5,1,2,0,68,4.4,No,Yes,72,70,Placed,85,86
2889,6.5,1,1,1,79,4.2,No,No,85,71,NotPlaced,59,65
2890,8.1,1,3,2,78,4.7,Yes,Yes,75,88,NotPlaced,70,74
2891,6.5,1,2,1,63,4.0,Yes,No,56,66,NotPlaced,67,71
2892,8.3,2,1,0,80,4.7,Yes,Yes,84,86,Placed,33,44
2893,7.3,0,3,2,89,4.5,Yes,Yes,80,86,Placed,76,79
2894,7.6,1,3,2,79,4.3,No,Yes,70,87,NotPlaced,68,72
2895,6.7,1,1,1,82,4.3,No,Yes,55,65,NotPlaced,72,76
2896,8.3,1,2,1,84,4.3,Yes,Yes,64,71,NotPlaced,100,100
2897,7.5,0,1,0,72,4.1,No,No,55,69,NotPlaced,33,44
2898,7.6,1,1,1,75,4.1,No,No,55,70,NotPlaced,90,90
2899,8.0,2,3,2,89,4.8,Yes,Yes,83,83,Placed,60,66
2900,8.6,1,1,2,87,3.9,Yes,Yes,84,84,Placed,69,73
2901,8.4,2,2,2,86,4.8,Yes,Yes,72,83,Placed,64,69
2902,6.5,1,1,0,67,3.5,No,No,63,63,NotPlaced,58,64
2903,8.2,1,3,3,82,4.0,Yes,Yes,80,84,NotPlaced,56,63
2904,7.8,1,1,1,82,3.9,No,Yes,74,73,NotPlaced,69,73
2905,6.7,1,1,0,76,4.2,No,Yes,55,66,NotPlaced,42,51
2906,6.8,0,1,1,70,3.0,No,No,55,60,NotPlaced,76,79
2907,8.3,2,3,2,90,4.8,Yes,Yes,76,84,Placed,58,65
2908,7.5,1,1,1,72,4.6,Yes,No,62,63,NotPlaced,48,56
2909,7.4,1,1,1,77,3.9,No,Yes,59,69,NotPlaced,58,64
2910,6.6,1,2,1,68,4.7,No,No,56,66,NotPlaced,83,85
2911,8.4,1,3,0,82,4.1,No,Yes,74,86,NotPlaced,56,63
2912,6.7,1,2,1,64,3.8,No,Yes,82,64,NotPlaced,70,74
2913,7.8,2,3,2,83,4.8,No,Yes,74,83,NotPlaced,54,61
2914,8.7,2,3,2,81,4.8,Yes,Yes,87,85,Placed,76,79
2915,6.6,1,1,0,71,4.5,Yes,No,90,64,NotPlaced,75,78
2916,8.4,2,3,2,90,4.6,Yes,Yes,74,85,Placed,92,92
2917,8.1,0,1,0,71,4.0,Yes,Yes,60,69,NotPlaced,62,67
2918,7.8,0,3,2,85,4.3,Yes,No,89,63,NotPlaced,75,78
2919,8.2,2,3,2,90,4.8,Yes,Yes,85,83,Placed,66,71
2920,7.6,1,3,0,82,3.8,Yes,Yes,78,65,NotPlaced,84,85
2921,7.7,1,1,1,71,4.4,Yes,Yes,66,73,NotPlaced,54,61
2922,7.6,1,2,2,65,4.8,Yes,No,58,72,NotPlaced,76,78
2923,8.4,1,3,0,82,4.8,Yes,Yes,75,81,Placed,62,67
2924,7.7,1,3,1,84,3.9,No,Yes,55,78,NotPlaced,64,69
2925,6.6,0,3,0,86,4.8,No,No,79,66,NotPlaced,66,71
2926,7.2,1,1,1,62,4.0,No,No,74,63,NotPlaced,68,73
2927,7.5,0,2,1,69,4.5,No,Yes,55,60,NotPlaced,63,68
2928,6.5,1,1,1,68,4.6,No,No,58,63,NotPlaced,68,72
2929,8.3,2,3,0,85,4.7,Yes,Yes,73,87,NotPlaced,88,88
2930,8.9,1,3,2,83,4.6,Yes,Yes,71,84,Placed,79,81
2931,7.3,1,1,1,68,3.3,No,Yes,55,67,NotPlaced,78,80
2932,7.8,1,1,0,77,4.1,No,Yes,64,67,NotPlaced,58,64
2933,7.5,1,1,0,68,3.7,No,No,57,63,NotPlaced,51,59
2934,8.6,1,1,3,81,4.7,No,Yes,72,86,Placed,79,81
2935,7.5,0,2,0,63,4.5,Yes,Yes,56,62,Placed,78,80
2936,8.6,2,3,1,90,4.8,Yes,Yes,58,71,Placed,87,87
2937,6.9,1,1,0,67,4.1,Yes,Yes,62,71,NotPlaced,55,62
2938,8.3,1,3,2,90,4.8,Yes,Yes,79,84,Placed,61,67
2939,7.9,0,1,1,73,4.1,No,Yes,79,80,NotPlaced,40,50
2940,8.2,1,2,2,90,4.7,Yes,Yes,83,87,NotPlaced,59,65
2941,7.9,1,1,0,72,3.6,No,No,55,68,NotPlaced,79,81
2942,6.5,1,2,2,70,4.1,No,No,68,68,NotPlaced,58,64
2943,7.7,1,1,0,67,3.6,No,No,57,64,NotPlaced,74,77
2944,8.1,2,1,0,86,4.3,Yes,Yes,72,80,NotPlaced,62,67
2945,8.2,2,3,2,83,3.8,Yes,Yes,73,69,NotPlaced,69,73
2946,8.0,1,2,0,85,4.3,Yes,Yes,69,81,NotPlaced,47,56
2947,7.9,1,3,2,88,4.5,Yes,No,90,69,Placed,66,71
2948,8.5,1,3,2,90,4.8,Yes,Yes,87,85,Placed,20,34
2949,6.7,1,1,0,71,4.3,No,Yes,57,60,Placed,62,67
2950,7.3,0,1,1,80,4.5,No,Yes,55,69,NotPlaced,40,50
2951,8.1,1,3,2,90,4.8,Yes,Yes,84,88,Placed,83,84
2952,9.1,2,1,3,84,4.8,Yes,Yes,81,85,Placed,76,79
2953,8.6,1,3,2,89,4.6,Yes,Yes,75,83,Placed,72,75
2954,6.7,2,1,1,77,4.5,Yes,Yes,64,62,NotPlaced,87,88
2955,7.9,1,2,0,66,4.5,No,Yes,60,63,NotPlaced,50,58
2956,8.3,1,3,2,74,4.7,Yes,Yes,78,84,NotPlaced,91,90
2957,8.6,1,3,2,82,4.8,Yes,Yes,85,86,Placed,78,81
2958,7.1,1,1,0,74,4.6,Yes,No,55,75,NotPlaced,61,67
2959,7.3,1,1,0,77,4.3,Yes,Yes,66,68,NotPlaced,82,83
2960,7.7,1,3,2,85,4.8,Yes,Yes,80,86,Placed,48,56
2961,8.5,1,3,0,74,4.3,Yes,Yes,78,62,Placed,52,60
2962,7.5,1,2,1,76,3.4,No,No,55,65,NotPlaced,55,62
2963,6.5,0,2,1,72,3.9,No,Yes,59,60,NotPlaced,57,63
2964,7.0,2,2,1,74,4.3,No,Yes,55,83,NotPlaced,49,57
2965,7.8,1,3,1,90,4.4,Yes,Yes,85,82,Placed,83,84
2966,8.4,2,3,2,89,4.6,Yes,Yes,74,86,Placed,61,66
2967,6.7,2,1,1,75,4.6,No,No,61,67,NotPlaced,70,74
2968,8.6,0,3,2,85,4.7,Yes,Yes,78,80,Placed,56,63
2969,8.1,1,2,2,84,4.5,Yes,Yes,78,84,Placed,37,48
2970,7.8,2,3,2,90,4.8,Yes,Yes,88,80,Placed,69,73
2971,6.5,1,1,1,83,4.7,No,No,55,71,NotPlaced,36,47
2972,8.6,0,3,1,81,4.6,Yes,Yes,74,85,Placed,63,69
2973,8.1,1,3,2,70,4.7,No,Yes,65,75,Placed,44,53
2974,8.5,2,3,2,86,4.7,Yes,No,76,80,NotPlaced,94,93
2975,6.5,0,2,1,80,3.9,No,No,55,65,NotPlaced,78,80
2976,8.3,1,2,1,74,4.2,Yes,Yes,76,81,NotPlaced,66,71
2977,7.6,2,3,0,90,4.8,Yes,Yes,79,67,Placed,83,85
2978,6.8,1,1,2,84,4.5,Yes,Yes,69,88,NotPlaced,52,59
2979,8.1,0,2,0,75,4.3,Yes,Yes,60,72,NotPlaced,73,76
2980,8.2,2,3,2,90,4.8,Yes,Yes,79,84,Placed,67,72
2981,7.8,2,3,3,82,4.3,Yes,Yes,88,84,NotPlaced,68,73
2982,7.7,0,1,1,77,3.3,No,No,56,68,NotPlaced,84,85
2983,8.7,1,2,1,90,4.6,Yes,Yes,75,88,Placed,75,78
2984,7.8,0,2,1,65,4.3,Yes,No,56,67,Placed,69,73
2985,8.3,1,2,2,83,4.2,Yes,Yes,55,88,Placed,40,50
2986,6.8,1,1,1,84,4.2,No,No,55,69,NotPlaced,50,58
2987,7.4,1,1,0,77,4.2,No,Yes,55,70,NotPlaced,63,68
2988,8.6,2,3,2,88,4.5,Yes,Yes,82,85,NotPlaced,66,71
2989,6.5,1,1,1,60,3.4,No,No,55,68,NotPlaced,48,56
2990,8.4,1,3,2,80,4.4,Yes,Yes,61,79,NotPlaced,100,98
2991,8.3,2,3,2,86,4.8,Yes,Yes,78,86,Placed,87,88
2992,7.6,1,2,1,75,4.3,Yes,Yes,80,67,Placed,74,77
2993,7.5,1,2,0,67,4.2,No,No,55,64,NotPlaced,66,70
2994,6.5,2,3,0,84,4.8,No,Yes,62,84,NotPlaced,61,67
2995,6.5,0,1,1,90,3.7,No,Yes,64,71,NotPlaced,50,58
2996,8.1,1,1,1,77,4.6,Yes,Yes,73,87,NotPlaced,66,70
2997,6.7,1,2,1,85,4.4,No,Yes,55,71,NotPlaced,68,73
2998,7.1,1,2,0,72,4.4,Yes,No,69,69,NotPlaced,46,55
2999,8.4,2,3,2,90,4.7,Yes,Yes,78,83,Placed,70,74
3000,7.6,0,3,0,90,4.7,No,Yes,73,77,NotPlaced,62,68
3001,6.5,1,1,0,79,4.4,No,Yes,55,69,NotPlaced,36,47
3002,8.2,1,3,2,85,4.4,Yes,Yes,76,88,Placed,52,59
3003,6.5,1,1,1,64,3.4,No,No,56,61,NotPlaced,58,65
3004,8.2,1,2,1,90,4.8,Yes,No,82,63,NotPlaced,93,92
3005,8.7,2,3,2,90,4.8,Yes,Yes,89,86,Placed,73,76
3006,8.3,2,3,2,89,4.1,Yes,Yes,77,77,Placed,44,53
3007,7.9,1,2,2,83,4.5,Yes,No,69,87,Placed,72,75
3008,6.7,0,2,1,79,3.3,No,No,73,69,NotPlaced,41,51
3009,7.6,0,1,0,69,4.7,No,No,56,67,NotPlaced,81,82
3010,8.2,2,3,2,90,4.8,Yes,Yes,78,88,Placed,57,64
3011,6.5,1,2,1,82,4.4,No,Yes,55,69,NotPlaced,63,68
3012,8.3,1,2,1,81,4.0,Yes,Yes,55,63,NotPlaced,84,85
3013,8.3,1,3,1,73,4.5,Yes,Yes,83,66,Placed,45,54
3014,6.5,2,3,0,88,4.5,No,No,79,62,NotPlaced,44,53
3015,7.6,1,2,1,73,4.3,Yes,Yes,56,67,NotPlaced,56,62
3016,6.5,1,1,1,71,4.1,No,No,56,70,NotPlaced,80,82
3017,6.5,1,1,0,79,4.4,No,Yes,55,69,NotPlaced,42,51
3018,8.1,2,2,2,90,4.6,No,No,88,79,NotPlaced,22,36
3019,7.6,2,2,2,81,4.3,No,Yes,85,82,NotPlaced,58,64
3020,8.3,2,3,2,87,4.7,No,Yes,71,85,Placed,73,76
3021,7.5,0,1,1,62,3.7,No,No,55,65,NotPlaced,83,84
3022,7.7,1,3,2,78,4.1,Yes,Yes,77,82,Placed,58,64
3023,7.7,0,2,2,72,4.8,Yes,No,85,67,NotPlaced,58,65
3024,8.8,2,3,2,90,4.8,Yes,Yes,84,88,Placed,82,83
3025,6.5,1,2,1,80,4.8,No,No,83,65,NotPlaced,36,47
3026,7.3,1,2,3,85,4.3,Yes,Yes,81,87,NotPlaced,59,65
3027,6.5,0,1,0,80,4.3,No,No,61,60,NotPlaced,67,72
3028,7.7,1,3,2,83,4.8,Yes,Yes,82,82,Placed,71,75
3029,8.7,1,3,2,72,4.8,Yes,Yes,84,72,Placed,57,63
3030,7.6,1,3,0,75,4.0,No,Yes,55,73,NotPlaced,65,70
3031,7.8,1,1,0,74,3.8,No,No,61,68,NotPlaced,27,40
3032,8.0,1,3,2,88,3.9,No,No,88,71,Placed,55,62
3033,7.8,1,3,1,80,4.2,No,Yes,71,87,NotPlaced,71,75
3034,7.4,1,1,1,79,4.0,Yes,No,55,70,Placed,50,58
3035,7.3,1,3,0,87,4.3,No,Yes,55,86,Placed,65,70
3036,8.0,2,3,3,84,4.0,Yes,Yes,75,60,NotPlaced,71,75
3037,7.3,1,1,1,66,4.4,No,No,60,64,NotPlaced,59,65
3038,7.4,1,2,1,66,4.3,No,No,78,70,NotPlaced,67,72
3039,8.3,1,2,2,87,4.3,Yes,Yes,81,88,Placed,50,58
3040,8.3,1,3,1,83,4.1,No,Yes,66,82,NotPlaced,61,67
3041,8.9,0,2,1,79,4.6,No,No,62,75,NotPlaced,74,77
3042,7.9,1,1,0,68,3.9,No,No,62,74,NotPlaced,67,71
3043,7.5,1,1,0,73,4.0,No,No,74,70,NotPlaced,56,62
3044,8.3,1,2,0,78,4.4,Yes,Yes,57,81,NotPlaced,68,72
3045,7.6,2,1,2,79,4.4,No,Yes,57,70,NotPlaced,75,78
3046,6.5,0,1,1,64,4.5,Yes,Yes,70,87,NotPlaced,34,45
3047,7.6,0,1,0,71,4.0,No,Yes,58,66,NotPlaced,82,83
3048,8.3,1,2,2,78,4.4,Yes,Yes,76,85,Placed,59,65
3049,8.4,2,3,2,90,4.8,Yes,Yes,78,83,Placed,71,75
3050,7.8,2,3,2,90,4.5,Yes,Yes,82,82,Placed,82,84
3051,8.2,1,1,1,76,3.5,No,Yes,85,63,Placed,44,53
3052,8.6,1,3,0,77,4.0,No,Yes,55,70,NotPlaced,54,61
3053,7.4,0,1,1,82,4.5,No,Yes,55,69,NotPlaced,60,66
3054,7.4,1,2,2,77,4.6,Yes,Yes,66,83,Placed,53,60
3055,8.4,2,2,2,78,4.1,No,Yes,83,80,Placed,91,90
3056,8.5,2,3,2,85,4.8,Yes,Yes,87,83,Placed,52,59
3057,6.5,1,1,1,76,3.9,Yes,Yes,68,62,NotPlaced,56,63
3058,8.3,2,3,2,87,4.8,Yes,Yes,83,86,Placed,68,72
3059,7.3,1,2,1,70,4.0,No,No,55,73,NotPlaced,46,55
3060,7.7,1,1,0,67,4.4,No,Yes,81,73,NotPlaced,59,65
3061,8.2,2,2,2,76,4.3,Yes,Yes,76,66,Placed,69,73
3062,8.1,2,3,2,89,4.8,Yes,Yes,88,67,NotPlaced,60,66
3063,6.5,1,1,0,70,4.1,Yes,Yes,58,58,NotPlaced,63,68
3064,8.8,2,3,2,90,4.6,Yes,Yes,85,83,Placed,57,63
3065,8.6,2,3,2,90,4.8,Yes,Yes,71,81,Placed,42,51
3066,6.5,1,2,1,79,3.9,No,Yes,55,70,NotPlaced,69,73
3067,8.1,0,1,0,70,3.6,Yes,Yes,65,63,NotPlaced,91,91
3068,6.9,1,2,1,68,3.8,Yes,Yes,70,66,NotPlaced,65,70
3069,8.7,2,3,2,89,4.5,Yes,Yes,63,87,Placed,68,72
3070,7.2,1,1,1,63,3.9,No,No,61,67,NotPlaced,75,78
3071,6.5,1,1,0,78,3.9,No,Yes,57,70,NotPlaced,45,54
3072,6.5,1,3,0,83,4.8,Yes,No,87,81,NotPlaced,90,90
3073,8.2,1,3,2,83,4.3,Yes,No,83,63,NotPlaced,68,72
3074,7.9,2,3,2,90,4.7,Yes,Yes,88,65,Placed,89,89
3075,8.7,2,3,2,86,4.8,Yes,Yes,81,84,Placed,54,61
3076,7.7,0,3,2,90,4.5,No,Yes,86,86,Placed,92,91
3077,8.0,0,2,2,75,3.8,Yes,No,76,82,NotPlaced,76,79
3078,7.7,1,1,1,90,4.1,No,Yes,75,71,Placed,73,76
3079,6.5,2,3,2,79,3.7,Yes,Yes,57,68,Placed,68,72
3080,6.5,1,2,0,73,4.5,No,Yes,79,63,NotPlaced,61,67
3081,7.9,1,3,2,82,4.4,Yes,Yes,80,88,NotPlaced,83,84
3082,8.2,1,1,0,75,4.5,No,No,60,87,NotPlaced,67,71
3083,8.3,1,3,2,74,4.4,Yes,Yes,82,82,Placed,35,46
3084,8.7,1,3,1,71,4.8,Yes,Yes,76,81,Placed,48,56
3085,7.7,1,1,1,68,4.2,No,Yes,74,74,NotPlaced,62,67
3086,8.3,2,3,2,90,4.8,Yes,Yes,80,87,Placed,69,73
3087,7.7,1,1,0,81,4.3,No,No,60,70,Placed,64,69
3088,6.6,0,2,2,77,4.2,No,Yes,55,66,NotPlaced,83,84
3089,7.7,1,1,2,69,4.7,No,Yes,72,63,NotPlaced,35,46
3090,7.1,1,1,1,72,3.9,No,No,57,57,NotPlaced,67,71
3091,6.5,1,1,0,74,3.6,No,Yes,58,67,NotPlaced,37,48
3092,8.1,1,2,0,90,4.6,Yes,Yes,84,86,Placed,76,79
3093,6.7,2,1,1,69,3.8,No,Yes,62,61,NotPlaced,63,68
3094,7.4,1,2,1,66,3.5,No,No,55,65,NotPlaced,71,75
3095,7.6,1,2,0,65,4.8,Yes,Yes,73,85,NotPlaced,52,59
3096,8.4,2,3,0,90,4.7,Yes,Yes,78,83,Placed,84,85
3097,7.8,1,1,0,78,4.4,Yes,No,56,66,NotPlaced,80,82
3098,8.5,1,3,2,90,4.8,Yes,Yes,79,86,Placed,73,77
3099,7.6,1,1,1,60,4.4,No,Yes,59,70,NotPlaced,63,68
3100,7.7,1,1,0,81,3.9,No,Yes,76,68,NotPlaced,73,76
3101,8.8,2,3,2,90,4.8,Yes,Yes,84,80,Placed,54,61
3102,7.7,1,1,1,82,3.8,No,No,55,71,NotPlaced,77,80
3103,7.6,1,1,1,81,4.5,No,Yes,63,67,NotPlaced,89,89
3104,7.9,2,1,1,80,4.7,Yes,Yes,85,84,Placed,81,82
3105,8.7,2,3,1,90,4.8,Yes,Yes,72,83,NotPlaced,54,61
3106,6.7,1,1,0,75,4.1,No,No,64,59,NotPlaced,70,74
3107,7.0,1,2,1,83,4.8,Yes,Yes,58,64,NotPlaced,45,54
3108,7.6,1,1,0,62,4.2,No,Yes,55,80,NotPlaced,73,76
3109,7.0,1,3,2,75,4.4,Yes,Yes,74,63,Placed,71,75
3110,7.4,1,2,1,75,4.3,No,Yes,55,66,NotPlaced,36,47
3111,7.1,1,1,2,71,4.2,No,Yes,57,71,NotPlaced,47,56
3112,8.1,2,3,0,66,4.2,Yes,No,63,58,NotPlaced,60,66
3113,7.6,1,1,1,62,3.8,No,Yes,74,68,NotPlaced,60,66
3114,8.3,1,3,2,89,4.8,Yes,Yes,86,86,Placed,46,55
3115,6.8,1,1,0,69,4.0,No,No,55,63,NotPlaced,70,74
3116,7.4,0,1,1,67,3.4,No,No,62,64,NotPlaced,68,73
3117,7.2,1,2,1,72,4.4,No,Yes,63,74,NotPlaced,62,67
3118,7.9,1,3,1,82,4.1,No,Yes,55,69,NotPlaced,53,60
3119,8.1,1,2,1,85,4.7,No,Yes,55,80,NotPlaced,80,82
3120,7.7,1,2,2,85,4.8,Yes,Yes,87,86,Placed,89,89
3121,7.4,1,1,0,68,3.5,No,No,61,70,NotPlaced,57,64
3122,6.6,0,1,2,79,4.2,Yes,No,69,84,Placed,55,62
3123,7.6,1,2,0,80,3.8,Yes,Yes,55,66,NotPlaced,72,75
3124,8.0,1,2,2,73,4.4,No,No,83,61,NotPlaced,59,65
3125,6.9,1,1,1,65,4.4,No,Yes,62,71,NotPlaced,62,68
3126,8.3,1,3,1,87,4.4,Yes,Yes,59,83,Placed,76,78
3127,8.6,1,3,1,85,4.8,Yes,No,73,86,NotPlaced,36,47
3128,7.4,1,1,1,70,3.7,No,No,55,68,NotPlaced,84,85
3129,6.9,0,2,0,63,4.3,No,No,69,68,NotPlaced,66,70
3130,7.3,0,1,0,75,3.9,No,Yes,57,63,NotPlaced,58,65
3131,8.5,1,2,2,79,4.3,Yes,Yes,82,84,Placed,63,68
3132,7.7,0,2,0,77,4.6,Yes,Yes,71,72,NotPlaced,64,69
3133,7.6,0,1,1,71,3.9,No,Yes,66,65,NotPlaced,39,49
3134,7.2,1,1,0,76,4.0,No,Yes,65,68,NotPlaced,87,87
3135,8.2,2,1,1,75,3.7,Yes,Yes,68,84,NotPlaced,65,70
3136,7.5,1,2,0,81,4.0,Yes,Yes,71,88,Placed,71,75
3137,8.0,2,3,2,88,4.6,Yes,Yes,81,87,Placed,79,81
3138,7.6,0,3,0,82,4.4,Yes,No,84,80,NotPlaced,49,57
3139,8.3,1,2,0,78,4.5,No,Yes,63,60,NotPlaced,72,75
3140,7.4,1,2,2,77,3.7,Yes,Yes,79,88,NotPlaced,60,66
3141,7.8,1,2,1,77,4.6,Yes,Yes,71,76,Placed,77,80
3142,7.5,0,1,0,66,4.2,No,No,58,65,NotPlaced,33,44
3143,8.7,2,3,2,90,4.8,Yes,Yes,90,80,Placed,63,68
3144,8.2,0,3,0,90,4.4,Yes,Yes,86,78,Placed,55,62
3145,7.6,1,3,0,81,4.7,Yes,Yes,79,82,Placed,71,75
3146,7.8,1,1,1,79,3.8,No,No,55,74,Placed,72,75
3147,8.1,1,2,2,83,4.5,No,Yes,77,82,NotPlaced,54,61
3148,8.0,1,3,2,90,4.8,Yes,Yes,71,82,NotPlaced,54,61
3149,8.3,2,2,2,76,4.6,No,Yes,55,71,Placed,63,68
3150,6.5,1,1,0,70,4.4,No,Yes,74,72,NotPlaced,51,59
3151,7.9,0,3,0,87,3.9,Yes,Yes,78,82,NotPlaced,77,80
3152,7.7,0,3,0,88,4.8,Yes,Yes,73,77,Placed,59,65
3153,8.1,2,3,2,86,4.7,Yes,Yes,84,84,Placed,21,35
3154,7.4,1,1,0,77,4.5,No,Yes,69,73,NotPlaced,59,65
3155,7.9,2,3,2,90,4.8,Yes,No,71,62,Placed,49,57
3156,6.6,0,1,0,73,4.3,Yes,Yes,58,68,NotPlaced,40,50
3157,6.5,0,1,0,71,3.9,No,Yes,66,66,NotPlaced,46,55
3158,7.4,1,3,1,71,4.4,Yes,No,63,76,NotPlaced,66,71
3159,8.1,1,2,0,77,4.8,Yes,Yes,80,87,Placed,84,85
3160,6.5,0,1,0,70,4.2,Yes,No,64,81,NotPlaced,69,73
3161,8.1,2,3,2,89,4.8,Yes,No,79,83,Placed,55,62
3162,7.3,0,3,0,83,4.3,Yes,No,73,74,NotPlaced,71,75
3163,8.1,1,1,0,68,4.4,No,No,58,86,Placed,58,64
3164,6.5,1,1,0,88,4.0,Yes,Yes,58,70,Placed,54,61
3165,6.8,0,1,0,72,4.0,Yes,Yes,80,65,Placed,47,56
3166,7.8,1,1,0,90,4.3,No,Yes,69,84,Placed,38,48
3167,8.3,1,2,0,83,4.2,Yes,No,79,84,NotPlaced,59,65
3168,7.8,0,3,0,81,4.2,Yes,Yes,67,66,NotPlaced,67,71
3169,7.7,1,2,0,82,4.1,No,No,55,65,NotPlaced,63,68
3170,7.9,1,1,1,67,3.3,Yes,Yes,71,68,NotPlaced,58,65
3171,6.5,0,3,2,84,4.4,Yes,Yes,68,72,Placed,50,58
3172,8.4,0,3,2,81,4.8,Yes,Yes,84,84,NotPlaced,74,77
3173,6.5,2,1,1,76,4.8,Yes,No,74,69,NotPlaced,45,54
3174,8.1,2,3,3,85,4.8,Yes,No,57,82,NotPlaced,76,79
3175,8.0,1,1,0,70,4.3,No,No,62,64,NotPlaced,49,57
3176,8.3,1,2,1,77,4.6,Yes,Yes,82,80,Placed,53,60
3177,6.8,1,2,0,67,4.1,No,Yes,57,65,NotPlaced,42,52
3178,7.4,0,2,0,74,4.1,No,Yes,64,63,Placed,57,63
3179,7.6,1,1,0,80,3.6,No,No,55,67,NotPlaced,79,81
3180,7.3,1,1,0,61,3.3,No,No,55,67,NotPlaced,72,76
3181,7.7,1,1,0,69,4.4,No,No,55,69,NotPlaced,79,81
3182,7.8,1,3,1,88,4.0,No,Yes,72,83,NotPlaced,72,76
3183,8.4,0,2,3,82,4.4,Yes,Yes,77,88,Placed,48,56
3184,7.9,1,3,2,88,4.8,Yes,Yes,77,88,NotPlaced,60,66
3185,6.8,1,2,0,80,3.8,No,Yes,77,80,Placed,53,60
3186,8.4,2,3,2,90,4.8,Yes,Yes,77,88,Placed,84,85
3187,7.9,1,2,1,77,4.3,No,No,55,63,Placed,47,55
3188,8.2,1,1,1,68,3.7,Yes,No,68,62,NotPlaced,78,80
3189,7.6,1,1,0,73,4.3,No,Yes,68,64,NotPlaced,78,80
3190,7.6,1,2,0,76,4.8,Yes,Yes,71,79,NotPlaced,92,91
3191,8.3,1,2,0,69,4.4,No,Yes,55,63,NotPlaced,58,65
3192,8.5,1,3,2,90,4.8,Yes,Yes,80,85,Placed,75,78
3193,7.4,1,1,0,64,3.7,No,No,56,59,NotPlaced,99,97
3194,8.1,2,2,0,78,4.8,Yes,No,58,79,NotPlaced,55,62
3195,8.0,2,3,2,79,4.3,Yes,No,64,69,NotPlaced,41,51
3196,7.6,0,1,0,75,4.3,Yes,Yes,55,66,NotPlaced,36,47
3197,7.6,2,3,1,89,4.5,Yes,No,72,84,Placed,75,78
3198,8.4,0,1,2,76,3.4,No,Yes,77,85,Placed,36,47
3199,8.1,2,3,2,85,4.5,No,Yes,55,75,Placed,59,65
3200,8.3,1,3,3,90,4.8,Yes,Yes,67,85,Placed,71,75
3201,7.5,1,3,0,85,4.6,Yes,Yes,80,69,Placed,67,72
3202,8.2,2,3,2,81,4.5,Yes,Yes,74,88,Placed,71,75
3203,8.4,1,2,0,76,4.7,Yes,Yes,55,65,NotPlaced,68,72
3204,8.6,2,3,2,90,4.7,Yes,Yes,75,88,Placed,84,85
3205,7.5,0,2,1,74,4.5,Yes,Yes,77,73,Placed,50,58
3206,8.7,2,3,2,90,4.8,Yes,Yes,74,81,NotPlaced,54,61
3207,8.2,1,3,1,86,4.3,Yes,Yes,71,85,Placed,53,60
3208,7.6,0,2,0,79,3.8,No,Yes,55,63,NotPlaced,77,79
3209,7.7,1,1,1,68,3.8,No,No,57,69,NotPlaced,78,80
3210,6.5,1,2,1,69,4.1,No,Yes,72,60,NotPlaced,71,75
3211,8.4,2,3,0,74,4.3,Yes,Yes,74,84,NotPlaced,82,84
3212,6.8,0,1,1,63,3.7,Yes,No,63,65,NotPlaced,47,55
3213,7.5,1,2,2,82,4.1,Yes,Yes,83,69,NotPlaced,90,90
3214,7.9,1,1,0,76,3.3,Yes,No,81,77,NotPlaced,87,88
3215,8.6,1,3,2,87,4.8,Yes,Yes,75,85,Placed,76,78
3216,7.8,0,3,2,89,4.7,Yes,Yes,72,88,Placed,91,91
3217,7.5,2,2,0,70,4.4,No,Yes,55,62,NotPlaced,40,50
3218,8.1,2,3,2,89,4.5,Yes,Yes,81,81,NotPlaced,57,63
3219,6.7,1,1,1,67,4.7,No,Yes,81,64,Placed,53,61
3220,8.1,2,3,2,90,4.5,Yes,Yes,80,88,Placed,75,78
3221,6.5,0,2,1,79,4.3,No,No,57,71,NotPlaced,49,57
3222,8.3,1,3,2,83,4.6,Yes,No,69,87,Placed,76,79
3223,6.6,0,1,0,79,4.4,No,Yes,55,64,NotPlaced,85,86
3224,7.8,0,3,2,82,4.5,No,Yes,60,63,Placed,75,78
3225,7.5,0,1,0,60,3.8,No,No,55,67,NotPlaced,69,73
3226,7.5,1,2,0,76,3.4,No,Yes,79,71,NotPlaced,50,58
3227,8.2,2,1,2,74,3.9,No,No,79,64,NotPlaced,52,59
3228,8.3,2,3,3,90,4.8,Yes,Yes,90,83,Placed,83,84
3229,8.4,1,1,0,84,4.7,Yes,No,62,63,NotPlaced,76,79
3230,8.3,2,1,1,79,4.2,Yes,No,78,74,NotPlaced,64,69
3231,8.5,2,3,2,84,4.8,Yes,Yes,70,85,Placed,58,64
3232,8.4,2,2,0,74,4.3,Yes,No,60,73,Placed,34,45
3233,7.1,1,1,0,79,4.6,No,No,62,72,NotPlaced,48,57
3234,7.6,2,2,3,86,4.8,Yes,Yes,85,84,Placed,93,92
3235,8.8,1,3,0,88,4.4,No,Yes,71,82,NotPlaced,45,54
3236,8.3,1,3,2,90,4.5,Yes,Yes,56,71,Placed,67,72
3237,8.4,2,3,2,90,4.8,Yes,Yes,84,88,Placed,80,82
3238,8.2,0,3,2,90,4.7,Yes,No,82,86,Placed,46,54
3239,8.1,2,2,1,75,3.8,No,No,55,64,NotPlaced,67,72
3240,6.5,1,1,0,74,3.5,No,No,74,62,NotPlaced,79,81
3241,7.6,1,1,0,77,4.4,No,No,55,65,NotPlaced,65,70
3242,8.3,1,3,0,76,3.8,Yes,Yes,77,66,Placed,100,100
3243,7.1,1,2,0,89,4.7,No,No,78,69,NotPlaced,39,49
3244,7.5,0,1,1,67,3.6,Yes,No,55,60,NotPlaced,80,82
3245,7.7,0,3,1,68,4.4,Yes,No,62,62,NotPlaced,62,67
3246,8.3,2,3,2,79,4.7,Yes,Yes,85,65,Placed,76,79
3247,6.5,1,1,0,69,3.4,No,No,66,66,NotPlaced,71,75
3248,8.4,1,3,0,76,4.7,Yes,Yes,72,74,Placed,54,61
3249,8.1,2,1,1,90,4.4,No,No,70,84,Placed,68,72
3250,7.6,2,2,2,90,4.1,Yes,Yes,82,80,Placed,37,47
3251,8.3,1,3,2,90,4.8,Yes,Yes,75,80,Placed,74,77
3252,7.4,2,2,0,81,4.7,Yes,Yes,74,65,NotPlaced,69,73
3253,7.7,1,2,1,69,4.8,Yes,Yes,61,70,Placed,74,77
3254,7.6,1,1,0,83,3.7,Yes,Yes,69,82,NotPlaced,80,82
3255,7.6,1,1,1,73,4.1,No,No,55,67,NotPlaced,70,74
3256,8.8,2,3,2,90,4.8,Yes,Yes,84,83,Placed,67,71
3257,7.7,1,3,0,89,4.8,Yes,Yes,71,71,Placed,51,59
3258,7.3,0,1,2,75,4.5,Yes,Yes,73,79,Placed,54,61
3259,6.7,0,1,1,66,3.9,No,Yes,55,61,NotPlaced,82,84
3260,6.5,1,1,0,75,3.5,No,No,55,67,NotPlaced,86,87
3261,6.6,1,1,0,76,4.4,No,No,57,62,NotPlaced,61,67
3262,7.1,0,1,0,69,4.2,No,Yes,57,71,Placed,65,70
3263,8.6,1,2,2,80,4.8,Yes,Yes,73,80,NotPlaced,51,59
3264,8.3,2,3,2,90,4.6,Yes,Yes,70,84,Placed,82,84
3265,8.1,1,3,2,78,4.8,Yes,Yes,78,84,NotPlaced,74,77
3266,7.6,0,1,1,77,3.4,No,No,58,67,NotPlaced,94,93
3267,7.4,1,3,1,89,3.6,Yes,Yes,68,83,NotPlaced,51,59
3268,7.5,1,2,1,71,4.0,Yes,Yes,72,63,NotPlaced,59,65
3269,8.2,2,3,2,82,4.5,Yes,Yes,72,88,Placed,68,72
3270,8.5,1,1,1,71,3.8,No,Yes,63,87,NotPlaced,74,77
3271,8.4,2,3,2,90,4.6,Yes,Yes,83,88,Placed,61,67
3272,7.4,1,1,0,75,4.3,No,No,60,64,NotPlaced,51,59
3273,6.6,1,1,1,68,4.1,Yes,Yes,77,69,NotPlaced,78,80
3274,8.6,2,3,2,84,4.7,Yes,Yes,71,82,Placed,75,78
3275,8.2,2,3,2,89,4.8,Yes,Yes,84,86,Placed,51,59
3276,7.8,1,2,1,89,4.8,Yes,Yes,70,73,NotPlaced,85,86
3277,7.4,1,1,1,75,4.2,Yes,Yes,64,64,NotPlaced,82,84
3278,8.2,1,3,2,90,4.7,Yes,Yes,83,82,Placed,67,71
3279,8.3,2,2,0,76,3.9,No,No,83,80,NotPlaced,66,70
3280,8.5,1,3,0,90,4.1,Yes,Yes,81,85,Placed,73,76
3281,6.5,1,1,2,90,4.8,Yes,No,75,80,NotPlaced,52,59
3282,8.4,1,2,2,88,4.1,Yes,Yes,66,86,Placed,65,70
3283,8.7,1,1,0,83,4.3,No,No,66,70,Placed,32,44
3284,8.1,0,2,1,79,4.4,No,No,68,66,Placed,78,80
3285,6.6,0,1,0,88,4.3,No,Yes,55,72,NotPlaced,41,51
3286,7.2,1,1,2,74,4.7,No,No,55,78,NotPlaced,87,88
3287,7.4,1,2,0,78,3.9,No,Yes,73,72,NotPlaced,60,66
3288,7.5,1,1,1,68,3.8,No,No,56,63,NotPlaced,61,67
3289,8.2,1,3,2,88,4.4,Yes,No,74,84,NotPlaced,55,62
3290,7.4,1,1,1,66,4.2,No,Yes,56,62,NotPlaced,60,66
3291,7.7,0,2,0,70,3.6,No,Yes,57,66,NotPlaced,86,87
3292,8.3,0,3,2,90,4.8,Yes,Yes,83,84,Placed,27,40
3293,6.5,1,2,0,83,4.5,No,No,69,71,NotPlaced,84,85
3294,7.5,1,1,1,64,4.3,No,No,55,71,NotPlaced,70,74
3295,8.1,2,3,2,82,4.3,No,Yes,55,66,NotPlaced,46,55
3296,8.7,1,3,1,88,4.6,Yes,Yes,76,80,Placed,48,57
3297,8.3,1,3,2,85,4.2,Yes,Yes,73,83,Placed,90,90
3298,6.5,0,2,0,69,3.6,No,Yes,55,75,NotPlaced,50,58
3299,8.3,2,3,2,90,4.8,Yes,Yes,87,67,Placed,47,56
3300,7.1,1,3,2,76,4.8,Yes,Yes,78,80,Placed,82,83
3301,6.5,0,1,1,74,4.1,No,No,55,64,NotPlaced,70,74
3302,6.9,1,3,1,79,4.2,Yes,Yes,73,71,NotPlaced,50,58
3303,6.5,1,1,1,76,4.6,Yes,Yes,60,73,NotPlaced,68,72
3304,7.5,0,1,0,75,3.7,No,No,61,70,NotPlaced,49,57
3305,7.5,1,1,0,75,3.7,No,No,57,66,NotPlaced,81,83
3306,7.9,1,1,0,87,4.4,No,Yes,58,70,Placed,80,82
3307,7.5,1,2,1,60,3.4,Yes,Yes,78,84,NotPlaced,72,76
3308,8.3,1,3,2,90,4.7,Yes,Yes,65,87,NotPlaced,70,74
3309,8.2,0,3,2,90,4.8,Yes,Yes,78,87,Placed,91,91
3310,7.6,1,1,1,83,4.2,Yes,Yes,68,86,Placed,64,69
3311,8.5,0,3,2,90,4.7,Yes,Yes,70,86,Placed,47,55
3312,8.6,2,2,2,90,4.8,Yes,Yes,78,83,Placed,71,75
3313,8.5,1,3,2,90,4.3,Yes,Yes,72,87,Placed,96,95
3314,6.5,1,2,1,70,3.9,No,No,56,68,NotPlaced,49,57
3315,8.9,1,3,0,84,4.5,Yes,Yes,72,84,Placed,59,65
3316,7.3,1,1,1,66,3.8,No,Yes,59,70,NotPlaced,71,74
3317,7.9,1,2,1,87,4.4,Yes,No,58,83,NotPlaced,64,69
3318,7.3,1,1,1,77,3.8,No,Yes,68,69,NotPlaced,50,58
3319,6.5,1,1,1,78,3.6,No,Yes,86,67,NotPlaced,81,83
3320,7.9,2,3,2,89,4.8,Yes,Yes,61,82,Placed,99,97
3321,7.8,1,2,2,77,4.8,Yes,Yes,85,87,Placed,67,72
3322,6.7,1,1,0,63,4.0,No,Yes,55,65,NotPlaced,51,59
3323,8.3,2,3,2,70,4.2,Yes,Yes,82,68,NotPlaced,41,51
3324,7.0,1,2,1,78,4.8,Yes,Yes,55,68,NotPlaced,68,73
3325,8.3,1,3,2,90,4.8,No,Yes,79,87,Placed,81,83
3326,6.5,1,1,1,68,3.4,No,No,60,69,NotPlaced,72,75
3327,6.8,1,1,1,72,4.8,No,Yes,62,67,NotPlaced,64,69
3328,6.5,0,1,0,86,4.5,No,No,63,69,NotPlaced,56,62
3329,6.5,1,2,1,88,4.5,Yes,Yes,72,87,Placed,48,56
3330,8.0,0,3,2,87,3.8,No,No,73,63,Placed,77,80
3331,7.5,1,1,1,66,4.0,No,No,58,65,NotPlaced,78,80
3332,8.1,1,1,0,77,4.8,Yes,No,57,63,Placed,41,51
3333,7.4,0,1,0,60,3.0,No,No,55,70,NotPlaced,88,89
3334,6.5,2,1,1,83,3.6,Yes,Yes,76,67,NotPlaced,73,76
3335,6.5,1,2,2,90,4.5,Yes,Yes,55,70,Placed,85,86
3336,7.6,1,1,1,70,4.4,Yes,Yes,78,63,NotPlaced,44,53
3337,6.5,1,2,1,80,4.2,No,No,55,65,NotPlaced,44,53
3338,7.9,1,3,1,84,4.1,Yes,Yes,74,62,Placed,62,68
3339,8.2,1,2,0,75,4.5,Yes,Yes,55,62,Placed,72,76
3340,6.8,0,1,0,67,3.6,No,No,55,62,NotPlaced,91,91
3341,8.4,0,2,1,87,4.4,No,Yes,72,68,Placed,75,78
3342,7.9,2,3,3,82,4.6,Yes,Yes,83,86,Placed,61,67
3343,7.0,1,1,1,78,4.7,No,No,55,69,NotPlaced,49,57
3344,7.7,1,2,0,77,4.3,Yes,Yes,61,83,Placed,83,84
3345,7.4,0,2,0,71,3.8,No,No,55,64,NotPlaced,50,58
3346,8.4,2,3,2,87,4.5,Yes,Yes,77,86,Placed,89,89
3347,6.5,1,2,0,72,4.1,No,No,55,70,NotPlaced,60,66
3348,7.6,1,1,1,67,4.5,No,No,55,74,NotPlaced,88,89
3349,7.1,1,1,0,77,4.1,No,Yes,74,66,NotPlaced,75,78
3350,7.5,1,1,2,68,4.6,Yes,No,62,70,NotPlaced,62,68
3351,6.5,1,1,0,75,3.9,No,No,59,82,NotPlaced,57,63
3352,7.9,1,2,0,84,4.6,Yes,No,73,84,Placed,59,65
3353,6.5,1,1,1,83,3.8,Yes,No,72,72,Placed,71,75
3354,8.1,2,3,3,90,4.6,Yes,Yes,77,85,Placed,66,70
3355,8.3,1,3,2,90,4.5,Yes,Yes,75,79,Placed,56,62
3356,8.7,1,3,2,86,4.7,Yes,Yes,67,86,NotPlaced,62,68
3357,7.5,0,2,0,74,3.7,No,Yes,55,72,NotPlaced,66,70
3358,7.7,2,1,0,85,4.4,Yes,No,66,75,Placed,33,44
3359,6.8,1,1,0,76,4.3,No,No,67,65,NotPlaced,71,75
3360,8.5,1,3,1,82,4.7,Yes,Yes,76,88,Placed,50,58
3361,7.9,0,2,0,70,4.7,Yes,Yes,77,85,Placed,47,56
3362,7.4,1,1,0,85,3.7,No,No,57,67,NotPlaced,39,49
3363,8.1,1,2,0,79,4.1,Yes,Yes,85,68,Placed,38,48
3364,8.5,0,1,0,74,4.3,No,Yes,68,83,NotPlaced,44,53
3365,6.6,1,3,2,90,4.3,Yes,Yes,82,80,Placed,54,61
3366,8.4,2,2,2,83,4.5,Yes,Yes,84,86,Placed,94,93
3367,7.3,0,2,1,71,4.4,No,No,68,69,NotPlaced,57,63
3368,8.5,2,3,2,90,4.8,Yes,Yes,74,88,Placed,67,72
3369,8.5,2,3,2,88,4.8,Yes,Yes,82,87,Placed,71,74
3370,8.4,2,3,2,86,4.4,Yes,Yes,72,61,Placed,66,71
3371,8.2,2,3,2,90,4.7,Yes,No,75,85,Placed,63,69
3372,8.1,1,3,1,76,4.2,No,Yes,73,84,Placed,47,55
3373,7.4,1,1,2,85,4.4,Yes,No,75,67,Placed,86,87
3374,7.7,0,1,0,81,4.8,Yes,No,55,70,NotPlaced,92,91
3375,7.4,1,1,1,68,3.9,Yes,Yes,62,63,NotPlaced,39,49
3376,8.2,1,2,2,90,4.8,Yes,Yes,74,86,Placed,49,57
3377,8.2,2,3,2,87,4.6,Yes,No,87,86,Placed,60,66
3378,7.6,0,3,0,90,4.8,Yes,Yes,85,83,Placed,50,58
3379,7.5,2,2,0,73,3.3,No,No,55,62,NotPlaced,72,76
3380,8.4,2,1,2,86,4.4,Yes,Yes,83,81,Placed,54,61
3381,8.0,1,2,0,87,3.6,No,Yes,55,61,NotPlaced,97,95
3382,8.5,2,3,2,85,4.4,Yes,Yes,74,83,NotPlaced,82,84
3383,7.3,0,3,0,77,4.6,Yes,Yes,87,88,NotPlaced,68,72
3384,8.3,1,2,0,80,4.8,Yes,Yes,73,83,Placed,80,82
3385,8.6,0,1,0,77,4.1,No,Yes,60,71,NotPlaced,81,83
3386,7.5,1,1,1,70,3.6,No,Yes,55,64,NotPlaced,56,63
3387,8.8,2,1,2,83,4.8,Yes,Yes,84,83,Placed,52,60
3388,8.3,2,3,2,84,4.8,Yes,Yes,77,82,Placed,66,70
3389,6.6,0,1,3,75,3.9,No,No,56,73,NotPlaced,77,80
3390,7.9,2,3,2,90,4.6,Yes,Yes,82,81,Placed,67,71
3391,6.7,1,1,0,75,4.1,Yes,Yes,70,68,NotPlaced,41,51
3392,8.0,1,2,1,82,4.4,No,Yes,81,65,Placed,52,60
3393,7.4,2,2,2,87,4.0,Yes,Yes,79,84,Placed,63,69
3394,7.7,2,2,1,74,4.6,No,No,61,64,NotPlaced,63,69
3395,7.1,1,3,2,86,4.8,Yes,Yes,61,85,NotPlaced,94,93
3396,8.5,2,3,2,88,4.6,Yes,No,68,87,Placed,44,53
3397,6.5,0,1,1,70,4.2,No,No,70,65,NotPlaced,72,76
3398,7.2,2,1,1,78,4.3,Yes,Yes,90,63,Placed,87,87
3399,7.9,0,1,0,80,4.5,Yes,Yes,58,81,Placed,99,97
3400,7.5,1,3,0,71,4.0,No,No,64,85,NotPlaced,58,65
3401,7.7,2,3,2,86,4.6,Yes,Yes,61,84,Placed,72,75
3402,6.9,0,3,2,78,4.3,Yes,Yes,84,73,Placed,73,76
3403,7.6,1,2,0,80,4.4,No,No,61,72,NotPlaced,67,72
3404,8.7,1,3,0,77,3.5,Yes,Yes,56,58,Placed,63,68
3405,8.5,2,1,2,77,4.5,Yes,Yes,66,71,Placed,71,75
3406,8.2,1,2,0,87,4.2,Yes,Yes,73,84,NotPlaced,27,39
3407,8.1,2,3,2,78,3.4,Yes,Yes,83,81,Placed,75,78
3408,7.9,1,3,2,90,4.7,Yes,Yes,83,82,Placed,66,71
3409,7.8,2,3,2,90,4.8,Yes,Yes,68,87,Placed,61,67
3410,8.0,2,1,0,82,4.6,Yes,Yes,61,79,Placed,95,94
3411,8.3,1,2,1,71,4.0,Yes,Yes,55,61,NotPlaced,54,61
3412,8.6,1,2,3,75,4.5,Yes,Yes,56,85,Placed,58,65
3413,7.6,0,1,0,64,3.7,No,No,62,68,NotPlaced,94,93
3414,7.5,1,1,1,72,4.0,No,Yes,63,62,NotPlaced,52,60
3415,6.6,1,1,0,73,4.6,No,No,66,72,NotPlaced,56,63
3416,8.1,2,2,1,86,4.4,Yes,Yes,57,65,Placed,62,68
3417,7.7,2,3,0,83,4.6,Yes,No,80,75,NotPlaced,77,80
3418,8.1,1,3,2,90,4.6,Yes,Yes,72,88,Placed,68,72
3419,8.0,1,3,2,85,4.8,Yes,Yes,76,83,Placed,45,54
3420,8.1,2,1,1,87,4.1,Yes,Yes,55,69,NotPlaced,57,63
3421,7.6,1,2,1,90,4.5,Yes,Yes,68,86,NotPlaced,55,62
3422,8.4,2,1,2,87,4.5,Yes,No,63,82,Placed,63,69
3423,6.6,0,1,1,81,3.5,No,Yes,55,70,NotPlaced,71,75
3424,6.7,1,1,0,76,4.6,Yes,No,79,65,Placed,71,75
3425,8.3,0,3,2,78,4.1,Yes,Yes,65,65,Placed,38,48
3426,8.3,1,2,1,80,4.7,Yes,Yes,74,81,NotPlaced,80,82
3427,7.0,1,2,0,89,4.6,Yes,No,83,82,NotPlaced,68,73
3428,6.7,1,3,0,74,4.5,Yes,Yes,72,63,NotPlaced,85,86
3429,8.4,1,3,2,83,4.8,Yes,Yes,65,71,Placed,71,75
3430,8.1,0,3,2,89,4.8,Yes,Yes,72,85,Placed,81,83
3431,7.3,0,1,0,75,3.7,No,No,60,70,NotPlaced,71,75
3432,8.2,0,3,2,79,3.9,No,Yes,81,65,NotPlaced,85,86
3433,7.7,1,3,0,90,4.3,Yes,Yes,80,78,Placed,72,76
3434,8.5,1,3,2,75,4.1,Yes,Yes,76,77,Placed,63,68
3435,6.8,1,2,0,78,3.8,No,Yes,77,66,NotPlaced,99,97
3436,7.9,2,3,2,85,4.4,Yes,Yes,86,76,Placed,78,80
3437,8.5,0,3,0,83,4.8,Yes,Yes,78,86,NotPlaced,73,76
3438,7.6,1,1,0,66,3.2,No,No,55,63,NotPlaced,45,54
3439,7.3,1,3,0,87,4.6,Yes,No,55,70,NotPlaced,45,54
3440,7.5,0,1,0,67,4.5,No,No,87,70,NotPlaced,69,73
3441,8.2,0,3,2,86,3.9,Yes,Yes,75,84,NotPlaced,67,71
3442,8.0,1,1,0,81,4.6,Yes,Yes,85,87,NotPlaced,55,62
3443,7.8,1,3,2,90,4.8,Yes,Yes,86,70,Placed,67,71
3444,8.6,1,3,2,79,4.3,Yes,Yes,88,80,Placed,88,89
3445,8.2,2,3,2,75,4.2,Yes,Yes,75,81,Placed,75,78
3446,8.3,2,3,2,89,4.7,Yes,Yes,84,82,Placed,47,56
3447,7.4,0,1,0,66,4.2,No,No,63,73,NotPlaced,63,68
3448,8.5,0,3,2,90,4.8,Yes,Yes,70,88,Placed,52,60
3449,7.4,1,3,1,83,4.3,Yes,Yes,55,61,Placed,59,65
3450,8.4,2,3,3,90,4.7,Yes,Yes,85,80,Placed,58,65
3451,7.3,1,1,0,76,4.3,No,Yes,63,69,NotPlaced,57,64
3452,7.0,0,1,1,67,4.1,No,Yes,69,81,NotPlaced,46,54
3453,6.7,0,2,1,73,4.2,No,Yes,63,62,NotPlaced,63,68
3454,7.6,1,2,0,65,4.3,Yes,Yes,71,62,NotPlaced,56,63
3455,7.5,1,2,3,76,3.7,No,Yes,55,67,NotPlaced,21,34
3456,7.3,0,2,0,79,3.8,No,Yes,83,81,NotPlaced,95,94
3457,7.3,0,1,0,60,3.2,No,No,55,62,NotPlaced,81,83
3458,7.7,0,1,1,60,4.7,No,No,59,62,NotPlaced,59,65
3459,8.2,2,3,2,87,4.6,Yes,Yes,81,86,Placed,65,70
3460,8.0,1,2,1,73,4.4,Yes,Yes,84,75,Placed,47,55
3461,7.6,1,1,1,75,4.1,Yes,Yes,55,68,NotPlaced,90,90
3462,7.8,1,2,2,77,4.3,No,No,81,83,NotPlaced,93,92
3463,8.5,2,3,2,90,4.8,Yes,Yes,77,88,Placed,67,71
3464,7.0,1,2,0,89,4.1,Yes,No,70,68,NotPlaced,80,82
3465,7.7,0,2,1,81,4.1,Yes,Yes,69,85,NotPlaced,67,72
3466,7.7,1,1,0,70,4.8,No,Yes,55,67,NotPlaced,44,53
3467,7.0,1,2,0,68,4.0,No,Yes,55,74,NotPlaced,58,65
3468,8.2,2,3,2,90,4.7,Yes,Yes,74,87,Placed,66,71
3469,7.4,1,1,1,67,3.3,No,No,55,63,NotPlaced,58,64
3470,8.3,2,3,2,88,4.7,Yes,Yes,75,85,NotPlaced,61,67
3471,8.5,2,3,2,90,4.8,Yes,Yes,81,80,Placed,63,68
3472,6.7,0,3,2,88,4.7,Yes,Yes,82,82,Placed,63,69
3473,7.4,1,1,0,70,3.7,No,Yes,61,72,NotPlaced,65,70
3474,8.2,1,3,0,84,4.7,Yes,Yes,71,81,Placed,49,57
3475,7.7,2,2,3,83,4.3,Yes,Yes,75,80,NotPlaced,54,61
3476,8.2,1,3,2,90,4.8,Yes,Yes,85,84,Placed,45,54
3477,8.7,2,3,2,89,4.8,Yes,Yes,77,83,Placed,79,81
3478,8.2,1,1,0,77,4.1,Yes,Yes,79,65,NotPlaced,33,44
3479,7.6,1,1,1,71,4.2,No,No,57,75,NotPlaced,82,83
3480,7.9,2,3,2,89,4.4,Yes,Yes,89,86,Placed,85,86
3481,6.7,1,1,0,89,4.6,No,No,55,68,NotPlaced,60,66
3482,7.8,0,2,0,78,4.8,Yes,Yes,75,86,Placed,25,38
3483,8.3,2,3,2,90,4.8,Yes,Yes,81,84,Placed,59,65
3484,8.3,1,2,2,89,4.8,Yes,Yes,81,62,Placed,64,69
3485,7.7,0,2,0,76,4.7,Yes,No,67,81,Placed,49,57
3486,7.6,1,2,2,70,4.5,Yes,No,55,72,NotPlaced,57,63
3487,7.0,1,1,2,75,4.4,Yes,No,59,68,NotPlaced,87,88
3488,6.5,1,1,0,67,3.9,No,No,58,74,NotPlaced,74,77
3489,7.6,1,3,2,83,4.5,Yes,Yes,68,73,NotPlaced,51,58
3490,6.7,1,1,0,81,4.1,No,No,55,64,NotPlaced,41,50
3491,7.9,2,3,2,86,4.8,Yes,Yes,71,84,NotPlaced,60,66
3492,7.5,0,1,0,70,3.8,No,No,56,69,NotPlaced,61,67
3493,7.8,2,3,0,89,4.5,Yes,Yes,77,82,Placed,72,75
3494,7.5,1,2,1,82,4.7,No,Yes,55,72,NotPlaced,56,63
3495,8.4,2,3,2,89,4.4,Yes,Yes,78,84,NotPlaced,72,76
3496,7.8,0,3,0,78,4.4,No,No,74,79,Placed,94,93
3497,7.7,2,3,2,87,4.8,Yes,Yes,77,86,Placed,77,79
3498,6.5,0,1,0,81,4.2,No,No,55,69,NotPlaced,64,69
3499,8.3,0,3,0,84,4.4,Yes,No,72,83,Placed,62,67
3500,7.7,1,1,1,79,4.0,Yes,Yes,84,65,NotPlaced,59,65
3501,6.5,1,2,0,69,4.0,No,No,58,72,NotPlaced,82,84
3502,8.5,2,3,2,90,4.8,Yes,Yes,68,87,Placed,55,62
3503,8.3,2,3,2,90,4.8,Yes,No,85,83,Placed,65,70
3504,7.6,1,1,0,65,3.1,No,No,58,69,NotPlaced,65,70
3505,8.7,1,3,2,90,4.8,Yes,Yes,80,83,Placed,57,63
3506,7.3,1,1,0,66,4.3,No,Yes,55,68,NotPlaced,44,53
3507,6.5,0,1,0,79,4.3,No,No,66,62,NotPlaced,69,73
3508,8.7,2,3,3,90,4.6,Yes,Yes,77,87,Placed,64,69
3509,6.7,1,2,2,83,4.8,Yes,No,65,80,Placed,72,76
3510,8.1,1,2,2,83,4.4,Yes,Yes,85,66,Placed,56,63
3511,7.2,1,1,3,75,3.5,No,No,67,66,NotPlaced,83,84
3512,7.6,1,1,0,70,3.8,No,Yes,55,63,NotPlaced,51,59
3513,6.5,1,3,0,76,4.4,Yes,No,55,67,NotPlaced,90,90
3514,8.0,0,1,1,81,4.0,No,No,55,73,NotPlaced,38,49
3515,7.9,1,1,1,63,4.2,No,No,60,62,NotPlaced,71,75
3516,7.6,1,2,0,75,3.5,No,Yes,61,76,NotPlaced,72,75
3517,7.7,0,1,0,81,4.3,Yes,Yes,76,71,NotPlaced,53,60
3518,7.5,1,3,0,86,4.5,Yes,Yes,90,67,Placed,71,75
3519,7.2,1,1,0,70,3.7,No,No,55,58,NotPlaced,84,85
3520,8.4,2,3,2,90,4.8,Yes,Yes,76,85,Placed,31,43
3521,8.6,1,3,1,88,4.8,Yes,Yes,80,81,Placed,72,76
3522,7.8,1,1,2,65,4.1,No,No,55,66,NotPlaced,27,40
3523,7.7,1,1,1,69,4.0,Yes,Yes,79,85,NotPlaced,50,58
3524,7.8,2,3,2,90,4.8,Yes,Yes,84,87,Placed,89,89
3525,8.2,1,2,2,77,4.4,Yes,Yes,75,81,Placed,56,63
3526,6.7,1,1,1,83,4.3,No,No,55,63,NotPlaced,47,55
3527,8.6,2,3,2,90,4.8,Yes,Yes,81,79,Placed,62,67
3528,7.8,2,3,2,90,4.5,Yes,Yes,74,85,Placed,96,94
3529,6.8,1,1,1,60,3.9,No,No,62,63,NotPlaced,37,48
3530,8.0,2,3,2,89,4.8,Yes,Yes,76,87,Placed,49,57
3531,8.4,0,3,0,84,4.2,Yes,Yes,75,82,Placed,87,87
3532,7.6,1,2,0,71,4.5,No,Yes,55,64,Placed,92,92
3533,8.2,2,3,2,90,4.8,Yes,Yes,70,84,Placed,63,68
3534,8.1,2,3,1,81,4.8,Yes,Yes,74,83,NotPlaced,46,55
3535,7.4,0,1,1,76,4.3,No,Yes,55,62,NotPlaced,96,95
3536,8.4,1,1,0,90,4.7,Yes,Yes,83,85,Placed,88,89
3537,8.2,1,3,0,80,4.7,Yes,Yes,75,82,Placed,75,78
3538,8.4,1,1,0,74,4.3,Yes,Yes,72,88,NotPlaced,52,60
3539,8.2,1,1,0,79,4.5,Yes,Yes,81,63,Placed,64,69
3540,8.6,2,3,0,71,4.2,Yes,Yes,79,86,Placed,62,68
3541,8.6,1,3,0,89,4.7,Yes,Yes,72,85,Placed,69,73
3542,6.5,0,1,0,61,3.7,No,No,55,75,NotPlaced,86,87
3543,6.6,1,1,0,64,3.2,Yes,Yes,55,62,NotPlaced,78,80
3544,6.8,0,2,1,71,4.0,No,No,58,70,NotPlaced,48,57
3545,8.4,1,1,2,83,4.5,Yes,Yes,68,83,NotPlaced,85,86
3546,7.6,0,1,2,71,3.9,No,Yes,61,67,NotPlaced,69,73
3547,7.7,1,1,1,66,4.1,No,Yes,58,61,NotPlaced,75,78
3548,7.5,1,1,0,70,4.8,No,No,61,72,NotPlaced,86,87
3549,8.2,0,3,2,81,4.3,Yes,No,88,84,NotPlaced,48,56
3550,8.5,1,3,2,82,4.8,Yes,Yes,76,82,Placed,64,69
3551,7.8,1,1,0,74,4.5,No,No,55,62,NotPlaced,57,63
3552,7.5,2,2,1,90,4.2,Yes,Yes,82,74,NotPlaced,41,51
3553,7.2,0,2,1,86,4.2,Yes,Yes,55,70,NotPlaced,70,74
3554,8.4,2,1,2,78,4.1,Yes,Yes,55,64,NotPlaced,100,100
3555,8.7,2,2,2,73,4.1,No,Yes,58,66,NotPlaced,37,47
3556,6.6,1,1,1,80,4.4,No,Yes,77,68,NotPlaced,64,69
3557,8.0,2,3,0,82,4.8,No,Yes,80,84,Placed,74,77
3558,7.7,1,2,0,82,4.1,No,Yes,74,74,NotPlaced,66,71
3559,6.9,1,2,0,79,4.2,Yes,Yes,77,63,NotPlaced,63,68
3560,6.8,1,2,0,82,4.0,No,Yes,76,87,NotPlaced,45,54
3561,6.5,2,3,2,86,4.4,Yes,Yes,76,81,NotPlaced,68,72
3562,8.3,1,1,0,78,3.7,No,Yes,55,66,NotPlaced,53,60
3563,7.2,0,1,0,66,3.3,No,No,55,67,NotPlaced,32,43
3564,6.6,1,2,0,68,3.6,No,No,60,57,NotPlaced,82,84
3565,8.5,1,3,0,86,4.6,Yes,No,90,64,Placed,79,81
3566,7.5,1,1,1,79,4.4,Yes,Yes,55,67,NotPlaced,65,70
3567,8.2,2,1,2,90,4.8,Yes,No,73,70,NotPlaced,68,72
3568,8.1,2,3,0,86,3.5,Yes,Yes,75,83,Placed,81,82
3569,7.8,2,3,2,90,4.8,Yes,Yes,90,79,Placed,68,72
3570,8.3,2,3,2,90,4.8,Yes,Yes,81,86,Placed,78,80
3571,8.4,2,3,0,90,4.5,Yes,Yes,87,83,Placed,60,66
3572,7.1,2,1,1,77,4.4,No,Yes,75,82,Placed,84,85
3573,7.6,1,3,0,70,4.8,No,Yes,59,73,NotPlaced,69,73
3574,8.5,2,3,2,90,4.7,Yes,Yes,85,82,Placed,67,72
3575,7.7,1,1,1,67,4.4,No,No,56,64,NotPlaced,45,54
3576,8.6,2,3,2,90,4.8,Yes,Yes,71,80,Placed,69,73
3577,8.1,1,3,0,77,4.3,No,Yes,71,69,NotPlaced,52,60
3578,8.5,2,3,2,90,4.8,Yes,Yes,79,83,Placed,55,62
3579,8.5,2,3,0,88,4.7,Yes,Yes,74,86,Placed,52,60
3580,8.3,0,1,2,75,4.2,No,Yes,73,69,NotPlaced,49,57
3581,8.3,2,3,2,90,4.5,Yes,Yes,63,82,NotPlaced,96,95
3582,7.4,1,1,1,81,3.5,No,Yes,55,64,NotPlaced,84,85
3583,7.4,0,1,0,70,3.2,No,Yes,55,57,NotPlaced,93,93
3584,8.0,2,3,0,85,4.7,Yes,No,70,88,Placed,46,55
3585,6.5,0,1,0,72,3.7,Yes,Yes,63,66,NotPlaced,66,70
3586,7.7,1,2,0,77,4.3,No,Yes,55,68,NotPlaced,45,54
3587,7.5,1,2,1,73,4.2,Yes,Yes,76,71,NotPlaced,54,61
3588,7.4,1,2,1,82,4.0,No,No,58,62,NotPlaced,51,58
3589,7.2,2,1,3,84,3.9,No,Yes,72,68,NotPlaced,83,84
3590,7.5,0,1,0,75,4.1,Yes,Yes,72,65,Placed,59,65
3591,8.4,1,1,3,89,4.4,Yes,Yes,72,71,Placed,81,82
3592,6.7,1,1,1,60,3.3,No,Yes,62,69,Placed,74,77
3593,8.1,1,2,1,90,4.7,Yes,Yes,71,72,NotPlaced,99,97
3594,6.5,1,1,0,83,3.9,No,Yes,70,69,NotPlaced,42,52
3595,7.7,0,1,0,77,4.1,No,Yes,77,71,Placed,83,85
3596,8.6,1,3,0,88,4.8,Yes,Yes,80,82,Placed,82,83
3597,7.8,1,1,0,82,4.6,Yes,Yes,55,77,Placed,50,58
3598,7.3,2,3,2,90,4.0,Yes,No,85,87,Placed,80,82
3599,6.9,0,3,0,85,4.8,No,No,58,58,NotPlaced,70,74
3600,7.9,1,3,1,80,4.3,Yes,Yes,74,88,NotPlaced,61,67
3601,7.8,0,2,2,85,4.7,Yes,Yes,85,87,Placed,52,60
3602,7.8,0,1,2,76,4.3,Yes,No,55,69,NotPlaced,54,61
3603,8.5,0,3,0,81,4.1,No,No,73,75,NotPlaced,95,94
3604,6.9,2,1,2,90,4.8,Yes,Yes,82,85,Placed,65,70
3605,6.8,0,1,2,77,3.6,No,Yes,57,64,NotPlaced,76,79
3606,7.8,1,3,0,74,4.2,Yes,No,62,84,NotPlaced,53,60
3607,7.9,1,2,1,82,4.5,No,Yes,67,66,NotPlaced,53,60
3608,8.2,1,1,2,79,4.2,No,No,78,70,NotPlaced,81,82
3609,7.9,1,1,0,78,3.9,Yes,Yes,82,62,NotPlaced,44,53
3610,7.3,2,2,0,66,4.1,Yes,Yes,60,70,NotPlaced,58,65
3611,6.5,1,1,0,85,3.6,No,No,55,72,NotPlaced,65,70
3612,8.3,2,3,0,90,4.6,Yes,Yes,75,71,NotPlaced,66,71
3613,8.2,2,2,2,87,4.4,Yes,Yes,78,83,Placed,62,67
3614,7.6,1,2,0,82,4.3,No,Yes,64,71,NotPlaced,70,74
3615,7.8,1,2,1,81,4.6,Yes,Yes,82,84,NotPlaced,75,78
3616,6.9,2,3,1,77,4.3,Yes,Yes,55,81,Placed,76,78
3617,8.0,2,1,2,89,4.8,Yes,No,85,88,NotPlaced,50,58
3618,6.7,0,3,2,90,4.8,Yes,Yes,76,88,Placed,60,66
3619,8.3,0,3,0,87,4.6,Yes,Yes,76,81,Placed,82,84
3620,7.6,1,1,1,79,4.3,No,Yes,55,58,NotPlaced,78,80
3621,7.3,0,1,1,69,4.6,No,No,58,65,NotPlaced,44,53
3622,7.2,1,2,1,75,4.6,Yes,Yes,79,74,NotPlaced,70,74
3623,7.5,1,1,1,78,3.9,No,No,55,64,NotPlaced,35,46
3624,6.6,1,2,0,83,4.2,No,Yes,82,71,NotPlaced,65,70
3625,6.5,1,3,1,73,4.2,No,Yes,59,67,NotPlaced,93,92
3626,6.5,2,1,2,68,4.2,No,No,74,63,NotPlaced,50,58
3627,6.7,1,2,0,73,4.0,No,Yes,58,68,Placed,52,59
3628,7.9,1,3,0,75,4.1,Yes,No,75,74,NotPlaced,76,79
3629,8.3,2,3,2,90,4.4,Yes,Yes,85,85,Placed,41,51
3630,8.2,1,3,2,90,4.8,Yes,Yes,88,85,Placed,55,62
3631,6.5,1,2,1,78,3.8,No,No,55,62,NotPlaced,73,77
3632,7.6,1,1,1,70,4.7,No,Yes,55,69,NotPlaced,55,62
3633,8.5,2,3,1,68,4.0,Yes,Yes,73,70,NotPlaced,61,67
3634,7.9,2,3,2,82,4.6,Yes,No,72,87,NotPlaced,76,78
3635,7.6,2,1,2,77,4.2,No,No,75,66,NotPlaced,71,75
3636,7.4,1,1,1,71,4.4,Yes,Yes,68,66,NotPlaced,69,73
3637,8.2,1,2,3,68,4.4,Yes,Yes,75,82,Placed,59,65
3638,6.6,1,2,2,83,4.6,Yes,Yes,82,70,NotPlaced,70,74
3639,8.4,2,3,2,85,4.7,Yes,Yes,75,88,NotPlaced,63,68
3640,8.3,0,3,2,81,4.6,Yes,Yes,80,75,Placed,71,75
3641,7.5,1,1,0,71,4.1,Yes,Yes,55,70,NotPlaced,57,64
3642,7.4,1,2,0,84,4.5,Yes,Yes,61,66,NotPlaced,62,67
3643,8.1,2,3,1,90,4.4,Yes,Yes,79,83,Placed,50,58
3644,7.9,1,3,0,78,4.4,No,No,61,66,NotPlaced,64,69
3645,6.6,1,3,0,83,4.8,Yes,Yes,76,84,Placed,52,60
3646,7.9,2,3,0,81,4.6,Yes,Yes,82,79,NotPlaced,48,56
3647,8.5,2,3,1,70,3.9,Yes,Yes,60,71,NotPlaced,68,73
3648,8.2,1,1,3,83,4.0,Yes,Yes,74,83,Placed,68,72
3649,7.0,1,1,0,65,4.6,Yes,Yes,58,58,NotPlaced,76,79
3650,7.1,2,3,0,80,4.3,Yes,Yes,82,84,Placed,58,64
3651,7.6,2,1,1,74,3.7,Yes,Yes,63,70,NotPlaced,71,74
3652,8.4,2,3,2,90,4.7,Yes,Yes,73,88,Placed,73,76
3653,8.2,1,1,1,74,3.7,No,Yes,60,61,Placed,71,75
3654,8.2,1,3,2,90,4.8,Yes,No,79,85,Placed,52,60
3655,8.3,2,3,1,83,4.1,Yes,Yes,81,66,NotPlaced,67,71
3656,7.4,1,1,1,70,3.8,No,No,56,71,NotPlaced,70,74
3657,7.8,1,2,0,83,4.8,Yes,Yes,77,68,Placed,65,70
3658,8.4,1,1,1,67,3.5,No,Yes,55,64,NotPlaced,33,44
3659,6.5,1,2,1,69,3.7,No,No,66,66,NotPlaced,67,71
3660,8.4,2,3,2,90,4.8,Yes,Yes,77,85,Placed,98,96
3661,8.4,2,1,2,90,4.8,Yes,Yes,79,83,Placed,59,65
3662,8.4,1,1,0,80,4.6,Yes,Yes,77,82,NotPlaced,54,61
3663,7.8,0,1,1,79,4.7,Yes,Yes,82,75,Placed,70,74
3664,7.3,1,2,0,82,4.6,Yes,Yes,71,70,NotPlaced,69,73
3665,6.6,1,1,0,78,3.7,No,Yes,73,68,NotPlaced,82,84
3666,8.5,1,3,2,88,4.7,Yes,Yes,74,88,Placed,46,54
3667,8.2,1,2,2,89,4.8,Yes,Yes,83,85,Placed,75,78
3668,8.4,2,3,2,90,4.8,Yes,Yes,78,76,Placed,73,77
3669,8.2,2,3,2,85,4.8,Yes,No,82,78,NotPlaced,62,68
3670,7.7,1,3,2,90,4.5,Yes,Yes,81,86,Placed,70,74
3671,7.5,1,3,1,78,4.0,No,No,75,66,NotPlaced,80,82
3672,8.8,2,3,2,90,4.8,Yes,Yes,80,83,Placed,78,80
3673,8.4,2,1,2,85,4.1,Yes,Yes,81,66,Placed,47,56
3674,6.5,1,1,0,83,3.6,No,Yes,55,70,NotPlaced,77,79
3675,7.3,1,1,0,79,4.0,No,Yes,67,81,NotPlaced,64,69
3676,7.5,1,2,0,86,4.8,Yes,Yes,55,71,NotPlaced,66,70
3677,7.9,1,3,0,69,4.0,Yes,Yes,62,70,Placed,66,70
3678,7.5,1,3,0,79,4.4,Yes,No,65,64,Placed,62,68
3679,7.9,2,3,0,81,3.6,Yes,No,89,86,Placed,82,84
3680,7.9,0,1,0,79,4.5,No,No,62,69,Placed,63,68
3681,7.8,0,1,2,76,4.3,Yes,Yes,60,73,NotPlaced,48,56
3682,8.4,0,3,2,90,4.8,Yes,No,80,82,Placed,59,65
3683,8.7,2,3,0,84,4.1,Yes,No,79,83,NotPlaced,67,72
3684,8.1,0,3,0,86,4.3,Yes,No,67,57,NotPlaced,83,84
3685,7.8,1,2,0,70,4.3,No,Yes,63,63,NotPlaced,74,77
3686,7.4,0,1,2,79,4.4,Yes,No,55,68,Placed,52,59
3687,8.6,1,3,0,85,4.2,Yes,Yes,68,83,Placed,100,99
3688,7.3,1,2,1,83,3.9,Yes,Yes,74,66,Placed,68,73
3689,7.4,1,3,1,81,4.7,No,Yes,69,74,NotPlaced,84,85
3690,8.2,1,2,1,70,4.4,Yes,Yes,69,82,Placed,62,68
3691,7.2,0,2,1,71,3.6,No,No,55,68,NotPlaced,73,76
3692,8.6,2,3,2,84,4.8,Yes,Yes,72,86,Placed,77,80
3693,8.0,2,3,2,90,4.8,Yes,Yes,89,88,Placed,83,84
3694,8.7,2,3,2,90,4.4,Yes,Yes,69,85,Placed,80,82
3695,7.3,1,1,0,67,4.3,No,Yes,55,63,NotPlaced,78,80
3696,7.3,1,3,1,78,4.5,Yes,Yes,79,78,NotPlaced,60,66
3697,8.0,1,3,0,90,3.7,No,Yes,57,66,Placed,56,63
3698,8.2,0,1,0,81,4.4,Yes,No,63,77,Placed,69,73
3699,7.3,1,1,0,76,4.3,No,No,55,66,NotPlaced,78,81
3700,8.6,2,3,2,90,4.8,Yes,Yes,75,88,Placed,61,67
3701,8.7,2,1,3,82,4.5,Yes,Yes,76,73,Placed,80,82
3702,8.0,1,1,0,68,4.0,Yes,Yes,65,71,NotPlaced,86,87
3703,8.2,1,1,1,79,4.8,Yes,Yes,55,67,NotPlaced,51,59
3704,8.2,2,3,2,85,4.4,Yes,Yes,72,80,Placed,52,59
3705,7.1,1,1,1,69,3.4,No,Yes,55,65,NotPlaced,62,68
3706,7.6,0,3,0,71,3.9,Yes,Yes,57,75,NotPlaced,69,73
3707,7.6,0,2,0,60,3.9,No,No,55,64,NotPlaced,57,63
3708,8.2,0,3,0,84,4.7,Yes,No,62,65,Placed,85,86
3709,7.6,1,2,1,84,4.4,No,Yes,68,70,NotPlaced,71,75
3710,8.4,2,3,0,89,4.1,Yes,Yes,88,71,Placed,65,70
3711,7.5,1,1,0,60,3.7,No,Yes,55,60,NotPlaced,43,52
3712,7.5,1,2,1,73,4.8,Yes,No,60,77,NotPlaced,45,54
3713,7.7,1,1,0,60,3.7,No,Yes,66,63,NotPlaced,69,73
3714,6.7,0,1,1,79,3.6,Yes,No,74,70,NotPlaced,33,44
3715,8.1,1,3,2,90,4.6,Yes,Yes,70,76,Placed,80,82
3716,7.6,0,1,0,72,4.0,No,No,56,68,NotPlaced,62,68
3717,8.7,1,1,2,80,3.6,No,Yes,58,73,Placed,100,100
3718,8.7,1,1,1,70,4.1,No,No,68,60,NotPlaced,99,97
3719,7.5,1,2,0,68,4.2,Yes,Yes,57,75,NotPlaced,62,67
3720,7.2,1,2,0,73,4.2,No,Yes,61,63,NotPlaced,63,68
3721,8.0,1,3,2,80,4.8,Yes,Yes,73,87,Placed,79,81
3722,8.2,1,2,0,79,4.8,Yes,Yes,78,69,NotPlaced,90,90
3723,6.7,0,1,1,84,4.3,No,Yes,56,82,NotPlaced,40,50
3724,7.6,0,2,0,68,4.6,No,No,59,65,NotPlaced,38,48
3725,7.9,1,3,2,82,4.7,Yes,Yes,83,82,Placed,55,62
3726,7.6,0,3,0,86,3.7,Yes,Yes,85,80,Placed,73,76
3727,7.8,1,3,0,90,4.0,Yes,Yes,84,79,Placed,72,75
3728,8.2,0,1,1,89,4.7,Yes,Yes,81,74,NotPlaced,81,82
3729,7.4,0,1,0,66,3.7,No,No,55,70,NotPlaced,47,55
3730,7.4,2,3,0,78,4.8,Yes,Yes,78,71,Placed,30,42
3731,8.7,0,3,0,85,4.5,Yes,Yes,77,65,Placed,77,80
3732,7.6,1,3,2,84,4.0,Yes,Yes,77,82,Placed,52,60
3733,8.3,1,3,2,90,4.8,Yes,Yes,71,84,Placed,34,45
3734,7.2,1,2,1,79,3.2,No,No,57,72,NotPlaced,67,71
3735,7.7,1,3,2,78,3.9,Yes,Yes,59,65,NotPlaced,76,79
3736,7.9,0,1,1,77,4.2,No,No,55,63,NotPlaced,63,68
3737,8.0,1,3,2,85,4.6,Yes,Yes,71,86,Placed,58,64
3738,7.0,1,1,1,75,4.2,Yes,Yes,61,64,NotPlaced,62,68
3739,8.5,1,1,0,85,4.4,Yes,Yes,71,86,Placed,59,65
3740,7.6,1,1,0,74,3.3,No,No,56,69,NotPlaced,44,53
3741,7.0,1,1,0,62,4.2,Yes,Yes,69,77,NotPlaced,54,61
3742,6.6,0,1,2,68,4.1,No,No,60,65,NotPlaced,72,76
3743,7.5,1,1,0,72,3.7,No,Yes,56,68,NotPlaced,69,73
3744,7.4,1,1,0,84,4.1,No,No,55,70,NotPlaced,67,72
3745,7.5,1,3,2,83,4.3,Yes,Yes,75,81,NotPlaced,50,58
3746,7.5,1,3,2,78,4.6,Yes,Yes,72,86,Placed,62,67
3747,8.4,1,3,2,90,4.8,Yes,Yes,85,68,Placed,32,43
3748,8.2,2,3,2,90,4.8,Yes,Yes,77,83,Placed,67,72
3749,7.5,2,3,2,90,4.8,Yes,Yes,84,88,Placed,86,87
3750,8.4,2,3,2,84,4.7,Yes,Yes,77,85,Placed,42,52
3751,8.1,1,2,0,79,4.5,Yes,Yes,65,76,NotPlaced,56,62
3752,7.6,0,1,2,83,4.7,No,Yes,77,69,Placed,69,73
3753,8.2,1,3,2,90,4.7,Yes,Yes,69,84,Placed,83,85
3754,6.5,1,1,0,68,4.3,Yes,Yes,56,69,NotPlaced,58,64
3755,8.4,2,3,2,90,4.7,Yes,Yes,88,80,Placed,54,61
3756,7.6,2,3,1,80,4.3,Yes,Yes,57,70,NotPlaced,35,46
3757,8.3,1,2,0,89,4.5,Yes,Yes,75,72,NotPlaced,66,71
3758,8.1,1,3,2,82,4.2,Yes,Yes,72,67,NotPlaced,95,94
3759,7.7,1,3,3,87,3.9,Yes,Yes,80,65,NotPlaced,69,73
3760,8.2,2,3,2,90,4.8,Yes,Yes,70,85,Placed,64,69
3761,8.4,2,3,2,90,4.8,Yes,Yes,71,85,Placed,69,73
3762,7.5,1,1,0,82,3.6,No,Yes,66,65,NotPlaced,64,69
3763,7.7,0,0,1,78,3.7,Yes,Yes,55,62,NotPlaced,52,60
3764,7.7,2,2,0,80,4.0,No,No,55,65,NotPlaced,77,79
3765,8.2,1,3,2,90,4.4,Yes,No,74,80,NotPlaced,68,72
3766,7.3,1,3,0,82,4.4,Yes,No,77,80,NotPlaced,65,70
3767,6.9,0,2,1,78,4.1,No,Yes,55,64,NotPlaced,50,58
3768,8.2,2,3,2,90,4.8,Yes,Yes,76,78,Placed,84,85
3769,7.3,2,1,1,79,4.8,Yes,No,58,66,NotPlaced,74,77
3770,7.6,1,2,1,87,4.2,No,Yes,75,68,NotPlaced,56,63
3771,8.8,1,3,2,90,4.8,Yes,Yes,85,83,Placed,80,82
3772,7.5,0,1,1,80,4.1,No,Yes,64,65,NotPlaced,57,64
3773,8.3,0,3,2,90,4.3,Yes,Yes,77,85,Placed,53,60
3774,7.7,1,2,0,73,3.7,No,No,55,70,NotPlaced,53,60
3775,7.7,1,2,1,83,4.5,No,No,65,70,Placed,38,48
3776,7.4,1,1,0,72,4.0,No,Yes,63,69,NotPlaced,72,75
3777,8.2,1,3,0,75,4.4,Yes,Yes,56,82,NotPlaced,37,48
3778,7.7,1,1,0,81,4.0,Yes,Yes,75,65,Placed,46,55
3779,7.7,1,1,2,76,4.4,No,No,66,68,NotPlaced,33,45
3780,7.2,1,1,0,83,4.1,No,Yes,77,75,NotPlaced,63,68
3781,6.6,1,1,0,83,3.7,Yes,Yes,74,76,Placed,62,68
3782,8.5,1,3,2,90,4.7,Yes,Yes,80,80,Placed,60,66
3783,8.2,1,1,0,66,3.9,No,No,57,66,NotPlaced,49,57
3784,7.9,0,2,1,70,3.9,No,No,59,68,NotPlaced,47,55
3785,7.5,0,2,0,81,4.1,Yes,Yes,74,66,NotPlaced,71,75
3786,6.9,1,2,1,74,4.0,Yes,Yes,59,59,NotPlaced,56,63
3787,8.3,0,2,0,67,4.4,Yes,Yes,81,77,NotPlaced,69,73
3788,8.1,2,3,2,90,4.8,Yes,Yes,88,87,Placed,51,59
3789,7.6,0,1,1,62,4.1,No,No,55,64,NotPlaced,67,72
3790,8.9,1,3,2,86,4.8,Yes,Yes,78,77,Placed,84,85
3791,7.5,2,2,1,81,4.4,No,No,55,62,NotPlaced,73,77
3792,7.5,1,1,1,73,4.1,Yes,No,59,79,NotPlaced,58,65
3793,7.6,1,1,0,74,4.4,Yes,Yes,55,68,Placed,68,73
3794,6.5,1,1,0,71,3.6,No,No,63,61,NotPlaced,61,67
3795,7.6,2,2,1,71,4.0,Yes,Yes,61,66,NotPlaced,65,70
3796,8.1,2,3,1,88,4.2,Yes,Yes,74,84,Placed,60,66
3797,7.1,1,1,0,69,3.5,No,No,60,65,NotPlaced,62,68
3798,8.3,1,3,1,84,4.6,Yes,Yes,65,63,Placed,68,72
3799,6.5,0,2,0,78,4.3,Yes,Yes,73,71,Placed,50,58
3800,7.6,0,1,2,77,4.0,Yes,Yes,55,82,NotPlaced,49,57
3801,8.4,2,3,2,90,4.8,Yes,Yes,74,88,Placed,44,53
3802,6.5,0,1,1,80,3.6,No,Yes,68,65,NotPlaced,40,50
3803,7.4,1,1,0,76,3.4,No,No,63,62,NotPlaced,46,55
3804,8.5,2,2,2,89,4.8,Yes,Yes,68,83,Placed,67,71
3805,8.4,1,2,2,81,4.2,Yes,Yes,55,66,Placed,51,59
3806,7.6,1,2,1,67,4.5,Yes,No,61,66,NotPlaced,72,76
3807,6.5,1,2,1,82,4.1,No,Yes,69,84,NotPlaced,65,70
3808,8.5,2,3,2,84,4.8,Yes,Yes,86,88,Placed,35,46
3809,6.5,1,2,1,82,4.0,No,Yes,74,74,NotPlaced,74,77
3810,7.4,1,1,1,76,4.6,No,Yes,60,57,NotPlaced,77,79
3811,6.5,1,1,0,76,4.4,No,No,65,67,NotPlaced,50,58
3812,7.7,0,1,0,77,4.6,No,No,79,61,NotPlaced,71,75
3813,7.5,0,2,1,70,4.4,No,Yes,55,69,NotPlaced,52,59
3814,7.4,0,1,0,74,4.2,No,No,59,76,NotPlaced,66,71
3815,7.0,1,1,1,76,4.6,No,Yes,57,63,NotPlaced,46,54
3816,7.8,1,1,2,90,4.0,Yes,Yes,71,83,NotPlaced,38,48
3817,7.8,0,2,0,86,3.5,No,Yes,72,85,NotPlaced,59,65
3818,7.5,1,2,0,72,4.2,Yes,No,63,69,NotPlaced,63,68
3819,6.7,1,1,0,71,3.9,No,No,65,62,NotPlaced,59,65
3820,7.5,1,2,2,79,4.2,Yes,Yes,75,62,Placed,47,55
3821,6.6,1,1,0,61,4.1,No,Yes,55,73,NotPlaced,59,65
3822,7.1,1,1,2,78,4.6,Yes,Yes,72,82,Placed,69,73
3823,7.2,2,3,0,76,4.3,Yes,Yes,74,82,NotPlaced,64,69
3824,6.7,0,2,1,63,4.4,No,Yes,59,61,NotPlaced,67,72
3825,8.5,1,1,0,85,4.5,Yes,Yes,73,88,NotPlaced,54,61
3826,6.6,0,2,0,64,4.6,Yes,No,59,63,NotPlaced,82,84
3827,7.5,1,3,3,90,4.6,Yes,Yes,86,79,Placed,47,55
3828,6.7,1,1,1,74,3.9,No,Yes,56,83,NotPlaced,72,75
3829,8.6,2,3,2,90,4.8,Yes,Yes,90,88,Placed,82,84
3830,7.8,2,3,2,90,4.8,Yes,Yes,68,83,Placed,72,75
3831,7.5,0,1,0,85,3.9,Yes,Yes,82,81,NotPlaced,61,67
3832,6.7,1,1,0,66,4.4,No,Yes,63,67,NotPlaced,57,63
3833,8.2,0,3,0,79,4.7,Yes,Yes,65,87,Placed,80,82
3834,6.8,1,1,2,77,4.1,No,Yes,71,70,NotPlaced,43,52
3835,8.3,0,2,2,76,4.1,Yes,Yes,76,85,Placed,50,58
3836,7.8,2,3,2,87,4.8,Yes,No,82,78,Placed,59,65
3837,7.5,0,2,0,76,4.2,Yes,Yes,55,73,NotPlaced,83,84
3838,8.1,1,1,1,74,4.5,Yes,Yes,78,69,NotPlaced,70,74
3839,8.0,2,3,1,69,3.9,No,Yes,56,69,NotPlaced,50,58
3840,7.8,1,2,1,81,4.1,Yes,Yes,61,78,Placed,60,66
3841,6.5,1,1,0,80,4.0,No,Yes,55,68,NotPlaced,55,62
3842,7.7,1,1,0,75,4.1,No,Yes,86,69,Placed,54,61
3843,8.2,1,3,2,90,4.6,Yes,Yes,74,85,Placed,79,81
3844,8.5,1,2,1,85,4.1,Yes,Yes,73,86,Placed,44,53
3845,7.4,1,1,0,85,3.5,No,No,68,73,NotPlaced,89,89
3846,7.4,0,1,1,67,3.9,No,Yes,59,69,NotPlaced,77,79
3847,8.2,1,3,1,79,4.4,No,Yes,77,81,NotPlaced,81,83
3848,8.6,2,3,2,89,4.8,Yes,Yes,80,85,Placed,58,64
3849,6.6,1,1,1,60,3.4,No,No,55,66,NotPlaced,62,68
3850,8.2,2,3,2,90,4.8,Yes,Yes,82,84,Placed,43,52
3851,8.5,2,3,2,86,4.8,Yes,Yes,83,81,Placed,57,63
3852,7.5,0,2,2,80,4.8,No,Yes,55,70,Placed,72,75
3853,6.5,0,1,0,67,3.9,Yes,Yes,76,66,NotPlaced,84,85
3854,6.5,1,2,1,72,4.0,No,No,62,70,NotPlaced,48,56
3855,8.4,1,2,0,90,4.7,Yes,Yes,55,81,NotPlaced,59,65
3856,7.9,1,2,0,60,4.0,No,No,55,59,NotPlaced,62,68
3857,8.5,2,3,2,90,4.8,Yes,Yes,78,87,Placed,44,53
3858,8.3,2,3,2,82,4.4,Yes,No,80,80,Placed,73,77
3859,6.9,1,1,2,67,3.8,Yes,Yes,59,71,NotPlaced,54,61
3860,8.9,2,3,2,90,4.8,Yes,Yes,71,87,Placed,62,67
3861,6.5,1,1,0,60,3.9,No,Yes,61,67,NotPlaced,58,64
3862,8.9,1,3,2,90,4.8,Yes,Yes,68,85,Placed,53,60
3863,7.6,0,1,0,85,4.1,No,No,61,68,NotPlaced,64,69
3864,6.8,1,2,2,84,4.1,Yes,Yes,55,67,Placed,61,67
3865,6.5,1,1,1,68,3.7,No,No,55,64,NotPlaced,59,65
3866,8.2,2,3,3,88,4.5,No,Yes,74,85,NotPlaced,54,61
3867,6.5,1,2,1,65,4.7,No,No,55,59,NotPlaced,69,73
3868,8.3,1,3,0,76,4.3,Yes,Yes,73,88,NotPlaced,89,89
3869,6.7,1,2,0,74,4.1,No,No,61,64,NotPlaced,67,71
3870,8.4,2,3,2,90,4.7,Yes,Yes,78,82,Placed,79,81
3871,7.6,1,1,0,68,3.6,No,No,56,65,NotPlaced,44,53
3872,6.5,1,1,0,75,3.6,No,No,63,68,NotPlaced,67,71
3873,6.8,1,3,0,90,4.8,Yes,Yes,69,86,Placed,48,56
3874,7.7,1,1,2,86,4.2,Yes,Yes,58,80,NotPlaced,42,52
3875,7.4,1,1,0,78,4.4,No,No,69,62,NotPlaced,53,61
3876,8.4,2,2,2,84,4.8,Yes,Yes,87,87,Placed,82,84
3877,7.9,1,3,2,90,4.8,Yes,Yes,90,82,Placed,79,81
3878,6.6,1,1,0,66,3.5,No,No,66,72,NotPlaced,68,72
3879,8.3,2,3,2,90,4.8,Yes,Yes,78,87,Placed,42,51
3880,7.8,1,3,2,84,4.6,Yes,Yes,89,65,Placed,62,67
3881,7.5,1,1,0,78,4.7,Yes,Yes,73,87,NotPlaced,69,73
3882,7.6,0,2,0,71,4.3,No,No,67,58,NotPlaced,67,72
3883,8.3,1,3,1,79,4.5,Yes,Yes,72,87,Placed,37,47
3884,7.5,1,2,0,80,3.9,No,Yes,61,68,NotPlaced,51,59
3885,7.8,1,2,2,90,4.8,Yes,Yes,74,84,Placed,64,69
3886,8.4,2,3,1,87,4.8,Yes,No,84,81,Placed,73,76
3887,6.5,0,3,1,79,4.3,Yes,Yes,58,82,NotPlaced,32,43
3888,8.1,2,3,1,80,4.8,Yes,Yes,83,79,Placed,62,68
3889,8.7,2,3,2,90,4.8,Yes,Yes,80,83,Placed,67,71
3890,6.5,1,1,1,75,4.0,No,Yes,60,67,NotPlaced,77,80
3891,7.7,1,1,1,80,3.9,No,No,59,67,NotPlaced,75,78
3892,7.6,1,1,0,74,3.8,No,Yes,61,66,NotPlaced,73,76
3893,7.4,1,1,2,86,4.6,Yes,No,88,86,NotPlaced,53,60
3894,7.7,1,2,0,64,4.2,Yes,Yes,70,69,NotPlaced,36,47
3895,7.6,1,1,0,68,4.0,No,No,62,72,NotPlaced,59,65
3896,7.5,0,3,1,73,4.0,No,No,56,66,NotPlaced,80,82
3897,8.4,2,3,2,89,4.8,Yes,Yes,74,82,Placed,85,86
3898,8.0,1,2,0,83,4.6,Yes,Yes,60,83,NotPlaced,75,78
3899,7.0,0,1,1,81,4.6,Yes,Yes,77,87,Placed,71,75
3900,7.1,1,2,2,82,4.3,No,No,78,67,NotPlaced,70,74
3901,8.5,2,3,2,88,4.3,No,No,73,86,NotPlaced,56,63
3902,8.3,2,3,2,77,4.2,Yes,Yes,65,83,NotPlaced,63,68
3903,6.6,2,1,0,75,4.2,No,Yes,75,70,NotPlaced,90,90
3904,7.6,0,1,2,90,4.8,No,Yes,81,77,Placed,50,58
3905,8.1,1,2,0,84,4.4,Yes,Yes,55,71,NotPlaced,89,89
3906,7.6,0,2,0,87,3.8,No,Yes,60,66,NotPlaced,60,66
3907,8.4,2,3,1,89,4.8,Yes,Yes,81,67,Placed,84,85
3908,8.2,2,3,2,90,4.8,Yes,Yes,77,83,Placed,43,53
3909,7.2,0,1,0,73,4.1,Yes,Yes,72,83,Placed,73,77
3910,8.2,1,3,2,89,4.4,Yes,Yes,73,69,Placed,53,61
3911,6.8,1,1,0,76,4.1,No,No,55,62,NotPlaced,43,53
3912,7.6,1,2,2,72,4.5,Yes,No,87,84,Placed,68,72
3913,6.5,0,3,0,80,4.5,No,Yes,79,64,NotPlaced,80,82
3914,7.7,2,2,0,73,4.3,Yes,Yes,72,88,Placed,52,59
3915,8.3,1,2,2,88,4.6,Yes,Yes,85,88,Placed,42,52
3916,8.5,2,3,2,88,4.7,Yes,Yes,71,84,Placed,63,68
3917,7.6,2,2,1,73,4.7,No,No,59,62,NotPlaced,63,68
3918,7.6,1,3,0,71,4.7,Yes,No,64,67,NotPlaced,73,76
3919,8.4,0,3,2,90,4.8,Yes,Yes,80,86,Placed,79,81
3920,8.2,1,3,2,82,4.3,Yes,Yes,69,81,NotPlaced,64,69
3921,7.8,1,2,0,70,4.8,Yes,Yes,74,67,NotPlaced,92,92
3922,8.5,1,2,2,83,4.2,Yes,No,79,85,Placed,68,72
3923,7.8,1,1,0,71,4.0,No,Yes,55,65,NotPlaced,59,65
3924,7.6,1,2,0,76,4.2,No,Yes,57,64,NotPlaced,40,50
3925,8.1,1,3,2,84,4.8,Yes,Yes,82,84,NotPlaced,61,66
3926,7.5,1,1,0,77,4.0,No,Yes,55,65,NotPlaced,59,65
3927,6.5,1,2,1,77,4.2,No,No,62,71,NotPlaced,79,81
3928,9.0,1,3,2,90,4.8,Yes,Yes,77,78,Placed,71,75
3929,7.7,0,1,0,70,3.7,No,No,71,70,Placed,47,55
3930,8.3,1,2,1,78,4.7,No,Yes,74,64,NotPlaced,67,72
3931,6.8,2,3,2,82,3.9,Yes,No,76,81,Placed,75,78
3932,8.2,0,2,2,79,4.0,Yes,Yes,76,79,Placed,87,88
3933,6.9,1,1,1,69,4.1,Yes,Yes,55,67,NotPlaced,78,80
3934,8.1,1,3,2,72,4.8,No,No,83,77,NotPlaced,76,79
3935,7.8,1,2,0,71,3.6,Yes,No,72,67,Placed,65,70
3936,7.5,1,1,0,84,4.2,No,Yes,56,69,NotPlaced,70,74
3937,8.6,2,3,2,90,4.8,Yes,Yes,89,86,Placed,83,84
3938,8.4,2,3,2,87,4.8,Yes,Yes,83,88,Placed,45,54
3939,7.6,1,3,0,87,4.4,Yes,Yes,71,71,Placed,59,65
3940,8.3,2,3,2,90,4.7,Yes,No,87,87,Placed,53,60
3941,8.5,1,1,1,81,4.5,Yes,Yes,70,62,NotPlaced,70,74
3942,6.8,1,3,0,85,4.5,Yes,Yes,86,83,NotPlaced,83,84
3943,7.6,1,1,0,71,3.9,No,Yes,55,60,NotPlaced,56,62
3944,6.5,1,2,0,85,4.1,No,Yes,90,66,NotPlaced,29,41
3945,7.7,1,1,2,79,4.1,Yes,No,61,84,NotPlaced,58,65
3946,8.4,2,3,2,90,4.8,Yes,Yes,70,85,Placed,78,80
3947,7.5,1,2,0,82,3.7,No,No,73,84,NotPlaced,73,76
3948,8.0,2,3,2,90,4.3,Yes,Yes,75,82,Placed,71,75
3949,7.6,0,1,0,60,4.0,No,Yes,58,66,NotPlaced,60,66
3950,7.6,1,2,2,79,4.2,Yes,Yes,59,67,Placed,45,54
3951,8.2,2,3,2,90,4.8,Yes,Yes,83,85,Placed,72,76
3952,7.5,0,3,0,67,4.1,Yes,Yes,74,67,NotPlaced,52,59
3953,8.3,2,3,2,89,4.6,No,Yes,79,86,NotPlaced,97,96
3954,7.9,1,1,0,85,4.5,Yes,Yes,80,81,Placed,73,76
3955,7.4,0,3,0,75,4.0,Yes,Yes,60,73,NotPlaced,56,63
3956,6.5,1,3,3,79,4.3,Yes,Yes,63,87,Placed,55,62
3957,7.6,1,1,1,77,3.9,No,No,55,59,NotPlaced,63,68
3958,7.7,1,3,0,82,3.8,Yes,Yes,63,67,NotPlaced,61,67
3959,7.8,1,1,2,85,3.8,No,Yes,60,67,NotPlaced,81,83
3960,6.5,1,1,1,68,4.1,No,Yes,78,68,NotPlaced,67,72
3961,7.5,1,2,1,82,4.5,Yes,No,71,72,NotPlaced,54,61
3962,6.5,1,1,0,67,4.2,No,No,57,61,NotPlaced,93,92
3963,8.7,2,3,0,90,4.8,Yes,No,76,78,Placed,65,70
3964,6.7,0,1,0,74,4.2,Yes,Yes,55,68,NotPlaced,76,79
3965,7.7,1,2,1,76,4.8,No,Yes,59,68,NotPlaced,55,62
3966,8.1,1,3,2,80,4.4,Yes,Yes,83,72,NotPlaced,70,74
3967,7.7,1,3,2,87,4.8,Yes,Yes,78,86,Placed,69,73
3968,6.5,1,1,1,84,4.6,No,No,85,73,NotPlaced,36,47
3969,7.5,0,3,2,72,4.7,Yes,Yes,72,82,Placed,95,94
3970,6.5,1,1,1,77,4.1,Yes,Yes,72,67,NotPlaced,84,85
3971,8.2,1,3,2,90,4.7,Yes,Yes,81,88,Placed,59,65
3972,6.5,1,2,1,78,3.9,No,Yes,62,68,NotPlaced,48,56
3973,7.7,1,2,1,81,3.6,Yes,Yes,70,63,Placed,70,74
3974,7.6,1,0,0,84,4.8,Yes,Yes,60,69,Placed,66,71
3975,7.6,0,1,0,88,4.7,Yes,Yes,62,69,Placed,70,74
3976,6.8,0,1,2,77,4.6,Yes,No,72,73,NotPlaced,67,72
3977,7.0,1,3,1,77,4.2,Yes,Yes,78,84,Placed,72,76
3978,7.7,1,2,1,76,3.8,No,Yes,59,64,NotPlaced,86,87
3979,8.5,2,2,2,90,4.7,Yes,Yes,73,69,NotPlaced,73,76
3980,8.7,2,3,2,90,4.8,Yes,Yes,79,85,Placed,49,57
3981,8.2,2,3,2,90,4.8,Yes,Yes,85,80,Placed,85,86
3982,7.5,1,2,0,86,4.7,Yes,Yes,72,87,NotPlaced,89,89
3983,8.4,0,3,0,90,4.8,Yes,Yes,77,84,Placed,100,100
3984,7.5,1,2,2,83,3.1,No,No,58,74,NotPlaced,48,56
3985,6.9,1,2,0,70,4.3,No,No,55,71,Placed,68,72
3986,6.6,1,3,1,80,4.4,Yes,Yes,79,85,Placed,33,45
3987,7.5,1,1,1,71,4.3,No,Yes,55,72,NotPlaced,73,76
3988,8.1,1,1,0,85,3.1,No,Yes,55,65,NotPlaced,56,63
3989,6.5,1,1,1,82,4.1,No,No,65,65,NotPlaced,93,93
3990,6.5,1,1,1,72,3.5,No,No,57,66,NotPlaced,53,60
3991,7.9,2,1,2,90,4.5,Yes,No,74,79,NotPlaced,39,49
3992,8.2,1,2,1,74,3.8,No,No,58,67,NotPlaced,57,64
3993,6.5,1,1,0,75,3.3,No,No,55,63,NotPlaced,35,46
3994,8.4,1,2,1,81,3.8,Yes,Yes,72,65,Placed,76,79
3995,7.5,1,1,0,69,3.7,No,Yes,55,70,NotPlaced,34,45
3996,7.5,1,1,1,79,4.7,Yes,Yes,55,71,NotPlaced,65,70
3997,6.5,1,1,0,89,3.9,No,Yes,56,71,NotPlaced,33,45
3998,7.6,1,2,0,75,3.8,No,Yes,61,68,NotPlaced,60,66
3999,7.5,1,1,1,60,3.6,No,Yes,55,64,NotPlaced,89,89
4000,8.3,2,2,2,85,3.9,Yes,Yes,60,86,Placed,70,74
4001,7.5,0,2,1,70,3.7,No,No,80,63,NotPlaced,52,59
4002,6.5,1,2,0,65,4.0,No,No,61,63,NotPlaced,64,69
4003,7.8,2,2,2,68,4.5,No,Yes,73,87,NotPlaced,65,70
4004,8.5,2,3,2,90,4.8,Yes,Yes,72,86,Placed,72,75
4005,7.9,1,1,1,75,4.4,Yes,Yes,74,70,NotPlaced,44,53
4006,6.8,1,2,2,77,4.7,Yes,No,74,60,NotPlaced,73,77
4007,8.2,1,3,2,68,4.4,No,Yes,55,85,NotPlaced,24,37
4008,8.6,1,2,2,90,4.5,Yes,Yes,83,81,NotPlaced,55,62
4009,8.6,1,3,2,90,4.8,Yes,Yes,84,85,Placed,57,64
4010,7.9,2,3,1,70,4.5,Yes,No,78,88,NotPlaced,74,77
4011,8.4,2,3,2,90,4.8,Yes,Yes,84,86,Placed,65,70
4012,8.1,2,3,2,90,4.8,Yes,Yes,87,82,Placed,43,53
4013,7.8,1,2,2,83,4.7,Yes,Yes,63,71,Placed,50,58
4014,7.6,1,2,0,74,3.4,No,Yes,57,57,NotPlaced,67,72
4015,6.6,1,2,2,77,4.0,No,Yes,63,65,NotPlaced,63,69
4016,6.5,1,2,1,76,4.2,Yes,Yes,59,84,NotPlaced,56,63
4017,6.5,1,1,2,90,4.0,Yes,Yes,79,81,Placed,57,64
4018,7.8,1,2,0,78,4.0,Yes,Yes,67,72,NotPlaced,75,78
4019,7.6,1,2,1,74,4.1,No,Yes,55,65,Placed,57,63
4020,7.6,0,1,0,71,3.7,No,Yes,55,73,NotPlaced,63,68
4021,6.5,1,2,0,76,4.2,Yes,Yes,55,66,NotPlaced,97,96
4022,8.5,0,1,0,86,4.7,Yes,Yes,72,83,Placed,43,52
4023,8.2,0,3,0,86,4.5,Yes,Yes,90,81,Placed,37,47
4024,7.1,1,2,0,76,4.1,No,Yes,73,85,NotPlaced,76,79
4025,6.9,1,1,1,85,4.2,No,Yes,80,66,NotPlaced,54,61
4026,6.5,1,1,0,80,4.5,No,Yes,60,70,NotPlaced,60,66
4027,7.7,0,2,3,77,4.8,Yes,Yes,67,80,NotPlaced,53,60
4028,7.6,1,1,0,72,4.0,No,Yes,55,67,NotPlaced,61,66
4029,7.6,1,2,0,76,4.1,Yes,Yes,70,62,NotPlaced,88,89
4030,7.8,0,2,1,75,4.4,Yes,Yes,61,68,Placed,77,79
4031,6.8,1,2,1,68,4.3,No,Yes,64,69,NotPlaced,77,80
4032,8.2,2,3,2,85,4.4,Yes,Yes,82,85,Placed,43,53
4033,8.4,1,1,1,73,4.5,No,No,63,60,NotPlaced,47,56
4034,6.5,0,1,1,68,4.1,No,No,55,65,NotPlaced,22,35
4035,6.7,1,1,0,73,4.6,Yes,No,67,68,NotPlaced,52,60
4036,8.5,1,3,2,90,4.5,Yes,Yes,76,84,Placed,79,81
4037,6.8,1,1,0,68,3.1,No,No,55,68,NotPlaced,72,76
4038,8.2,2,3,2,90,4.6,Yes,Yes,74,84,Placed,61,67
4039,8.0,2,2,0,87,4.2,Yes,Yes,65,83,NotPlaced,64,69
4040,7.6,1,3,3,75,4.8,Yes,Yes,78,84,Placed,54,61
4041,7.9,1,2,1,86,4.2,No,Yes,60,63,NotPlaced,68,72
4042,7.9,2,1,0,71,4.7,No,Yes,77,86,NotPlaced,76,79
4043,8.0,1,1,0,73,4.2,No,No,83,63,NotPlaced,40,50
4044,7.8,0,2,2,90,4.8,No,Yes,80,85,Placed,69,73
4045,7.2,0,3,0,75,4.6,No,No,83,65,Placed,78,81
4046,8.0,1,3,2,83,4.7,Yes,Yes,55,73,Placed,58,65
4047,7.6,1,1,1,69,3.6,No,No,62,63,NotPlaced,75,78
4048,8.2,2,3,2,90,4.8,Yes,Yes,77,88,Placed,100,100
4049,7.3,0,1,0,82,3.8,No,Yes,55,85,NotPlaced,63,68
4050,8.2,2,3,2,90,4.8,Yes,Yes,84,87,Placed,70,74
4051,6.6,1,1,0,76,4.0,No,No,57,58,NotPlaced,53,61
4052,7.8,2,3,2,88,4.5,Yes,Yes,71,85,Placed,67,72
4053,7.5,2,1,2,86,4.6,No,Yes,82,83,Placed,71,75
4054,8.5,2,3,2,90,4.8,Yes,No,76,84,NotPlaced,67,72
4055,7.6,0,1,0,72,4.5,No,No,60,66,NotPlaced,49,57
4056,8.2,2,3,2,84,4.8,Yes,Yes,75,83,Placed,68,72
4057,8.6,1,2,0,72,4.4,No,Yes,76,57,NotPlaced,86,87
4058,8.1,1,3,2,82,4.7,Yes,Yes,78,66,Placed,71,75
4059,7.2,0,1,0,73,4.1,No,Yes,55,69,Placed,79,81
4060,6.8,0,1,0,84,4.2,No,No,61,60,NotPlaced,61,67
4061,7.9,1,2,1,77,4.2,Yes,Yes,84,64,Placed,76,78
4062,7.0,1,1,0,65,4.0,No,No,58,65,NotPlaced,69,73
4063,6.6,1,3,1,74,4.5,Yes,Yes,76,71,NotPlaced,50,58
4064,8.5,2,3,2,90,4.4,Yes,Yes,84,86,Placed,69,73
4065,8.3,1,2,2,78,4.8,Yes,Yes,77,82,NotPlaced,50,58
4066,8.5,1,3,1,72,4.1,Yes,Yes,72,87,Placed,55,62
4067,6.5,0,1,0,67,3.7,No,No,64,66,NotPlaced,67,72
4068,7.5,2,3,0,88,4.6,Yes,Yes,78,87,Placed,69,73
4069,8.2,1,3,2,90,4.6,Yes,Yes,86,86,Placed,47,55
4070,6.6,1,1,1,66,3.9,Yes,Yes,57,67,NotPlaced,80,82
4071,8.4,2,3,2,90,4.8,Yes,Yes,69,83,Placed,73,76
4072,7.4,1,2,1,66,4.5,No,No,58,71,NotPlaced,54,61
4073,7.5,1,2,0,78,3.7,No,No,70,67,NotPlaced,41,51
4074,7.7,1,3,0,75,4.5,Yes,Yes,64,61,NotPlaced,62,68
4075,7.5,1,2,1,76,3.7,Yes,Yes,59,70,NotPlaced,58,64
4076,7.5,0,1,0,72,3.6,No,No,56,70,NotPlaced,66,71
4077,7.7,0,0,2,89,4.1,Yes,Yes,74,79,NotPlaced,59,65
4078,7.8,1,1,1,77,4.0,No,Yes,62,63,NotPlaced,34,45
4079,7.4,1,2,0,71,3.9,No,Yes,63,70,NotPlaced,59,65
4080,7.6,1,2,1,74,4.0,Yes,Yes,62,85,NotPlaced,60,66
4081,8.0,1,3,0,65,4.4,Yes,Yes,55,68,NotPlaced,74,77
4082,6.5,1,2,1,80,4.1,No,Yes,66,66,NotPlaced,54,61
4083,7.5,1,1,0,60,3.3,No,Yes,55,72,NotPlaced,90,90
4084,8.1,1,3,0,90,4.4,Yes,Yes,89,80,Placed,36,47
4085,8.4,2,2,0,74,4.4,Yes,No,79,85,NotPlaced,84,85
4086,7.4,1,1,1,74,3.6,No,Yes,55,70,NotPlaced,61,67
4087,6.5,1,1,0,64,4.5,No,Yes,55,64,NotPlaced,77,80
4088,7.7,2,3,1,89,4.7,Yes,Yes,61,84,Placed,66,70
4089,8.2,0,3,1,90,4.8,Yes,Yes,82,84,Placed,82,83
4090,7.4,1,2,1,71,4.8,Yes,Yes,55,58,NotPlaced,59,65
4091,7.4,0,2,1,65,4.4,No,No,61,70,NotPlaced,48,56
4092,8.6,1,1,0,87,4.8,Yes,Yes,69,82,Placed,86,87
4093,8.2,2,3,0,80,4.3,Yes,Yes,84,82,Placed,63,68
4094,8.5,1,3,3,86,4.8,Yes,Yes,78,73,Placed,68,72
4095,7.5,2,3,1,83,4.2,Yes,Yes,76,75,Placed,83,84
4096,8.5,2,3,2,82,4.7,Yes,Yes,75,88,Placed,49,57
4097,6.5,1,2,0,71,3.9,No,Yes,55,65,NotPlaced,73,77
4098,7.3,0,1,1,76,4.2,No,No,55,66,NotPlaced,56,62
4099,6.6,0,1,0,68,3.8,No,No,65,65,NotPlaced,63,68
4100,7.5,0,3,3,78,4.7,Yes,Yes,68,65,NotPlaced,66,70
4101,7.4,1,1,0,81,4.0,No,No,62,73,NotPlaced,42,51
4102,7.4,1,3,0,81,4.6,Yes,Yes,80,71,NotPlaced,53,60
4103,7.7,1,3,0,90,4.0,Yes,Yes,77,81,NotPlaced,85,86
4104,7.9,1,3,2,90,4.6,Yes,Yes,74,84,NotPlaced,78,80
4105,6.7,1,1,0,80,4.5,No,Yes,83,74,NotPlaced,64,69
4106,7.9,1,2,3,84,4.5,Yes,No,79,70,NotPlaced,68,72
4107,8.4,1,2,2,84,4.4,Yes,Yes,79,83,Placed,60,66
4108,7.4,1,1,0,71,3.3,No,No,55,66,NotPlaced,85,86
4109,8.3,2,3,2,89,4.8,Yes,Yes,68,87,Placed,61,67
4110,7.8,0,1,1,72,3.9,No,No,58,71,NotPlaced,68,72
4111,8.3,1,3,1,76,4.6,Yes,No,84,85,NotPlaced,82,83
4112,8.3,2,3,2,90,4.8,Yes,Yes,81,87,Placed,53,60
4113,7.7,1,1,1,66,4.8,Yes,No,71,65,NotPlaced,88,88
4114,8.7,1,3,0,78,3.2,Yes,Yes,55,80,NotPlaced,42,51
4115,7.6,0,2,0,64,4.8,No,No,60,64,NotPlaced,89,89
4116,8.2,2,3,2,82,4.8,No,Yes,83,82,Placed,59,65
4117,6.7,1,1,0,76,4.2,No,No,61,63,Placed,61,67
4118,7.6,1,2,0,71,4.3,Yes,Yes,86,69,Placed,36,47
4119,7.8,0,2,0,71,4.4,No,Yes,74,65,NotPlaced,58,64
4120,7.6,1,1,0,62,4.4,No,Yes,55,74,NotPlaced,49,57
4121,8.4,1,1,2,90,4.8,No,Yes,66,87,Placed,55,62
4122,7.5,1,1,0,77,4.8,No,Yes,55,58,Placed,62,68
4123,7.6,1,2,0,73,4.2,No,Yes,90,87,NotPlaced,79,81
4124,8.3,2,3,2,86,4.8,Yes,Yes,86,82,Placed,68,72
4125,8.2,2,1,1,88,4.4,Yes,Yes,74,88,NotPlaced,69,73
4126,7.5,1,2,1,80,4.0,No,Yes,55,65,NotPlaced,48,56
4127,8.6,2,3,2,90,4.8,Yes,Yes,82,86,Placed,51,59
4128,8.5,1,3,2,87,4.4,Yes,Yes,82,82,Placed,91,91
4129,7.7,1,2,3,78,4.2,Yes,Yes,71,84,NotPlaced,53,61
4130,6.5,1,2,1,82,3.4,Yes,No,72,68,NotPlaced,89,89
4131,7.8,0,1,1,78,4.7,No,Yes,63,61,Placed,61,67
4132,8.6,2,3,2,90,4.7,Yes,Yes,80,88,Placed,65,70
4133,8.5,1,3,2,90,4.7,No,Yes,85,84,NotPlaced,81,82
4134,7.5,1,2,1,69,3.2,No,Yes,55,65,NotPlaced,84,85
4135,7.2,1,1,1,66,3.5,No,No,55,74,NotPlaced,63,68
4136,7.9,1,1,2,64,4.2,No,Yes,56,68,Placed,59,65
4137,8.3,2,3,2,89,4.8,Yes,Yes,78,86,Placed,64,69
4138,7.5,0,1,2,78,4.5,Yes,Yes,76,67,NotPlaced,70,74
4139,6.7,1,2,2,75,4.2,No,No,78,66,NotPlaced,78,80
4140,8.1,2,2,2,79,4.4,Yes,Yes,75,82,NotPlaced,65,70
4141,8.4,2,3,2,90,4.8,Yes,Yes,74,86,Placed,74,77
4142,7.0,0,1,2,86,4.7,No,Yes,68,82,Placed,89,89
4143,8.4,0,1,0,86,3.8,No,Yes,57,68,NotPlaced,70,74
4144,7.4,1,2,0,89,4.2,Yes,Yes,74,83,NotPlaced,69,73
4145,6.5,1,2,0,77,4.4,No,Yes,58,67,NotPlaced,42,51
4146,7.6,1,3,1,77,4.6,Yes,Yes,73,79,NotPlaced,25,38
4147,8.3,2,3,2,90,4.8,Yes,Yes,81,81,Placed,70,74
4148,8.0,2,3,2,87,4.4,Yes,Yes,83,84,NotPlaced,63,68
4149,7.6,1,1,0,69,4.2,No,Yes,55,66,NotPlaced,57,63
4150,7.7,1,1,1,67,3.0,No,No,55,67,NotPlaced,68,72
4151,8.2,2,3,2,83,4.3,Yes,Yes,85,81,Placed,64,69
4152,7.6,1,1,2,87,4.1,Yes,Yes,79,67,Placed,81,83
4153,8.3,1,2,2,82,4.5,No,Yes,73,66,NotPlaced,66,71
4154,8.2,2,3,0,90,4.5,Yes,Yes,74,79,Placed,53,61
4155,7.4,1,1,0,78,4.0,Yes,Yes,82,67,Placed,79,81
4156,7.3,1,1,0,65,4.6,Yes,Yes,62,74,NotPlaced,61,67
4157,8.0,0,1,0,79,3.4,No,Yes,80,74,NotPlaced,72,76
4158,8.7,2,3,0,84,4.2,No,Yes,55,65,NotPlaced,57,64
4159,8.2,1,1,1,66,3.6,No,Yes,62,69,NotPlaced,55,62
4160,7.5,1,1,1,73,4.1,No,Yes,55,75,NotPlaced,66,71
4161,8.1,2,3,3,90,4.5,Yes,Yes,83,88,Placed,65,70
4162,8.4,2,3,2,90,4.8,Yes,Yes,88,82,Placed,72,75
4163,6.7,1,2,0,68,4.6,No,Yes,55,77,NotPlaced,60,66
4164,8.2,1,1,2,69,4.6,Yes,Yes,81,65,Placed,37,47
4165,7.5,1,2,0,80,3.5,No,No,66,65,NotPlaced,58,64
4166,7.6,1,2,2,75,3.8,Yes,Yes,75,63,NotPlaced,76,79
4167,7.5,0,1,0,76,4.4,No,Yes,55,65,NotPlaced,60,66
4168,7.7,2,2,0,79,4.2,Yes,Yes,58,73,Placed,61,67
4169,8.4,0,3,0,90,4.4,Yes,Yes,71,83,NotPlaced,79,81
4170,7.2,2,3,2,90,4.8,Yes,Yes,90,82,Placed,54,61
4171,7.4,1,1,0,74,3.7,No,No,78,65,NotPlaced,41,51
4172,6.7,0,1,0,73,4.0,No,Yes,72,65,Placed,62,68
4173,6.9,0,2,0,73,4.3,No,No,80,66,NotPlaced,57,64
4174,7.5,0,3,0,81,4.5,Yes,Yes,87,85,Placed,50,58
4175,8.0,2,1,1,82,4.2,Yes,No,83,67,Placed,62,67
4176,7.6,1,2,3,74,3.7,Yes,Yes,79,86,Placed,72,75
4177,8.3,1,3,1,90,4.8,Yes,Yes,70,79,Placed,64,69
4178,7.4,0,3,2,90,4.7,Yes,Yes,68,71,Placed,69,73
4179,8.4,1,3,3,90,4.8,Yes,Yes,78,85,Placed,92,91
4180,6.5,2,2,2,87,4.7,Yes,Yes,70,82,Placed,59,65
4181,8.4,1,1,2,79,4.6,No,Yes,76,85,NotPlaced,69,73
4182,7.9,2,3,2,90,4.8,Yes,Yes,82,88,Placed,57,63
4183,8.2,1,3,2,90,4.7,Yes,Yes,83,80,Placed,52,59
4184,8.0,1,1,2,76,3.4,Yes,Yes,61,66,NotPlaced,56,62
4185,8.4,1,3,2,78,4.5,Yes,No,80,80,NotPlaced,57,64
4186,7.6,0,1,0,73,4.3,No,Yes,55,69,Placed,70,74
4187,8.3,2,3,2,90,4.8,Yes,Yes,80,84,Placed,100,98
4188,7.9,2,2,2,90,4.8,Yes,Yes,72,77,Placed,54,61
4189,8.3,0,3,1,88,4.1,Yes,Yes,55,80,NotPlaced,58,65
4190,8.2,1,3,1,88,4.8,Yes,Yes,63,81,Placed,64,69
4191,8.3,1,2,0,85,4.6,Yes,Yes,73,77,NotPlaced,70,74
4192,7.8,2,3,0,83,4.2,Yes,Yes,80,87,Placed,68,73
4193,7.6,0,1,1,76,3.9,No,Yes,55,72,NotPlaced,84,85
4194,7.5,1,1,0,73,3.4,No,Yes,80,67,NotPlaced,28,40
4195,7.5,1,1,0,85,4.2,No,Yes,72,62,NotPlaced,29,41
4196,6.8,1,1,0,82,3.9,No,No,82,64,NotPlaced,57,64
4197,8.3,2,3,2,81,4.7,Yes,Yes,84,85,NotPlaced,81,83
4198,6.7,0,1,1,72,4.5,No,Yes,55,72,Placed,41,51
4199,6.9,1,1,1,64,4.1,No,No,64,66,NotPlaced,19,33
4200,8.6,0,1,1,68,4.3,No,Yes,55,63,NotPlaced,73,76
4201,8.1,2,3,0,90,4.7,Yes,Yes,79,82,Placed,68,72
4202,7.7,1,1,0,60,4.3,No,No,57,70,NotPlaced,48,56
4203,8.4,2,3,2,73,4.8,Yes,Yes,82,88,NotPlaced,50,58
4204,8.2,1,3,1,80,3.9,Yes,Yes,78,85,Placed,50,58
4205,8.5,1,3,2,90,4.8,Yes,Yes,83,84,Placed,66,71
4206,8.3,2,3,2,81,4.1,Yes,No,82,79,Placed,55,62
4207,8.4,2,3,2,87,4.8,Yes,Yes,79,86,Placed,72,75
4208,6.9,1,2,2,77,4.0,No,Yes,55,64,NotPlaced,22,35
4209,6.5,0,2,1,84,4.8,No,Yes,74,84,Placed,52,59
4210,6.5,1,1,0,74,4.6,No,No,58,67,NotPlaced,48,56
4211,8.3,0,3,2,84,4.8,Yes,Yes,80,84,Placed,61,66
4212,8.6,2,3,0,79,4.7,Yes,No,71,79,NotPlaced,56,63
4213,8.4,2,3,2,88,4.6,Yes,Yes,84,76,Placed,76,79
4214,7.5,1,1,0,78,4.5,No,No,58,65,NotPlaced,37,47
4215,6.5,2,3,2,80,4.1,Yes,Yes,76,86,Placed,65,70
4216,6.5,2,3,2,84,4.6,Yes,Yes,69,83,NotPlaced,73,76
4217,7.6,1,1,1,77,3.9,No,No,55,61,NotPlaced,92,92
4218,8.3,2,3,2,84,4.8,Yes,Yes,82,85,Placed,57,64
4219,7.4,1,1,1,72,4.6,Yes,Yes,77,83,NotPlaced,69,73
4220,7.1,1,1,1,69,3.3,No,No,65,61,NotPlaced,37,48
4221,8.1,1,3,2,75,4.3,Yes,Yes,69,83,Placed,29,41
4222,8.0,1,2,2,85,4.8,Yes,Yes,68,82,Placed,77,80
4223,7.6,1,2,1,80,4.1,No,Yes,56,65,NotPlaced,64,69
4224,7.4,1,1,0,75,4.3,No,Yes,62,66,NotPlaced,82,84
4225,6.5,1,3,2,90,4.8,Yes,Yes,76,82,Placed,44,53
4226,7.1,2,3,0,79,4.8,Yes,Yes,70,88,Placed,72,76
4227,8.9,1,3,1,90,4.7,Yes,Yes,72,87,NotPlaced,93,92
4228,8.1,2,3,2,90,4.8,Yes,Yes,89,83,Placed,71,75
4229,6.8,1,1,0,71,4.5,No,No,63,69,NotPlaced,69,73
4230,7.0,1,1,0,71,4.4,No,No,63,74,NotPlaced,65,70
4231,8.1,2,3,2,90,4.1,Yes,Yes,75,81,Placed,41,51
4232,8.6,1,3,2,90,4.8,Yes,Yes,74,84,Placed,85,86
4233,8.2,1,3,2,90,4.4,Yes,Yes,72,87,Placed,55,62
4234,7.5,2,2,1,85,4.6,Yes,Yes,71,85,Placed,72,76
4235,7.4,0,1,2,81,3.8,Yes,Yes,72,87,NotPlaced,41,51
4236,8.4,1,2,2,79,4.2,Yes,No,77,81,NotPlaced,47,55
4237,6.5,1,1,0,65,4.3,No,No,58,69,NotPlaced,86,87
4238,8.3,2,3,2,86,3.9,Yes,Yes,63,85,Placed,59,65
4239,8.5,0,3,2,83,4.5,No,No,70,69,NotPlaced,86,87
4240,6.6,0,3,0,85,4.7,Yes,Yes,62,86,Placed,63,69
4241,7.5,1,1,0,71,4.3,No,No,57,78,Placed,37,47
4242,7.6,1,3,1,82,4.5,Yes,Yes,84,80,Placed,78,80
4243,7.8,0,3,0,83,4.4,Yes,Yes,77,83,NotPlaced,56,62
4244,6.5,1,2,0,88,4.4,No,Yes,60,72,Placed,75,78
4245,8.4,2,3,2,90,4.8,Yes,Yes,74,85,Placed,65,70
4246,7.9,1,1,1,84,4.5,Yes,Yes,71,85,Placed,41,51
4247,8.7,1,3,2,87,4.8,Yes,Yes,69,82,Placed,67,71
4248,8.1,1,3,0,81,3.7,No,Yes,55,75,NotPlaced,97,96
4249,7.5,0,1,1,66,4.1,No,Yes,70,64,NotPlaced,72,75
4250,8.1,2,3,2,87,4.7,Yes,No,73,87,Placed,64,69
4251,7.8,1,2,1,82,4.4,Yes,Yes,55,67,NotPlaced,81,82
4252,8.3,1,3,2,87,4.8,Yes,Yes,73,85,Placed,68,72
4253,8.1,0,3,2,85,4.8,Yes,Yes,79,88,NotPlaced,68,72
4254,8.2,1,3,2,87,4.6,Yes,Yes,78,82,Placed,48,56
4255,6.5,0,3,0,80,4.4,Yes,Yes,63,68,NotPlaced,68,72
4256,7.5,1,2,0,76,3.8,No,Yes,55,84,NotPlaced,80,82
4257,8.2,1,3,2,87,4.6,Yes,Yes,77,88,Placed,52,59
4258,7.5,1,2,2,86,4.5,No,Yes,71,80,NotPlaced,86,87
4259,7.7,0,2,0,67,3.9,No,No,55,65,NotPlaced,63,68
4260,8.0,2,3,2,84,4.7,Yes,Yes,70,85,Placed,51,59
4261,7.7,0,2,0,90,4.5,Yes,Yes,86,84,Placed,79,81
4262,7.4,0,1,1,63,3.5,No,No,56,68,NotPlaced,60,66
4263,7.4,1,2,1,60,3.2,No,No,55,68,NotPlaced,76,79
4264,7.7,0,1,1,77,4.3,No,Yes,60,72,NotPlaced,60,66
4265,7.0,0,2,1,64,4.7,No,Yes,55,62,NotPlaced,64,69
4266,7.9,2,3,2,88,4.6,Yes,No,79,79,Placed,72,75
4267,7.6,1,1,1,73,3.7,No,No,55,63,NotPlaced,69,73
4268,8.2,1,3,2,87,4.7,Yes,Yes,73,78,Placed,35,46
4269,8.5,1,3,2,90,4.8,Yes,Yes,79,87,Placed,48,56
4270,7.9,2,3,2,83,4.7,Yes,No,77,80,Placed,78,81
4271,7.9,2,1,1,85,4.2,Yes,Yes,79,70,Placed,63,68
4272,6.8,1,1,1,85,3.9,Yes,No,71,62,NotPlaced,57,63
4273,7.6,1,1,3,65,4.0,Yes,Yes,55,69,NotPlaced,44,53
4274,7.3,1,1,0,68,4.4,No,No,57,61,NotPlaced,48,57
4275,6.9,1,2,1,81,4.3,No,Yes,59,68,NotPlaced,34,45
4276,8.3,2,2,1,88,4.6,Yes,Yes,80,81,Placed,63,68
4277,8.3,1,3,0,84,4.7,Yes,Yes,77,86,Placed,56,62
4278,7.5,0,3,0,65,4.3,Yes,Yes,79,84,NotPlaced,50,58
4279,8.2,2,3,2,90,4.8,Yes,Yes,79,88,Placed,63,69
4280,7.8,0,3,0,74,4.1,No,Yes,68,67,NotPlaced,70,74
4281,7.7,0,2,1,81,3.8,Yes,Yes,82,65,NotPlaced,96,95
4282,6.6,1,1,0,72,4.2,No,No,55,61,NotPlaced,42,51
4283,8.0,2,3,2,90,4.8,Yes,Yes,90,86,Placed,82,83
4284,8.4,2,3,2,90,4.4,Yes,Yes,83,81,Placed,79,81
4285,8.2,2,3,2,90,4.8,Yes,Yes,85,81,Placed,53,60
4286,7.5,0,2,1,87,4.1,Yes,Yes,68,68,NotPlaced,68,72
4287,8.3,0,3,0,87,4.4,Yes,Yes,71,66,Placed,58,64
4288,8.0,2,3,2,89,4.8,Yes,No,86,83,Placed,67,72
4289,6.5,1,2,0,86,3.9,No,No,55,67,NotPlaced,87,88
4290,7.4,1,2,1,83,4.2,Yes,Yes,59,74,Placed,74,77
4291,6.5,1,1,0,74,4.2,No,Yes,57,71,NotPlaced,72,76
4292,6.7,1,2,0,63,3.7,No,No,55,62,NotPlaced,58,64
4293,8.8,1,3,2,90,4.8,Yes,Yes,85,81,Placed,42,52
4294,8.2,2,3,2,90,4.8,Yes,Yes,88,80,Placed,61,67
4295,7.3,1,3,3,90,4.7,Yes,Yes,90,82,Placed,83,84
4296,8.6,2,3,2,83,4.8,Yes,No,55,67,NotPlaced,42,51
4297,7.8,1,3,1,84,4.5,Yes,Yes,56,88,NotPlaced,49,57
4298,8.6,1,3,2,84,4.8,Yes,Yes,73,86,Placed,66,71
4299,8.5,1,3,2,80,4.8,Yes,Yes,84,87,Placed,50,58
4300,8.1,2,3,2,90,4.8,Yes,Yes,86,87,Placed,53,60
4301,7.7,1,3,1,79,4.4,Yes,Yes,70,84,Placed,58,64
4302,8.5,1,0,0,81,4.1,No,No,57,71,NotPlaced,44,53
4303,7.5,2,2,0,80,4.8,Yes,Yes,77,72,Placed,50,58
4304,8.1,0,1,1,81,4.5,Yes,Yes,60,78,Placed,75,78
4305,7.5,1,2,2,75,4.3,No,Yes,76,85,Placed,45,54
4306,8.8,2,3,2,88,4.7,Yes,Yes,73,82,Placed,41,50
4307,8.3,2,3,3,83,4.6,Yes,No,78,85,Placed,55,62
4308,7.5,1,2,0,68,3.8,Yes,Yes,55,69,NotPlaced,75,78
4309,8.2,1,2,0,79,4.8,No,Yes,56,66,NotPlaced,62,67
4310,6.5,1,1,1,74,4.0,No,No,87,67,NotPlaced,58,64
4311,7.6,0,1,1,62,3.9,No,No,65,58,NotPlaced,65,70
4312,6.5,1,1,0,78,4.1,Yes,Yes,75,84,NotPlaced,38,49
4313,8.6,2,3,2,90,4.8,Yes,No,82,87,Placed,72,75
4314,7.8,0,1,1,60,4.1,No,No,55,68,NotPlaced,70,74
4315,6.6,1,1,1,60,3.9,No,No,61,73,NotPlaced,58,65
4316,8.5,1,2,2,86,4.6,Yes,Yes,73,75,Placed,80,82
4317,7.3,1,1,0,76,4.2,No,Yes,55,66,NotPlaced,48,56
4318,8.6,2,3,2,90,4.8,Yes,Yes,84,87,Placed,81,83
4319,7.6,1,1,1,74,4.3,Yes,Yes,61,60,NotPlaced,67,71
4320,8.2,2,3,2,90,4.8,Yes,Yes,79,86,Placed,59,65
4321,7.5,0,2,1,70,4.4,Yes,Yes,55,73,Placed,64,69
4322,8.8,1,2,2,85,4.8,Yes,Yes,68,87,Placed,63,68
4323,7.9,1,3,1,71,4.6,Yes,Yes,57,68,NotPlaced,83,84
4324,8.2,0,1,0,69,4.8,No,Yes,80,66,NotPlaced,48,57
4325,8.3,2,3,2,82,4.7,Yes,Yes,79,82,Placed,53,60
4326,6.9,1,1,1,73,3.6,No,No,71,57,NotPlaced,80,82
4327,7.3,1,1,1,79,4.8,Yes,No,83,78,NotPlaced,56,62
4328,7.6,1,1,1,62,3.4,No,No,60,62,NotPlaced,78,80
4329,7.4,0,1,0,71,4.4,No,No,57,66,NotPlaced,90,90
4330,8.5,2,3,2,90,4.2,Yes,No,73,83,Placed,58,65
4331,8.2,2,3,2,75,3.9,Yes,Yes,78,69,NotPlaced,75,78
4332,7.4,1,2,1,78,4.4,No,Yes,81,68,NotPlaced,47,56
4333,7.5,1,2,2,82,4.8,Yes,Yes,74,86,NotPlaced,76,79
4334,6.6,1,2,1,80,4.1,Yes,Yes,58,64,NotPlaced,67,72
4335,8.4,2,3,2,90,4.8,Yes,Yes,87,80,Placed,72,75
4336,8.4,2,3,2,90,4.5,Yes,Yes,73,82,Placed,55,62
4337,7.2,0,2,0,82,3.9,Yes,No,69,64,Placed,40,50
4338,8.1,2,3,2,87,4.8,Yes,Yes,78,80,NotPlaced,72,76
4339,8.6,1,2,1,83,4.6,No,Yes,62,81,NotPlaced,34,45
4340,8.3,2,3,2,90,4.8,Yes,Yes,76,80,Placed,60,66
4341,7.6,0,3,0,78,4.5,Yes,Yes,72,84,NotPlaced,79,81
4342,7.9,1,1,1,69,3.9,No,No,62,60,NotPlaced,67,72
4343,8.3,0,3,1,90,4.6,Yes,Yes,87,88,Placed,94,93
4344,7.6,1,1,0,69,4.5,No,No,57,62,NotPlaced,80,82
4345,6.5,0,1,0,65,4.1,Yes,No,55,67,NotPlaced,55,62
4346,6.5,0,2,1,69,3.8,No,No,63,62,NotPlaced,65,70
4347,8.2,2,3,0,90,4.8,Yes,Yes,78,78,Placed,64,69
4348,8.3,1,1,1,77,3.4,No,No,58,63,NotPlaced,41,51
4349,8.0,2,3,2,90,4.6,Yes,Yes,81,88,Placed,50,58
4350,8.3,1,3,2,77,4.5,Yes,Yes,79,74,Placed,56,63
4351,7.5,1,3,2,68,3.6,Yes,Yes,78,69,Placed,34,45
4352,8.3,1,3,0,82,4.1,No,Yes,76,70,NotPlaced,65,70
4353,7.6,1,1,0,76,4.6,No,Yes,59,62,NotPlaced,61,67
4354,7.7,1,1,0,76,3.8,No,Yes,75,58,NotPlaced,39,49
4355,8.8,2,3,2,90,4.8,Yes,Yes,70,79,Placed,71,74
4356,7.6,0,1,0,68,4.0,No,Yes,56,70,NotPlaced,75,78
4357,6.5,1,2,1,68,3.7,No,Yes,55,66,NotPlaced,68,72
4358,7.5,1,2,1,78,3.8,No,Yes,65,71,NotPlaced,60,66
4359,7.8,2,3,0,90,4.8,Yes,Yes,78,83,Placed,73,77
4360,7.6,1,3,1,86,4.6,Yes,Yes,79,82,NotPlaced,75,78
4361,7.5,1,1,1,74,4.6,No,Yes,57,69,NotPlaced,69,73
4362,6.5,1,3,1,76,4.8,No,Yes,65,65,NotPlaced,52,60
4363,7.6,1,1,0,67,3.8,No,No,62,60,NotPlaced,69,73
4364,8.5,2,3,2,90,4.7,Yes,Yes,78,84,Placed,82,84
4365,7.8,2,1,0,88,4.0,No,Yes,55,69,NotPlaced,56,62
4366,8.0,1,2,0,85,4.3,No,Yes,59,72,NotPlaced,96,95
4367,8.0,1,2,0,76,4.4,Yes,Yes,61,70,Placed,57,63
4368,8.2,2,3,3,81,4.8,Yes,Yes,82,80,Placed,65,70
4369,7.5,1,2,1,77,3.7,No,Yes,55,70,NotPlaced,54,61
4370,7.8,1,1,1,73,4.0,No,No,58,61,NotPlaced,68,72
4371,6.6,0,2,0,64,3.8,No,Yes,55,70,NotPlaced,38,49
4372,8.2,1,3,2,90,4.6,Yes,Yes,75,82,Placed,56,63
4373,8.4,1,3,2,89,4.2,No,No,56,63,NotPlaced,48,56
4374,8.3,0,3,2,87,4.7,Yes,Yes,77,83,Placed,67,71
4375,6.9,1,3,1,86,4.5,Yes,Yes,77,84,Placed,79,81
4376,7.6,1,2,0,73,3.8,No,Yes,76,64,NotPlaced,74,77
4377,6.5,1,2,0,74,4.0,No,Yes,80,64,Placed,29,41
4378,8.3,1,2,0,70,4.8,Yes,Yes,83,82,Placed,95,94
4379,7.9,2,3,2,88,4.7,Yes,No,81,80,Placed,69,73
4380,7.7,1,1,1,80,4.1,Yes,No,55,69,NotPlaced,53,60
4381,8.5,2,3,3,79,4.1,Yes,Yes,69,86,NotPlaced,67,71
4382,6.7,1,3,0,73,4.5,Yes,Yes,70,73,Placed,67,72
4383,8.5,1,3,3,70,3.8,Yes,Yes,72,85,Placed,54,61
4384,7.1,1,1,0,79,4.3,Yes,Yes,69,69,Placed,67,72
4385,8.2,1,3,2,90,4.4,Yes,Yes,79,85,NotPlaced,55,62
4386,7.9,2,3,2,79,4.1,No,Yes,76,87,NotPlaced,58,65
4387,7.4,1,2,1,79,4.4,Yes,Yes,55,62,Placed,54,61
4388,7.3,1,2,1,68,4.6,Yes,No,75,83,NotPlaced,43,52
4389,7.6,1,1,0,70,4.5,No,No,69,74,NotPlaced,67,71
4390,8.4,0,2,0,69,4.0,Yes,Yes,55,72,Placed,73,77
4391,8.2,1,3,2,85,4.6,Yes,Yes,76,85,NotPlaced,72,76
4392,6.6,2,3,0,75,3.9,Yes,Yes,55,81,NotPlaced,77,79
4393,6.8,1,1,0,67,4.1,Yes,No,61,71,NotPlaced,69,73
4394,7.7,1,1,0,80,4.2,Yes,Yes,79,84,Placed,57,63
4395,8.3,2,3,2,77,4.0,Yes,Yes,55,70,NotPlaced,77,80
4396,8.4,2,1,0,84,4.4,Yes,Yes,83,58,NotPlaced,44,53
4397,7.9,0,3,2,89,4.5,No,Yes,79,80,NotPlaced,51,59
4398,8.3,2,3,2,90,4.8,Yes,Yes,81,81,Placed,50,58
4399,7.1,1,2,2,81,4.8,Yes,Yes,70,84,NotPlaced,81,82
4400,6.8,1,2,0,81,4.2,Yes,Yes,72,84,NotPlaced,79,81
4401,6.6,1,1,0,86,4.4,Yes,Yes,68,69,Placed,72,75
4402,7.9,1,1,1,70,3.4,No,No,62,71,NotPlaced,81,82
4403,7.4,1,1,1,82,3.7,No,No,56,75,NotPlaced,51,59
4404,8.2,0,3,2,75,4.6,Yes,Yes,85,62,Placed,70,74
4405,8.0,2,3,2,90,4.3,No,Yes,67,86,Placed,63,68
4406,8.8,2,2,2,89,4.8,Yes,Yes,86,85,NotPlaced,77,80
4407,6.5,1,2,0,80,3.8,No,Yes,55,60,NotPlaced,63,68
4408,6.6,0,1,0,78,4.8,No,No,62,72,NotPlaced,59,65
4409,8.5,0,3,2,90,4.7,Yes,No,84,60,Placed,73,76
4410,6.8,1,2,0,73,4.3,No,Yes,79,62,Placed,78,80
4411,7.7,1,2,0,77,4.2,Yes,Yes,55,69,Placed,54,61
4412,7.5,1,3,1,74,4.7,Yes,Yes,78,68,Placed,64,69
4413,7.8,1,1,0,79,3.8,Yes,Yes,58,61,NotPlaced,49,57
4414,7.9,2,3,2,90,4.7,Yes,Yes,77,84,Placed,27,40
4415,8.7,2,3,0,72,4.3,No,Yes,64,66,Placed,68,72
4416,8.5,1,1,0,73,4.0,No,Yes,61,63,NotPlaced,74,77
4417,8.0,1,2,0,90,4.7,Yes,Yes,73,80,Placed,68,73
4418,8.0,2,1,0,90,4.3,No,Yes,71,83,NotPlaced,35,46
4419,7.8,1,1,0,68,4.3,Yes,Yes,56,72,NotPlaced,59,65
4420,6.5,1,2,0,79,4.5,No,Yes,55,67,NotPlaced,31,43
4421,7.8,1,1,2,82,4.2,Yes,Yes,55,86,NotPlaced,85,86
4422,6.5,1,2,1,74,4.6,Yes,Yes,62,72,NotPlaced,48,56
4423,7.9,1,2,1,77,4.4,Yes,No,83,64,NotPlaced,83,85
4424,6.9,2,1,2,89,4.7,Yes,Yes,78,81,Placed,79,81
4425,7.9,2,3,2,90,4.8,Yes,Yes,86,79,Placed,51,59
4426,6.5,1,2,0,76,4.1,Yes,Yes,81,83,Placed,48,56
4427,7.6,1,1,0,84,4.5,No,Yes,63,81,Placed,70,74
4428,7.8,1,2,0,72,4.4,Yes,Yes,55,69,NotPlaced,52,59
4429,6.7,0,1,1,81,4.1,No,Yes,81,64,NotPlaced,66,71
4430,6.5,1,2,0,70,3.9,No,Yes,63,63,NotPlaced,57,64
4431,8.5,2,3,2,90,4.6,Yes,Yes,79,81,Placed,38,48
4432,8.1,1,2,1,76,3.7,No,Yes,69,82,NotPlaced,31,43
4433,7.7,0,1,0,67,3.8,No,Yes,57,66,NotPlaced,68,72
4434,7.7,0,1,0,81,4.4,Yes,Yes,76,68,NotPlaced,56,63
4435,7.8,1,3,2,84,4.6,Yes,Yes,66,84,Placed,56,63
4436,8.3,1,1,1,75,3.9,Yes,Yes,55,73,Placed,75,78
4437,8.5,1,3,2,90,4.7,Yes,Yes,75,86,Placed,82,84
4438,8.1,0,1,1,70,3.7,No,Yes,57,69,NotPlaced,60,66
4439,6.6,1,3,0,71,4.2,No,No,55,66,NotPlaced,59,65
4440,7.4,0,1,1,61,3.8,No,No,62,64,NotPlaced,72,76
4441,8.1,1,3,2,69,4.6,Yes,Yes,55,80,NotPlaced,44,53
4442,8.4,2,3,2,90,4.8,Yes,Yes,85,82,Placed,68,72
4443,7.0,1,1,1,69,4.0,Yes,Yes,76,65,NotPlaced,73,76
4444,6.8,1,2,1,73,4.3,Yes,No,86,71,NotPlaced,75,78
4445,7.7,0,2,1,81,4.6,Yes,Yes,59,72,NotPlaced,35,46
4446,8.7,2,3,2,90,4.3,Yes,Yes,84,86,Placed,53,60
4447,8.2,1,1,1,69,4.2,No,No,58,62,NotPlaced,51,59
4448,8.1,0,1,0,88,4.3,No,No,55,61,NotPlaced,66,71
4449,8.4,1,3,0,74,4.6,No,Yes,70,69,NotPlaced,72,75
4450,8.2,1,3,2,79,4.8,Yes,Yes,71,82,Placed,87,87
4451,7.6,2,3,1,74,4.2,Yes,Yes,81,63,NotPlaced,57,64
4452,8.9,1,3,1,74,4.5,Yes,Yes,62,81,Placed,57,64
4453,7.7,1,2,0,80,4.1,Yes,Yes,73,62,NotPlaced,82,83
4454,7.4,1,1,0,71,3.9,No,Yes,55,59,NotPlaced,69,73
4455,8.2,2,3,2,90,4.5,Yes,Yes,74,81,Placed,84,85
4456,8.0,2,2,2,86,4.5,Yes,Yes,76,85,Placed,69,73
4457,8.3,0,3,2,90,4.3,Yes,Yes,63,88,Placed,47,56
4458,7.5,0,3,0,88,4.0,No,Yes,71,86,NotPlaced,45,54
4459,8.7,2,2,2,90,4.7,Yes,Yes,76,85,Placed,41,51
4460,8.1,0,2,0,78,4.0,No,No,58,68,NotPlaced,74,77
4461,8.2,2,3,2,90,4.8,Yes,Yes,85,80,Placed,82,84
4462,8.5,2,3,2,90,4.8,Yes,Yes,90,83,Placed,92,92
4463,8.0,1,3,2,79,4.8,Yes,Yes,83,85,Placed,77,80
4464,7.2,1,1,1,72,4.0,No,Yes,55,69,Placed,82,83
4465,7.2,1,3,0,77,4.6,No,Yes,75,75,NotPlaced,56,63
4466,7.1,2,3,0,75,3.5,Yes,No,69,69,NotPlaced,47,56
4467,8.0,2,3,2,89,4.8,Yes,Yes,86,81,Placed,77,80
4468,8.4,2,3,1,87,4.7,Yes,Yes,80,82,Placed,71,75
4469,8.0,2,3,2,90,4.8,Yes,Yes,82,81,Placed,66,71
4470,8.1,2,3,2,84,4.6,Yes,Yes,83,88,Placed,70,74
4471,6.5,1,1,0,61,3.6,No,Yes,63,65,NotPlaced,69,73
4472,8.3,0,2,2,77,3.8,Yes,Yes,55,74,NotPlaced,84,85
4473,8.1,2,3,2,90,4.7,Yes,Yes,77,84,Placed,84,85
4474,7.8,0,2,0,74,4.3,No,No,56,64,NotPlaced,73,76
4475,7.4,2,1,2,70,4.3,No,Yes,76,67,NotPlaced,77,80
4476,7.9,1,1,1,79,4.0,No,No,55,61,NotPlaced,72,76
4477,6.7,2,2,0,65,4.7,No,No,66,62,NotPlaced,58,64
4478,7.2,1,1,0,84,4.3,No,Yes,63,67,NotPlaced,76,79
4479,8.3,2,1,1,81,4.0,Yes,Yes,55,70,Placed,44,53
4480,8.1,1,2,1,80,4.4,Yes,Yes,76,85,Placed,80,82
4481,7.5,1,3,0,80,4.3,Yes,Yes,73,73,NotPlaced,47,55
4482,8.2,2,1,2,81,4.0,Yes,Yes,83,86,NotPlaced,69,73
4483,8.3,1,2,1,85,4.8,Yes,Yes,67,82,Placed,52,59
4484,7.6,1,1,0,79,4.0,No,Yes,62,69,NotPlaced,73,76
4485,7.5,1,1,1,70,4.6,No,Yes,55,65,NotPlaced,64,69
4486,8.7,1,3,0,90,4.2,Yes,Yes,71,68,Placed,41,50
4487,7.6,0,2,0,84,4.2,No,No,74,69,NotPlaced,71,75
4488,7.6,1,1,0,88,4.2,Yes,Yes,55,57,Placed,56,63
4489,7.6,0,1,1,76,4.5,No,No,65,68,NotPlaced,78,80
4490,8.3,2,2,0,81,4.0,Yes,No,75,82,Placed,65,70
4491,7.6,0,2,1,60,4.3,No,Yes,55,60,NotPlaced,70,74
4492,8.0,2,3,1,87,4.7,Yes,Yes,87,86,Placed,50,58
4493,8.4,1,3,1,84,4.5,Yes,Yes,75,88,Placed,56,62
4494,8.4,2,3,2,83,4.8,Yes,No,79,82,NotPlaced,58,64
4495,7.5,2,1,0,71,3.4,Yes,No,84,65,NotPlaced,77,80
4496,6.5,1,1,0,81,3.9,No,Yes,55,70,NotPlaced,90,90
4497,7.6,1,2,1,79,4.2,No,Yes,73,85,Placed,52,60
4498,7.6,1,2,0,74,4.6,No,Yes,59,60,NotPlaced,81,82
4499,8.0,1,3,0,81,4.3,Yes,Yes,72,71,NotPlaced,32,43
4500,7.6,0,2,0,79,4.0,Yes,Yes,55,70,NotPlaced,47,55
4501,8.6,1,3,2,90,4.8,Yes,Yes,74,87,Placed,50,58
4502,7.2,1,2,2,76,3.6,No,No,60,75,NotPlaced,44,53
4503,7.6,1,3,2,72,4.2,No,No,55,60,NotPlaced,41,50
4504,7.5,1,3,1,89,4.8,Yes,Yes,80,86,NotPlaced,71,74
4505,7.6,0,2,1,85,4.6,No,Yes,72,64,Placed,61,67
4506,7.0,1,3,0,90,4.2,No,Yes,72,84,Placed,70,74
4507,8.0,1,3,3,90,4.7,Yes,Yes,68,85,Placed,75,78
4508,7.4,1,1,0,70,4.0,No,Yes,55,67,NotPlaced,68,73
4509,8.1,2,3,0,90,4.4,No,Yes,78,86,Placed,74,77
4510,8.1,1,1,0,79,4.4,Yes,Yes,73,88,NotPlaced,63,69
4511,7.4,0,1,1,67,4.5,Yes,No,55,68,NotPlaced,47,55
4512,6.8,1,2,0,69,3.7,No,Yes,57,71,NotPlaced,80,82
4513,6.9,1,3,0,77,4.8,Yes,Yes,80,80,Placed,56,62
4514,8.2,1,3,2,87,4.8,Yes,No,90,85,Placed,50,58
4515,8.0,1,2,2,82,4.7,Yes,Yes,75,73,Placed,62,67
4516,7.7,1,1,1,67,3.9,No,No,55,66,NotPlaced,51,59
4517,8.5,1,3,0,76,3.9,Yes,Yes,64,61,NotPlaced,58,64
4518,8.1,2,3,1,74,4.0,Yes,No,61,82,NotPlaced,70,74
4519,8.1,2,3,0,75,3.5,Yes,Yes,70,64,NotPlaced,70,74
4520,6.7,0,3,0,77,4.6,No,No,55,64,NotPlaced,51,59
4521,8.4,1,2,1,84,4.3,Yes,Yes,72,67,NotPlaced,57,64
4522,8.2,1,0,2,90,4.7,Yes,Yes,73,88,Placed,81,82
4523,7.5,1,2,0,72,4.4,No,Yes,77,69,Placed,72,75
4524,7.4,1,3,2,74,4.6,Yes,Yes,82,66,NotPlaced,96,94
4525,8.4,0,2,2,80,4.1,Yes,Yes,75,63,Placed,82,84
4526,8.2,1,2,2,89,4.3,Yes,No,79,80,Placed,82,83
4527,6.5,0,1,1,70,4.2,No,Yes,55,63,NotPlaced,44,53
4528,7.5,2,1,0,70,4.6,Yes,No,73,79,NotPlaced,76,79
4529,8.4,2,1,1,78,3.9,Yes,Yes,57,62,NotPlaced,64,69
4530,7.6,1,2,2,87,3.9,No,No,55,82,Placed,56,63
4531,8.9,2,3,2,90,4.7,Yes,Yes,81,87,Placed,67,72
4532,6.6,1,1,0,77,3.9,No,No,55,70,NotPlaced,79,81
4533,8.7,2,3,2,90,4.8,Yes,Yes,83,85,Placed,72,76
4534,8.7,1,3,2,89,4.7,Yes,Yes,79,81,Placed,51,59
4535,8.5,2,3,2,90,4.8,Yes,Yes,72,85,Placed,76,78
4536,8.5,2,3,2,88,4.4,Yes,Yes,88,85,Placed,55,62
4537,7.4,1,3,1,71,4.1,No,Yes,87,64,Placed,68,72
4538,7.5,1,1,0,75,4.4,No,No,68,69,NotPlaced,60,66
4539,7.8,1,1,0,77,3.8,No,No,55,57,NotPlaced,61,67
4540,8.6,1,2,2,82,4.3,Yes,Yes,82,83,Placed,76,79
4541,7.7,1,2,2,90,4.7,Yes,Yes,58,85,Placed,49,57
4542,8.3,2,3,0,90,4.8,Yes,Yes,87,79,Placed,94,93
4543,7.4,1,1,1,64,3.9,No,No,63,61,NotPlaced,37,48
4544,7.8,1,2,0,83,4.7,No,Yes,55,85,NotPlaced,56,62
4545,8.5,0,2,0,90,4.4,Yes,Yes,79,61,Placed,70,74
4546,7.5,1,2,1,76,4.4,No,Yes,70,75,NotPlaced,73,77
4547,8.3,0,3,0,86,4.5,Yes,Yes,69,78,Placed,63,68
4548,6.7,1,2,1,80,4.5,No,Yes,59,62,NotPlaced,64,69
4549,7.7,1,3,2,81,4.8,No,Yes,55,73,NotPlaced,71,74
4550,7.5,1,1,3,74,4.6,Yes,Yes,80,65,Placed,61,67
4551,6.6,1,3,0,87,4.7,Yes,Yes,83,84,Placed,85,86
4552,6.6,1,3,2,79,4.5,Yes,Yes,60,71,Placed,77,80
4553,8.2,2,3,0,85,4.7,Yes,Yes,72,87,Placed,78,80
4554,7.8,1,1,0,85,4.0,Yes,Yes,59,75,NotPlaced,50,58
4555,8.0,1,1,1,79,4.6,Yes,No,66,67,NotPlaced,63,69
4556,6.5,1,1,0,64,4.1,No,No,63,68,NotPlaced,60,66
4557,7.7,1,3,0,74,4.7,No,Yes,73,67,Placed,49,57
4558,8.6,2,3,1,90,4.3,Yes,Yes,71,82,Placed,70,74
4559,6.5,1,1,0,65,4.3,No,No,61,70,NotPlaced,56,63
4560,6.9,1,1,0,67,3.8,No,No,70,60,NotPlaced,74,77
4561,6.5,1,2,1,79,3.9,No,Yes,57,71,NotPlaced,48,57
4562,6.5,1,3,1,79,3.5,No,Yes,75,72,NotPlaced,90,90
4563,6.5,1,3,1,78,3.2,No,No,79,76,NotPlaced,51,59
4564,8.4,1,3,2,75,4.5,Yes,Yes,79,62,NotPlaced,68,72
4565,8.5,2,3,2,84,4.7,Yes,Yes,87,80,Placed,76,79
4566,7.2,1,3,0,68,4.4,No,No,84,82,NotPlaced,56,63
4567,7.6,1,1,0,81,3.3,Yes,Yes,57,65,NotPlaced,77,80
4568,7.0,1,2,2,82,3.9,No,No,62,64,NotPlaced,46,55
4569,8.1,1,2,1,68,4.8,Yes,Yes,76,74,Placed,86,87
4570,7.5,2,2,1,63,4.0,Yes,Yes,55,68,NotPlaced,65,70
4571,8.6,0,2,1,79,3.8,Yes,Yes,69,86,Placed,56,62
4572,7.3,1,3,1,79,3.3,No,Yes,72,69,NotPlaced,60,66
4573,8.9,1,2,1,76,4.8,Yes,Yes,76,81,Placed,77,79
4574,8.1,1,1,1,86,4.5,No,Yes,73,69,NotPlaced,56,62
4575,7.6,0,1,0,70,4.6,No,Yes,77,64,Placed,53,61
4576,7.6,1,2,0,86,4.7,No,Yes,55,87,NotPlaced,61,67
4577,7.3,1,1,0,75,3.9,No,No,55,61,NotPlaced,47,55
4578,6.5,1,1,0,68,4.3,Yes,No,60,66,NotPlaced,92,91
4579,8.4,0,1,3,83,4.3,Yes,Yes,71,74,NotPlaced,56,63
4580,8.1,2,3,2,90,4.8,Yes,Yes,79,87,Placed,77,79
4581,7.8,1,2,0,72,3.6,Yes,Yes,60,64,NotPlaced,68,72
4582,8.3,1,3,0,84,4.4,Yes,Yes,82,80,Placed,50,58
4583,6.7,1,1,1,67,4.0,No,Yes,55,69,NotPlaced,64,69
4584,8.0,0,1,0,81,4.5,No,No,75,82,NotPlaced,76,79
4585,7.1,1,2,0,87,4.2,Yes,Yes,69,72,Placed,62,67
4586,8.5,1,2,1,75,4.7,Yes,No,72,65,NotPlaced,82,84
4587,6.6,1,1,0,90,3.9,No,Yes,55,66,NotPlaced,80,82
4588,7.4,0,1,0,76,3.7,No,Yes,62,68,NotPlaced,78,81
4589,7.4,1,2,0,85,4.6,No,Yes,60,68,Placed,58,64
4590,7.8,1,1,0,66,4.1,No,Yes,61,82,NotPlaced,48,57
4591,8.5,2,3,2,90,4.8,Yes,Yes,80,82,Placed,55,62
4592,6.5,1,2,0,71,4.3,No,No,59,72,NotPlaced,67,72
4593,8.1,0,3,1,90,4.7,Yes,Yes,81,86,NotPlaced,73,76
4594,8.6,0,3,0,90,4.0,Yes,No,75,85,NotPlaced,32,43
4595,8.4,2,1,0,86,4.6,Yes,Yes,57,82,NotPlaced,64,69
4596,7.5,1,1,0,72,4.3,No,Yes,71,69,NotPlaced,67,71
4597,8.1,0,3,0,90,4.5,Yes,No,78,85,Placed,60,66
4598,7.6,0,1,0,86,4.2,No,Yes,55,70,NotPlaced,84,85
4599,7.8,0,1,1,71,3.9,No,No,55,74,NotPlaced,71,75
4600,7.4,0,1,0,62,3.9,No,No,55,61,NotPlaced,84,85
4601,8.3,0,1,1,77,4.7,Yes,Yes,79,82,Placed,61,67
4602,6.5,0,1,0,68,4.5,No,No,66,74,NotPlaced,79,81
4603,7.9,1,1,1,73,4.3,No,No,55,82,NotPlaced,89,89
4604,8.1,1,2,0,68,4.7,No,Yes,67,87,Placed,84,85
4605,7.1,1,1,1,66,4.2,No,No,55,65,NotPlaced,48,56
4606,7.6,1,2,0,73,4.2,Yes,Yes,58,72,NotPlaced,61,66
4607,6.5,1,2,0,71,4.4,No,No,55,61,NotPlaced,59,65
4608,7.2,1,1,1,69,3.7,No,No,65,70,NotPlaced,72,75
4609,6.7,0,1,0,78,3.8,No,Yes,61,62,NotPlaced,75,78
4610,7.0,0,1,1,66,3.8,No,No,55,65,NotPlaced,52,59
4611,6.5,2,1,2,80,4.6,Yes,No,57,66,Placed,66,70
4612,7.5,0,1,0,60,3.5,No,No,55,63,NotPlaced,34,45
4613,7.6,1,1,0,65,4.1,Yes,No,55,65,NotPlaced,86,87
4614,6.7,1,1,2,69,3.5,No,No,77,58,NotPlaced,57,63
4615,6.7,0,1,0,82,3.8,No,No,67,63,NotPlaced,65,70
4616,8.4,2,2,2,71,3.4,No,Yes,59,81,NotPlaced,60,66
4617,8.5,1,3,2,89,4.8,Yes,Yes,81,86,Placed,82,83
4618,8.8,2,2,2,77,3.9,Yes,No,87,81,NotPlaced,22,35
4619,8.2,1,2,0,69,3.9,Yes,Yes,68,63,NotPlaced,64,69
4620,6.7,0,3,1,67,4.2,Yes,No,63,63,NotPlaced,63,68
4621,8.0,1,1,0,81,4.4,Yes,Yes,70,71,NotPlaced,58,64
4622,7.3,1,2,1,86,3.4,No,Yes,63,74,NotPlaced,90,90
4623,8.2,2,3,3,90,4.2,Yes,Yes,78,77,NotPlaced,51,59
4624,8.1,2,3,0,74,4.3,Yes,Yes,82,84,NotPlaced,76,79
4625,7.6,1,2,0,78,3.8,No,No,71,64,NotPlaced,70,74
4626,6.8,1,1,1,67,4.1,No,No,59,66,NotPlaced,83,85
4627,8.2,0,1,2,77,4.3,No,No,68,68,NotPlaced,54,61
4628,7.5,1,1,1,68,4.3,No,No,61,67,NotPlaced,54,61
4629,8.5,1,3,2,89,4.8,Yes,Yes,82,83,Placed,81,83
4630,8.1,2,3,0,88,4.6,Yes,Yes,78,67,Placed,71,75
4631,6.7,1,2,0,71,4.3,No,No,57,80,NotPlaced,41,51
4632,8.8,0,1,0,84,4.5,No,Yes,58,69,Placed,56,63
4633,8.3,2,3,2,90,4.5,Yes,Yes,82,85,Placed,70,74
4634,7.9,1,3,1,77,4.3,Yes,Yes,84,85,Placed,77,80
4635,8.0,0,1,0,75,3.6,No,Yes,67,84,NotPlaced,54,61
4636,7.8,2,2,2,89,4.7,Yes,Yes,82,80,Placed,21,35
4637,7.8,2,3,2,90,4.8,Yes,Yes,77,86,Placed,72,76
4638,7.4,1,1,0,63,3.8,No,Yes,62,70,NotPlaced,46,55
4639,8.2,1,1,2,86,3.4,No,Yes,80,71,NotPlaced,34,45
4640,6.5,2,2,1,76,3.9,Yes,Yes,60,68,NotPlaced,22,36
4641,7.7,1,3,2,83,4.7,Yes,Yes,83,86,NotPlaced,77,79
4642,8.3,2,3,2,90,4.8,Yes,Yes,73,87,Placed,66,71
4643,7.5,1,2,1,64,4.2,No,Yes,70,64,NotPlaced,61,67
4644,7.8,2,3,1,85,4.8,Yes,Yes,79,83,Placed,85,86
4645,7.7,0,1,1,74,4.0,No,Yes,62,65,NotPlaced,74,77
4646,8.2,2,3,2,85,4.8,Yes,Yes,85,81,Placed,89,89
4647,7.4,1,1,2,81,4.6,Yes,Yes,68,85,Placed,44,53
4648,8.4,1,3,0,81,4.7,No,Yes,55,87,NotPlaced,64,69
4649,8.2,2,3,2,90,4.8,Yes,Yes,73,78,Placed,40,50
4650,7.8,1,2,1,70,4.3,Yes,Yes,59,71,Placed,61,67
4651,7.6,1,1,0,78,4.2,No,No,55,62,NotPlaced,61,67
4652,7.5,1,2,0,76,4.7,No,Yes,59,73,NotPlaced,74,77
4653,7.5,1,2,1,79,4.5,No,Yes,61,70,NotPlaced,65,70
4654,7.6,1,3,1,90,4.5,Yes,Yes,70,80,NotPlaced,74,77
4655,7.4,1,2,0,74,4.1,Yes,Yes,66,68,NotPlaced,75,78
4656,8.3,1,1,2,79,3.7,Yes,Yes,82,76,Placed,97,95
4657,7.6,1,1,0,81,4.0,No,No,55,70,NotPlaced,60,66
4658,8.0,0,3,2,82,4.8,Yes,No,73,82,Placed,50,58
4659,8.3,1,3,2,90,4.8,Yes,Yes,83,88,Placed,68,72
4660,7.7,1,1,0,63,3.9,No,No,65,68,Placed,52,60
4661,7.5,1,1,1,69,3.4,No,Yes,59,71,NotPlaced,87,87
4662,7.4,0,1,0,72,4.5,No,Yes,55,75,NotPlaced,60,66
4663,8.4,0,1,0,76,4.2,Yes,Yes,55,85,Placed,56,63
4664,7.0,1,1,1,63,3.7,Yes,Yes,55,73,NotPlaced,57,64
4665,8.3,2,3,2,90,4.8,Yes,Yes,78,83,Placed,75,78
4666,7.5,1,1,1,76,3.9,No,Yes,77,67,NotPlaced,62,68
4667,7.7,1,3,2,86,4.4,Yes,Yes,83,67,Placed,55,62
4668,8.3,2,3,2,90,4.7,No,Yes,71,73,Placed,89,89
4669,7.5,1,1,1,77,4.1,Yes,No,77,67,NotPlaced,52,59
4670,7.6,2,1,3,67,3.7,No,Yes,55,68,NotPlaced,65,70
4671,8.1,1,3,2,90,4.3,Yes,Yes,73,86,Placed,74,77
4672,7.9,1,3,1,80,4.8,Yes,No,79,87,Placed,40,50
4673,8.4,1,1,2,78,4.1,No,Yes,73,79,NotPlaced,72,75
4674,8.0,1,3,0,87,4.3,Yes,Yes,81,77,Placed,49,57
4675,7.5,1,2,0,78,4.4,Yes,Yes,67,62,Placed,77,79
4676,7.7,0,2,0,70,4.0,No,Yes,55,66,NotPlaced,50,58
4677,7.6,1,1,0,71,3.9,Yes,Yes,55,78,Placed,75,78
4678,7.6,1,1,0,66,4.1,No,No,67,73,NotPlaced,81,83
4679,6.5,0,2,0,70,4.4,Yes,Yes,55,71,NotPlaced,77,80
4680,8.4,0,3,2,90,4.6,Yes,Yes,66,84,NotPlaced,68,73
4681,7.8,0,1,1,77,4.3,No,No,60,68,Placed,61,67
4682,8.4,0,3,2,78,4.8,No,Yes,85,65,Placed,56,63
4683,8.5,2,3,2,90,4.8,Yes,Yes,82,70,Placed,87,87
4684,8.0,0,3,3,72,4.5,Yes,Yes,71,81,Placed,54,61
4685,7.5,1,1,0,81,3.8,Yes,Yes,56,58,NotPlaced,49,57
4686,7.0,1,2,2,90,4.5,Yes,Yes,55,82,Placed,74,77
4687,7.6,0,1,1,69,4.5,No,No,55,71,Placed,53,60
4688,7.6,1,1,0,60,4.2,No,Yes,73,65,NotPlaced,50,58
4689,7.4,1,3,0,87,4.8,Yes,Yes,72,85,Placed,43,52
4690,7.9,1,1,0,83,4.8,Yes,Yes,89,85,Placed,57,64
4691,8.3,2,3,0,84,3.9,Yes,Yes,55,86,Placed,63,69
4692,6.7,0,3,0,70,4.7,Yes,No,89,67,NotPlaced,68,72
4693,7.2,1,3,2,87,4.8,Yes,Yes,81,88,Placed,79,81
4694,8.2,2,3,2,86,4.5,Yes,Yes,87,63,Placed,72,76
4695,7.7,1,1,1,70,4.1,No,No,57,71,NotPlaced,62,67
4696,7.5,0,1,0,81,4.4,No,No,66,67,NotPlaced,62,67
4697,8.2,1,3,1,80,4.8,Yes,Yes,72,82,Placed,72,76
4698,8.2,1,2,0,87,4.2,Yes,Yes,81,80,NotPlaced,84,85
4699,7.5,1,1,0,71,3.7,Yes,Yes,69,84,NotPlaced,66,71
4700,6.8,1,2,1,71,3.7,No,Yes,56,62,NotPlaced,57,64
4701,6.5,0,1,1,66,3.6,No,No,55,70,NotPlaced,50,58
4702,7.5,1,1,1,82,4.6,No,Yes,55,65,NotPlaced,43,52
4703,8.5,2,3,2,90,4.6,Yes,Yes,74,85,Placed,74,77
4704,7.5,1,1,1,80,4.1,No,Yes,55,65,NotPlaced,73,76
4705,7.7,1,1,0,68,4.3,No,Yes,65,67,NotPlaced,73,76
4706,7.3,1,2,0,68,3.8,No,Yes,59,57,NotPlaced,63,68
4707,6.5,1,1,1,73,4.2,No,No,55,57,NotPlaced,86,86
4708,7.9,0,1,0,88,4.3,Yes,Yes,73,81,NotPlaced,57,64
4709,8.0,2,2,2,77,4.8,Yes,No,76,80,NotPlaced,79,81
4710,8.4,2,3,3,90,4.6,Yes,Yes,70,78,Placed,64,69
4711,7.1,2,1,2,77,4.1,Yes,Yes,61,68,NotPlaced,55,62
4712,7.7,2,1,1,70,3.5,Yes,Yes,66,67,Placed,73,77
4713,6.6,1,1,1,72,4.3,No,No,63,74,NotPlaced,71,74
4714,8.4,0,3,0,87,4.6,Yes,Yes,57,71,Placed,70,74
4715,8.4,1,3,0,84,4.1,Yes,Yes,80,75,NotPlaced,66,70
4716,8.5,2,3,2,90,4.8,Yes,Yes,83,87,Placed,64,69
4717,8.4,2,1,2,84,4.5,Yes,Yes,60,85,NotPlaced,100,98
4718,7.0,0,2,1,73,3.9,No,No,64,59,NotPlaced,82,84
4719,8.4,2,2,0,90,4.1,Yes,Yes,76,78,NotPlaced,75,78
4720,6.8,1,1,0,74,4.2,No,Yes,58,73,NotPlaced,66,71
4721,7.6,1,3,1,77,4.1,Yes,No,63,87,Placed,80,82
4722,7.8,2,3,2,84,4.4,Yes,No,87,80,NotPlaced,72,76
4723,8.1,2,2,1,65,4.8,Yes,No,56,68,NotPlaced,65,70
4724,7.5,1,1,0,81,4.2,No,Yes,55,59,NotPlaced,60,66
4725,8.3,2,3,2,90,4.4,Yes,Yes,84,86,Placed,63,69
4726,8.3,1,2,2,76,4.5,No,Yes,74,70,Placed,17,31
4727,8.2,1,3,2,84,4.4,Yes,Yes,70,83,Placed,68,72
4728,7.4,1,3,2,81,4.5,Yes,Yes,73,83,NotPlaced,57,64
4729,7.5,1,1,1,83,4.4,No,Yes,56,63,NotPlaced,88,89
4730,7.6,0,2,1,81,4.4,Yes,Yes,70,63,Placed,65,70
4731,6.7,1,1,1,75,3.8,No,No,65,71,NotPlaced,47,55
4732,7.8,2,3,1,79,3.9,Yes,Yes,82,64,NotPlaced,64,69
4733,7.4,0,1,1,64,4.7,No,Yes,76,71,NotPlaced,49,57
4734,8.6,1,3,0,74,4.4,Yes,Yes,86,81,Placed,72,75
4735,8.1,2,3,2,90,4.8,Yes,Yes,72,83,Placed,69,73
4736,7.6,2,1,1,85,4.4,No,Yes,59,75,NotPlaced,79,81
4737,7.4,1,3,1,73,4.4,No,Yes,55,74,NotPlaced,53,60
4738,8.3,2,2,0,90,4.3,Yes,Yes,61,71,Placed,65,70
4739,7.6,0,3,0,85,4.3,No,Yes,64,83,Placed,44,53
4740,7.9,2,3,2,90,4.8,Yes,No,88,77,Placed,75,78
4741,8.4,2,3,2,89,4.5,Yes,Yes,75,87,Placed,72,76
4742,8.4,0,3,2,88,3.7,Yes,Yes,76,85,Placed,72,75
4743,8.5,1,3,2,90,4.8,Yes,Yes,88,87,NotPlaced,65,70
4744,8.5,2,3,2,90,4.3,Yes,Yes,79,83,Placed,71,74
4745,7.5,1,1,0,85,4.5,No,No,55,70,NotPlaced,89,89
4746,8.8,1,3,2,89,4.4,Yes,Yes,77,76,Placed,60,66
4747,8.3,1,3,1,66,4.3,No,No,78,71,NotPlaced,67,71
4748,8.1,1,1,0,76,4.2,No,Yes,75,83,Placed,48,56
4749,8.2,1,1,2,85,4.8,Yes,Yes,79,82,Placed,51,59
4750,8.3,1,1,0,80,3.6,No,Yes,80,75,NotPlaced,66,71
4751,6.7,1,1,0,71,4.5,No,No,58,59,NotPlaced,81,83
4752,7.1,1,1,1,76,4.2,Yes,Yes,81,82,Placed,61,66
4753,7.4,1,2,0,76,3.5,No,Yes,62,60,NotPlaced,61,67
4754,8.4,0,3,0,83,4.5,Yes,Yes,85,67,Placed,58,65
4755,8.0,2,1,2,81,3.9,No,No,64,70,Placed,56,63
4756,8.4,2,3,2,89,4.8,Yes,Yes,87,83,Placed,69,73
4757,7.8,1,1,0,79,4.6,No,No,76,63,NotPlaced,42,52
4758,8.9,2,2,0,90,4.8,Yes,Yes,72,87,Placed,84,85
4759,8.2,2,3,1,90,4.8,Yes,Yes,84,78,Placed,55,62
4760,7.6,0,1,1,68,4.1,No,No,63,64,NotPlaced,75,78
4761,8.7,2,3,2,78,4.8,Yes,Yes,85,75,Placed,45,54
4762,7.2,1,2,0,75,4.2,Yes,Yes,73,70,Placed,75,78
4763,8.4,2,3,0,83,4.4,Yes,Yes,85,82,Placed,75,78
4764,7.5,1,1,0,64,4.0,No,No,58,71,NotPlaced,70,74
4765,7.4,1,2,0,76,4.5,No,No,68,73,NotPlaced,50,58
4766,6.7,1,1,0,82,3.7,No,Yes,55,58,NotPlaced,68,72
4767,7.0,1,2,1,84,3.9,No,Yes,57,64,NotPlaced,47,55
4768,7.8,1,3,2,82,4.8,Yes,No,78,77,Placed,61,66
4769,8.1,2,3,2,90,4.6,Yes,Yes,77,81,Placed,80,82
4770,7.5,1,1,0,69,4.5,No,No,64,66,NotPlaced,76,79
4771,7.4,1,1,0,77,3.8,No,Yes,55,73,NotPlaced,65,70
4772,6.6,0,1,0,63,4.2,No,No,61,70,NotPlaced,50,58
4773,6.6,0,1,1,72,3.5,No,Yes,80,66,NotPlaced,74,77
4774,8.3,1,3,2,90,4.3,Yes,Yes,80,84,Placed,65,70
4775,6.7,1,1,0,70,3.7,No,Yes,56,68,NotPlaced,30,42
4776,9.0,2,3,2,84,4.4,Yes,Yes,77,80,NotPlaced,76,79
4777,8.1,1,3,2,90,4.7,No,Yes,72,88,Placed,64,69
4778,7.5,1,1,0,75,4.8,No,Yes,68,68,NotPlaced,83,84
4779,8.2,1,2,0,83,4.1,No,Yes,58,85,NotPlaced,48,56
4780,7.7,1,1,0,74,3.3,No,Yes,57,73,NotPlaced,17,31
4781,8.2,2,3,2,78,4.8,Yes,Yes,83,83,Placed,69,73
4782,7.5,0,1,0,78,4.0,No,No,55,71,NotPlaced,69,73
4783,6.8,1,3,2,79,4.4,Yes,Yes,71,87,Placed,39,49
4784,8.4,0,3,0,90,4.5,Yes,Yes,71,83,Placed,50,58
4785,7.7,1,3,2,87,4.8,Yes,Yes,70,88,Placed,100,100
4786,8.2,2,1,0,82,4.7,Yes,Yes,63,72,Placed,60,66
4787,8.3,1,3,2,79,4.7,Yes,Yes,76,78,NotPlaced,75,78
4788,6.6,2,2,2,71,3.6,No,No,63,69,NotPlaced,55,62
4789,8.6,2,1,3,80,4.5,Yes,Yes,83,81,Placed,33,44
4790,6.5,1,2,1,74,3.9,No,Yes,77,71,NotPlaced,62,67
4791,7.5,1,3,1,72,4.4,No,Yes,76,85,NotPlaced,61,66
4792,8.2,2,3,0,87,4.3,Yes,Yes,83,84,Placed,59,65
4793,7.2,1,2,1,76,4.1,No,No,73,65,NotPlaced,63,68
4794,7.6,1,1,1,86,4.1,No,No,57,64,NotPlaced,68,73
4795,6.5,1,1,0,64,4.4,No,Yes,61,73,NotPlaced,62,68
4796,7.4,1,2,0,79,4.2,No,Yes,79,71,Placed,46,54
4797,8.6,1,2,1,70,4.1,No,Yes,55,68,NotPlaced,72,75
4798,7.7,2,3,0,80,4.8,Yes,Yes,73,83,Placed,35,46
4799,7.6,1,2,2,80,4.5,No,Yes,77,71,Placed,34,45
4800,8.6,1,3,3,90,4.8,Yes,Yes,72,85,Placed,76,78
4801,7.3,1,1,0,71,3.8,Yes,No,61,64,NotPlaced,72,76
4802,7.7,2,1,0,74,4.1,Yes,Yes,78,68,Placed,64,69
4803,7.8,1,3,0,82,4.2,Yes,No,60,86,Placed,44,53
4804,8.4,2,1,0,77,4.6,No,Yes,55,60,NotPlaced,54,61
4805,7.5,1,3,0,84,4.2,Yes,Yes,82,69,Placed,61,66
4806,7.5,2,3,2,80,4.5,Yes,Yes,77,67,NotPlaced,41,50
4807,7.8,1,3,2,88,4.6,Yes,No,76,81,Placed,53,61
4808,6.5,1,1,1,68,4.7,No,No,59,73,NotPlaced,74,77
4809,6.8,1,2,2,70,4.0,Yes,Yes,62,69,NotPlaced,86,87
4810,7.5,1,1,0,71,3.6,Yes,No,61,71,Placed,58,64
4811,7.9,1,1,0,74,4.5,Yes,Yes,56,70,Placed,76,79
4812,7.4,2,3,0,80,4.0,No,Yes,79,62,NotPlaced,36,47
4813,8.4,1,1,1,70,3.7,Yes,Yes,55,63,NotPlaced,74,77
4814,7.6,0,1,1,79,3.5,Yes,Yes,67,63,Placed,52,60
4815,8.3,1,3,0,82,4.6,Yes,Yes,73,88,NotPlaced,69,73
4816,7.2,2,1,1,89,4.0,Yes,Yes,77,83,NotPlaced,61,67
4817,8.3,1,3,1,89,4.8,Yes,Yes,79,84,Placed,84,85
4818,6.6,1,1,1,80,3.5,No,No,70,72,NotPlaced,51,59
4819,8.4,0,3,1,90,4.5,Yes,Yes,75,82,Placed,74,77
4820,8.2,0,2,1,69,3.5,No,Yes,58,64,NotPlaced,60,66
4821,8.0,2,3,1,78,4.5,Yes,Yes,79,80,Placed,62,68
4822,8.4,2,3,2,90,4.6,Yes,Yes,69,82,Placed,62,67
4823,8.4,1,3,2,84,4.8,Yes,Yes,80,88,Placed,52,59
4824,7.3,1,2,1,68,3.9,No,No,56,65,NotPlaced,64,69
4825,6.5,1,2,2,88,4.7,Yes,Yes,77,69,Placed,64,69
4826,7.4,0,2,1,79,4.6,No,Yes,61,67,NotPlaced,68,72
4827,8.3,2,3,2,90,4.7,Yes,Yes,73,74,Placed,66,71
4828,8.3,2,2,1,64,4.0,No,Yes,55,65,Placed,76,79
4829,7.8,1,1,2,74,3.8,No,Yes,60,81,NotPlaced,78,81
4830,8.2,2,3,2,90,4.6,Yes,Yes,85,85,Placed,49,57
4831,8.2,1,3,1,88,3.9,No,No,79,68,NotPlaced,78,80
4832,7.7,1,1,0,76,4.1,No,Yes,55,64,NotPlaced,47,55
4833,6.5,1,3,2,73,4.3,Yes,Yes,55,68,Placed,73,77
4834,8.3,2,2,2,90,4.7,No,Yes,73,85,NotPlaced,74,77
4835,8.5,1,3,2,89,4.3,Yes,Yes,77,70,Placed,36,47
4836,8.3,0,3,1,79,4.5,Yes,No,55,64,NotPlaced,66,71
4837,6.6,2,2,0,75,4.4,No,No,80,62,NotPlaced,57,64
4838,8.8,2,3,3,79,4.4,Yes,Yes,67,82,Placed,53,60
4839,8.4,2,3,2,90,4.8,Yes,Yes,78,85,Placed,85,86
4840,7.9,1,3,1,90,4.8,Yes,Yes,76,81,Placed,55,62
4841,8.0,0,1,3,90,4.8,Yes,Yes,81,82,Placed,52,60
4842,8.0,1,3,0,90,4.4,Yes,Yes,77,87,Placed,66,70
4843,7.6,2,3,2,90,4.8,Yes,Yes,75,86,Placed,75,78
4844,8.8,2,3,2,90,4.8,Yes,Yes,74,88,Placed,62,68
4845,7.6,0,1,0,76,4.1,No,No,65,67,NotPlaced,82,83
4846,7.6,1,3,0,69,3.9,Yes,Yes,74,72,Placed,72,76
4847,8.7,2,3,3,89,4.5,Yes,Yes,72,87,Placed,32,43
4848,6.6,0,1,1,78,4.4,No,Yes,55,73,NotPlaced,57,63
4849,7.3,0,1,2,82,4.7,Yes,Yes,78,87,Placed,56,63
4850,6.5,1,1,1,80,4.4,No,Yes,60,65,NotPlaced,72,75
4851,8.6,2,2,2,81,4.8,Yes,Yes,78,81,Placed,25,38
4852,7.5,1,2,1,71,4.0,No,No,82,65,NotPlaced,100,100
4853,8.5,1,3,2,87,4.8,Yes,Yes,67,85,Placed,72,76
4854,8.4,1,3,2,90,4.8,Yes,Yes,77,79,Placed,67,71
4855,7.4,1,1,1,80,3.6,Yes,Yes,78,74,NotPlaced,82,84
4856,7.5,1,2,0,70,3.4,No,Yes,55,66,NotPlaced,100,98
4857,7.4,0,1,1,70,3.9,No,No,57,69,NotPlaced,78,80
4858,7.6,1,1,1,63,4.5,No,No,70,63,NotPlaced,79,81
4859,8.0,2,3,0,90,4.7,No,Yes,73,87,Placed,66,71
4860,8.0,2,3,2,90,4.8,Yes,Yes,78,85,Placed,62,68
4861,7.3,1,1,1,68,4.2,No,No,55,61,NotPlaced,57,64
4862,7.5,0,2,0,67,4.3,Yes,Yes,55,68,NotPlaced,52,60
4863,6.7,0,1,0,80,3.1,No,Yes,55,63,NotPlaced,54,61
4864,7.7,1,1,0,79,4.3,Yes,Yes,85,71,NotPlaced,44,53
4865,6.5,1,3,2,84,4.6,No,Yes,55,71,Placed,63,69
4866,7.5,1,1,1,63,3.5,No,No,55,64,NotPlaced,39,49
4867,7.3,1,1,2,81,3.7,No,Yes,58,76,NotPlaced,67,72
4868,7.5,2,2,2,90,4.2,Yes,Yes,70,87,NotPlaced,64,69
4869,8.5,2,3,1,85,4.1,Yes,Yes,89,79,Placed,67,71
4870,8.3,2,3,2,90,4.5,Yes,Yes,87,86,Placed,57,63
4871,7.6,0,1,0,90,4.1,No,Yes,77,79,NotPlaced,100,100
4872,8.6,1,2,0,77,4.5,Yes,Yes,80,84,Placed,85,86
4873,8.1,0,3,2,81,4.2,Yes,Yes,90,84,Placed,46,55
4874,8.3,1,3,2,90,4.5,No,Yes,77,81,NotPlaced,68,72
4875,8.3,0,3,2,89,4.8,Yes,Yes,86,85,Placed,55,62
4876,7.9,1,2,0,78,4.5,Yes,Yes,75,81,Placed,49,57
4877,7.6,2,3,2,81,4.3,Yes,Yes,86,69,Placed,44,53
4878,7.7,1,1,0,86,4.1,No,Yes,55,70,NotPlaced,71,75
4879,7.6,1,2,0,84,3.6,No,Yes,75,60,Placed,54,61
4880,6.5,1,3,1,75,4.5,Yes,Yes,59,64,NotPlaced,79,81
4881,6.6,0,1,1,77,4.3,Yes,Yes,82,66,NotPlaced,79,81
4882,8.0,1,3,0,86,4.4,Yes,Yes,78,88,NotPlaced,85,86
4883,8.0,1,2,2,72,4.3,Yes,Yes,82,81,NotPlaced,52,59
4884,8.5,1,1,2,86,4.5,Yes,Yes,74,83,Placed,72,75
4885,7.7,1,1,1,73,4.4,Yes,Yes,82,81,NotPlaced,74,77
4886,6.5,1,2,0,60,4.7,No,Yes,55,63,NotPlaced,57,64
4887,8.1,2,3,2,90,4.8,Yes,Yes,71,86,Placed,53,60
4888,6.5,0,3,2,72,4.1,Yes,Yes,87,80,Placed,89,89
4889,6.7,0,1,0,76,4.0,No,Yes,55,70,NotPlaced,68,72
4890,8.1,1,2,1,77,3.8,Yes,No,70,64,NotPlaced,74,77
4891,8.0,2,2,2,86,4.8,Yes,Yes,84,82,Placed,52,60
4892,8.3,2,3,2,82,4.3,No,Yes,74,60,Placed,46,55
4893,8.6,1,2,3,76,4.7,Yes,Yes,81,80,NotPlaced,56,63
4894,7.4,1,2,0,89,3.6,No,No,62,72,NotPlaced,63,68
4895,8.2,1,3,0,90,4.7,Yes,Yes,80,80,Placed,49,57
4896,8.3,0,3,2,86,4.7,Yes,Yes,82,86,Placed,64,69
4897,6.7,1,1,1,67,4.2,No,No,72,73,NotPlaced,39,49
4898,7.5,1,3,2,83,4.8,No,Yes,72,82,NotPlaced,48,56
4899,8.6,2,3,2,90,4.8,Yes,Yes,87,84,Placed,75,78
4900,8.3,2,3,2,84,4.0,Yes,Yes,78,86,NotPlaced,74,77
4901,7.4,1,2,1,70,3.8,Yes,Yes,70,68,NotPlaced,59,65
4902,8.4,2,3,2,86,4.8,Yes,Yes,74,81,Placed,49,57
4903,8.1,1,3,0,77,4.1,No,Yes,70,84,NotPlaced,49,57
4904,6.7,1,1,1,67,3.4,No,No,56,62,NotPlaced,59,65
4905,8.1,1,3,2,90,4.4,Yes,Yes,77,86,Placed,74,77
4906,7.4,1,1,0,80,4.1,No,Yes,75,68,NotPlaced,78,81
4907,7.8,2,3,2,90,4.8,Yes,Yes,71,84,Placed,57,64
4908,7.9,0,2,1,76,4.7,Yes,Yes,82,82,NotPlaced,47,56
4909,8.4,1,2,1,87,4.7,No,Yes,76,67,NotPlaced,69,73
4910,6.9,1,1,1,64,3.5,No,No,68,66,NotPlaced,52,60
4911,6.7,1,1,0,83,4.2,No,No,55,57,NotPlaced,57,63
4912,7.1,1,2,1,73,3.9,No,Yes,79,72,Placed,84,85
4913,7.6,0,1,0,81,4.4,Yes,Yes,84,83,Placed,77,79
4914,7.5,0,3,2,78,4.2,Yes,Yes,81,86,NotPlaced,67,71
4915,7.9,1,3,1,81,4.5,No,Yes,75,73,Placed,45,54
4916,7.5,0,3,2,90,4.3,No,Yes,89,86,Placed,68,72
4917,8.0,2,3,2,90,4.8,Yes,Yes,68,85,Placed,80,82
4918,7.4,0,2,1,76,4.0,No,Yes,69,73,NotPlaced,59,65
4919,8.5,2,1,0,86,4.5,Yes,Yes,80,82,Placed,85,86
4920,8.0,0,3,1,83,4.4,Yes,Yes,83,79,Placed,84,85
4921,7.3,1,2,1,67,4.6,No,No,59,80,NotPlaced,89,89
4922,6.6,1,2,1,62,3.7,No,Yes,73,60,NotPlaced,69,73
4923,8.5,2,3,2,90,4.6,Yes,Yes,80,87,Placed,73,77
4924,7.5,1,3,1,66,3.8,No,Yes,69,72,NotPlaced,86,86
4925,7.7,1,1,0,79,4.6,No,No,88,61,NotPlaced,71,75
4926,7.6,1,2,1,67,4.4,Yes,Yes,61,73,Placed,57,63
4927,8.6,2,3,2,90,4.8,Yes,Yes,73,88,Placed,58,64
4928,8.4,1,3,0,86,4.7,Yes,Yes,80,70,Placed,68,72
4929,7.7,1,1,3,79,4.1,Yes,Yes,82,82,Placed,45,54
4930,8.2,1,3,2,86,4.8,Yes,Yes,86,83,Placed,62,68
4931,8.6,2,3,2,90,4.8,Yes,Yes,76,88,Placed,81,83
4932,6.5,1,2,1,79,4.1,No,Yes,60,60,NotPlaced,32,43
4933,8.5,1,2,0,75,4.5,No,Yes,65,73,NotPlaced,88,88
4934,7.5,1,2,1,90,3.8,Yes,Yes,82,86,Placed,81,83
4935,6.7,1,2,1,68,4.3,No,Yes,56,68,NotPlaced,58,64
4936,8.4,2,3,2,90,4.8,Yes,Yes,69,83,Placed,73,76
4937,7.5,1,1,0,60,3.7,No,Yes,55,74,NotPlaced,65,70
4938,8.5,1,1,2,82,4.4,Yes,Yes,82,85,Placed,83,84
4939,8.5,1,2,2,90,4.6,Yes,Yes,79,84,Placed,79,81
4940,7.6,1,3,0,90,4.8,Yes,Yes,75,85,Placed,43,53
4941,7.6,1,3,0,75,4.2,Yes,No,76,76,Placed,73,77
4942,8.3,0,3,2,90,4.8,Yes,No,90,84,Placed,61,67
4943,8.1,2,3,2,89,4.6,Yes,Yes,73,83,NotPlaced,66,70
4944,6.7,1,2,1,76,3.2,No,Yes,55,80,NotPlaced,54,61
4945,7.7,1,3,1,78,3.9,Yes,No,66,83,NotPlaced,91,90
4946,6.7,0,1,0,77,4.1,No,No,63,68,NotPlaced,80,82
4947,6.5,0,1,0,60,3.9,No,No,64,66,NotPlaced,53,61
4948,6.7,1,1,2,89,4.3,Yes,Yes,73,67,NotPlaced,44,53
4949,8.5,2,3,2,83,4.6,Yes,Yes,73,81,Placed,59,65
4950,7.7,1,2,2,80,4.5,No,Yes,78,84,Placed,71,75
4951,8.1,0,2,2,75,4.3,Yes,Yes,84,88,Placed,68,72
4952,6.5,2,1,1,73,4.3,Yes,No,86,81,NotPlaced,83,85
4953,8.0,1,3,1,87,3.9,No,Yes,56,66,NotPlaced,76,79
4954,7.4,1,2,0,69,4.1,No,No,58,71,NotPlaced,79,81
4955,7.4,1,2,1,71,3.5,No,No,74,64,NotPlaced,69,73
4956,8.2,2,1,0,79,4.6,Yes,No,63,65,NotPlaced,44,53
4957,7.4,1,2,1,71,4.1,No,Yes,62,72,NotPlaced,62,67
4958,7.9,1,3,1,76,4.3,No,No,62,65,NotPlaced,80,82
4959,8.1,2,1,1,75,4.7,Yes,Yes,60,70,NotPlaced,64,69
4960,8.3,2,3,2,90,4.8,Yes,Yes,90,85,Placed,72,76
4961,8.1,0,2,2,86,4.6,Yes,Yes,57,79,NotPlaced,60,66
4962,8.4,2,3,2,90,4.8,Yes,Yes,70,86,Placed,49,57
4963,9.1,1,1,0,75,3.8,No,No,55,62,Placed,63,68
4964,8.2,1,3,2,90,4.8,Yes,Yes,77,87,Placed,69,73
4965,7.7,0,1,0,82,4.1,No,Yes,56,75,NotPlaced,55,62
4966,6.7,1,1,1,68,4.8,Yes,No,57,65,NotPlaced,61,67
4967,8.3,2,3,2,90,4.7,Yes,Yes,85,82,Placed,50,58
4968,8.0,1,3,2,90,4.8,Yes,Yes,69,85,NotPlaced,81,83
4969,8.3,2,3,2,87,4.7,Yes,Yes,84,80,Placed,60,66
4970,7.9,1,3,2,89,4.8,Yes,Yes,78,84,Placed,86,87
4971,7.5,1,1,0,63,4.5,No,Yes,59,58,NotPlaced,87,88
4972,8.0,2,3,0,90,4.8,Yes,Yes,89,80,Placed,63,69
4973,8.5,2,1,0,79,4.8,Yes,No,55,72,Placed,49,57
4974,7.9,1,2,3,80,4.7,Yes,Yes,78,73,NotPlaced,33,44
4975,7.7,0,1,1,78,4.6,Yes,Yes,74,66,NotPlaced,42,52
4976,7.4,1,2,1,74,3.9,No,Yes,76,74,NotPlaced,44,53
4977,6.5,1,2,1,77,4.0,No,No,55,63,NotPlaced,85,86
4978,7.7,2,2,0,75,4.5,Yes,Yes,78,72,NotPlaced,66,71
4979,7.5,1,2,1,79,4.4,Yes,No,55,77,Placed,70,74
4980,8.6,1,3,2,90,4.8,Yes,Yes,78,87,Placed,31,43
4981,8.5,2,3,2,90,4.8,Yes,Yes,82,87,Placed,47,55
4982,7.5,1,1,0,66,3.9,No,Yes,55,78,NotPlaced,78,80
4983,7.6,0,1,0,82,4.3,No,Yes,71,72,NotPlaced,69,73
4984,7.5,0,1,0,72,4.3,No,Yes,56,66,NotPlaced,62,68
4985,7.5,0,1,0,71,3.8,No,Yes,59,69,NotPlaced,73,76
4986,7.0,1,3,2,87,3.9,Yes,Yes,64,72,NotPlaced,89,89
4987,6.5,1,1,1,84,4.4,Yes,Yes,72,87,Placed,61,67
4988,7.6,2,2,2,83,4.8,Yes,Yes,71,85,Placed,66,70
4989,7.7,1,1,1,68,4.6,Yes,No,65,65,NotPlaced,67,72
4990,7.7,1,1,1,64,3.9,No,No,58,66,NotPlaced,100,98
4991,6.6,0,1,1,68,3.8,No,No,64,67,NotPlaced,33,44
4992,6.9,1,1,0,61,3.5,No,No,66,66,NotPlaced,75,78
4993,7.4,2,2,1,81,4.4,Yes,Yes,66,88,Placed,63,68
4994,8.1,2,2,0,83,4.4,No,No,74,82,NotPlaced,73,76
4995,6.9,0,1,0,81,4.0,No,Yes,74,71,NotPlaced,55,62
4996,8.3,0,3,2,80,4.7,Yes,Yes,79,85,NotPlaced,64,69
4997,7.7,1,3,2,81,4.7,Yes,Yes,73,66,NotPlaced,75,78
4998,8.5,1,1,2,75,4.8,No,Yes,75,62,Placed,100,100
4999,7.5,1,2,0,83,4.2,No,Yes,60,71,NotPlaced,77,79
5000,8.1,0,2,1,88,4.8,No,Yes,62,81,Placed,52,59
5001,7.9,0,2,2,85,4.8,Yes,Yes,75,83,NotPlaced,58,64
5002,7.7,2,3,2,89,4.5,No,Yes,74,85,NotPlaced,58,64
5003,7.5,0,3,2,83,4.4,Yes,Yes,78,88,Placed,38,48
5004,8.2,1,3,0,82,4.1,Yes,Yes,85,86,NotPlaced,60,66
5005,8.6,1,2,1,73,4.7,Yes,Yes,76,66,NotPlaced,75,78
5006,6.7,1,1,1,77,3.4,No,Yes,59,72,NotPlaced,45,54
5007,7.6,0,1,1,80,4.6,No,No,55,64,NotPlaced,80,82
5008,6.5,0,3,0,88,4.8,Yes,Yes,85,84,Placed,72,75
5009,8.2,2,3,2,90,4.8,Yes,No,77,83,Placed,53,61
5010,7.7,2,1,2,79,4.6,Yes,Yes,57,80,Placed,62,68
5011,7.5,1,2,1,83,4.0,No,Yes,67,71,NotPlaced,88,89
5012,6.5,0,1,1,60,3.7,No,No,61,68,NotPlaced,76,78
5013,7.4,2,2,0,66,4.2,Yes,No,69,69,NotPlaced,65,70
5014,8.2,1,1,0,71,3.6,Yes,Yes,55,65,NotPlaced,61,67
5015,6.5,0,1,1,66,4.4,No,No,69,67,NotPlaced,66,70
5016,6.5,1,1,1,71,3.7,No,Yes,67,64,NotPlaced,57,63
5017,8.7,2,3,2,77,4.8,Yes,No,89,87,Placed,33,44
5018,7.6,1,1,0,75,4.0,No,No,55,57,NotPlaced,95,94
5019,8.2,1,1,0,86,4.6,No,Yes,79,61,NotPlaced,67,71
5020,8.1,2,2,2,85,4.5,No,Yes,71,83,NotPlaced,70,74
5021,8.1,0,3,0,77,3.9,Yes,No,69,65,NotPlaced,64,69
5022,8.4,2,3,2,90,4.8,Yes,Yes,85,81,Placed,53,61
5023,8.3,1,3,2,86,4.8,Yes,Yes,80,84,Placed,62,67
5024,7.5,0,1,2,81,4.1,Yes,Yes,84,81,NotPlaced,41,50
5025,6.6,1,1,1,77,4.0,No,No,57,66,NotPlaced,99,97
5026,8.3,1,2,2,90,4.8,Yes,Yes,78,85,Placed,46,55
5027,8.3,2,3,2,89,4.8,Yes,Yes,83,82,Placed,49,57
5028,8.1,1,1,1,74,4.5,No,No,70,62,NotPlaced,58,64
5029,8.3,1,3,1,83,4.8,Yes,No,65,80,NotPlaced,84,85
5030,6.5,0,1,1,87,4.8,No,No,55,72,NotPlaced,65,70
5031,6.8,1,1,1,61,3.5,No,No,66,72,NotPlaced,46,55
5032,8.0,1,3,0,80,4.7,No,Yes,68,83,Placed,83,85
5033,8.2,2,3,2,90,4.8,Yes,Yes,75,85,Placed,75,78
5034,7.7,0,2,0,88,4.8,Yes,No,77,81,NotPlaced,73,76
5035,7.6,1,1,1,81,4.0,No,Yes,65,65,NotPlaced,75,78
5036,7.5,1,1,0,60,3.9,No,No,55,69,NotPlaced,100,98
5037,8.4,2,3,2,90,4.8,Yes,Yes,76,86,Placed,97,96
5038,7.8,1,2,1,81,3.7,No,Yes,55,83,NotPlaced,54,61
5039,8.4,0,3,2,84,4.5,Yes,No,85,84,Placed,89,89
5040,7.5,1,3,1,83,4.4,Yes,Yes,77,87,Placed,70,74
5041,8.3,2,2,0,79,4.5,Yes,Yes,82,66,Placed,72,75
5042,6.5,2,1,2,79,4.4,No,No,55,66,NotPlaced,39,49
5043,8.2,1,3,2,89,4.3,Yes,No,84,82,Placed,62,67
5044,6.5,1,2,1,78,4.1,No,No,78,63,NotPlaced,52,60
5045,6.5,1,1,1,79,4.6,Yes,Yes,56,68,NotPlaced,77,79
5046,8.3,1,3,0,77,4.8,Yes,Yes,74,57,NotPlaced,81,82
5047,8.2,2,3,3,90,4.8,Yes,Yes,69,88,NotPlaced,33,45
5048,6.6,1,1,1,68,3.3,Yes,No,60,62,NotPlaced,64,69
5049,8.3,1,2,3,85,4.6,Yes,Yes,69,86,Placed,81,83
5050,8.0,1,1,1,83,4.2,Yes,Yes,78,79,NotPlaced,62,67
5051,6.6,1,2,0,87,4.6,No,Yes,80,71,NotPlaced,75,78
5052,8.1,2,3,2,90,4.7,Yes,Yes,86,81,Placed,70,74
5053,8.5,2,2,2,88,4.8,Yes,Yes,76,86,Placed,70,74
5054,7.5,1,1,0,75,3.9,No,Yes,55,64,NotPlaced,60,66
5055,6.5,0,1,0,71,3.7,No,Yes,71,65,NotPlaced,46,55
5056,7.6,2,3,2,90,4.5,Yes,Yes,75,83,Placed,48,56
5057,8.6,0,3,2,81,3.9,Yes,Yes,82,71,Placed,75,78
5058,6.8,1,1,0,76,4.0,No,No,60,58,NotPlaced,65,70
5059,8.0,1,3,2,81,4.0,Yes,Yes,81,86,Placed,62,68
5060,7.7,1,1,0,71,4.3,No,Yes,55,66,NotPlaced,58,64
5061,7.5,0,1,1,60,4.2,No,No,59,74,NotPlaced,60,66
5062,6.9,1,2,0,66,4.4,Yes,Yes,57,84,Placed,80,82
5063,8.3,2,3,2,90,4.8,Yes,Yes,84,86,Placed,59,65
5064,7.6,1,1,1,82,4.3,No,No,62,60,Placed,44,53
5065,6.5,2,1,1,72,4.4,No,Yes,55,66,NotPlaced,76,78
5066,6.6,1,2,0,79,4.4,No,Yes,66,68,NotPlaced,61,67
5067,6.8,0,1,1,64,3.8,No,No,55,71,NotPlaced,65,70
5068,8.6,1,3,2,90,4.6,Yes,Yes,85,81,Placed,89,89
5069,8.1,2,3,0,90,4.6,Yes,Yes,80,81,Placed,64,69
5070,8.2,2,3,2,84,4.8,Yes,Yes,71,83,Placed,69,73
5071,8.7,1,1,0,75,4.4,Yes,No,71,57,NotPlaced,47,55
5072,7.3,1,3,1,71,3.8,Yes,Yes,79,81,NotPlaced,61,67
5073,7.4,1,1,1,82,4.1,No,No,60,65,NotPlaced,74,77
5074,7.6,1,2,1,84,4.7,No,No,69,72,NotPlaced,41,51
5075,6.5,1,2,0,87,4.3,No,No,63,68,NotPlaced,68,72
5076,8.5,2,3,2,77,4.5,Yes,Yes,81,85,Placed,66,71
5077,7.5,0,2,1,72,4.5,Yes,No,67,64,NotPlaced,65,70
5078,7.3,1,1,0,65,3.9,No,No,69,67,NotPlaced,80,82
5079,6.5,1,1,1,64,4.4,Yes,No,57,61,NotPlaced,70,74
5080,8.4,2,3,2,90,4.8,Yes,Yes,80,85,Placed,87,87
5081,8.0,2,3,2,90,4.7,Yes,Yes,77,70,NotPlaced,50,58
5082,8.0,2,3,2,90,4.8,Yes,Yes,76,88,Placed,67,71
5083,8.3,2,1,2,81,4.8,Yes,No,89,83,NotPlaced,66,71
5084,7.0,0,1,0,75,3.8,Yes,No,59,72,NotPlaced,48,57
5085,8.3,2,3,2,89,3.9,Yes,Yes,78,88,NotPlaced,79,81
5086,7.7,1,0,0,65,3.9,Yes,No,55,71,NotPlaced,99,97
5087,7.9,0,1,1,74,3.9,Yes,Yes,79,62,NotPlaced,64,69
5088,8.6,1,3,0,90,4.8,Yes,Yes,86,80,Placed,72,76
5089,7.8,1,3,1,77,3.6,No,Yes,55,64,NotPlaced,66,71
5090,7.4,1,1,1,61,4.1,No,Yes,55,69,NotPlaced,54,61
5091,7.4,1,1,0,64,4.2,Yes,Yes,61,70,NotPlaced,37,48
5092,8.4,1,3,2,90,4.3,Yes,Yes,84,80,Placed,54,61
5093,7.4,1,1,1,77,4.1,Yes,Yes,73,74,NotPlaced,44,53
5094,8.3,2,3,1,88,3.8,Yes,Yes,58,87,Placed,90,90
5095,6.5,0,1,0,64,3.9,No,Yes,58,68,NotPlaced,63,68
5096,7.7,0,1,0,79,4.0,No,Yes,59,59,NotPlaced,59,65
5097,8.4,2,3,2,90,4.7,Yes,Yes,79,87,Placed,78,80
5098,8.3,0,1,0,73,3.8,Yes,Yes,72,80,NotPlaced,48,56
5099,6.5,0,1,1,69,3.9,No,No,55,75,NotPlaced,53,60
5100,8.4,1,3,0,90,4.7,Yes,Yes,74,83,Placed,66,70
5101,6.6,1,1,1,60,3.9,No,Yes,56,58,NotPlaced,80,82
5102,8.4,2,2,2,85,4.8,Yes,No,72,82,NotPlaced,72,76
5103,8.7,0,3,2,88,4.7,Yes,Yes,85,82,Placed,68,72
5104,8.3,1,3,2,90,4.7,Yes,Yes,86,86,Placed,66,70
5105,6.6,1,1,1,87,4.7,No,Yes,55,69,NotPlaced,71,74
5106,6.7,2,3,2,82,4.8,Yes,No,84,82,Placed,68,72
5107,8.4,2,3,2,90,4.7,Yes,Yes,80,88,Placed,49,57
5108,7.7,1,3,2,90,4.7,Yes,Yes,82,73,Placed,65,70
5109,7.6,1,1,0,67,3.8,No,No,55,64,NotPlaced,48,57
5110,7.8,1,2,0,80,4.7,Yes,Yes,55,66,NotPlaced,66,70
5111,8.1,1,3,2,90,4.8,Yes,Yes,79,84,Placed,57,64
5112,6.5,1,1,0,72,3.8,No,No,55,68,NotPlaced,100,100
5113,7.2,0,2,1,78,4.4,No,Yes,79,61,NotPlaced,64,69
5114,6.6,1,3,0,77,3.7,No,Yes,55,65,NotPlaced,43,53
5115,7.5,1,3,2,78,4.7,Yes,Yes,79,81,NotPlaced,62,68
5116,7.6,1,1,1,75,3.6,No,Yes,65,66,NotPlaced,72,76
5117,8.6,0,3,2,90,4.8,Yes,Yes,75,86,Placed,90,90
5118,6.8,0,1,0,73,4.5,No,No,59,60,NotPlaced,56,62
5119,7.4,2,1,0,78,3.6,No,No,55,70,NotPlaced,41,51
5120,7.9,1,3,2,89,4.6,Yes,Yes,83,86,Placed,77,79
5121,8.0,1,3,2,81,4.8,Yes,No,64,85,NotPlaced,44,53
5122,8.3,2,2,2,90,4.8,Yes,Yes,71,83,Placed,58,64
5123,7.8,0,2,0,79,4.5,Yes,No,80,81,NotPlaced,61,66
5124,7.8,1,1,2,75,4.1,No,Yes,55,82,NotPlaced,63,69
5125,7.7,0,1,0,65,4.6,No,No,58,59,NotPlaced,75,78
5126,7.6,1,2,0,77,4.0,No,Yes,64,65,NotPlaced,54,61
5127,8.0,1,1,0,69,3.6,No,No,55,62,NotPlaced,60,66
5128,6.6,0,1,0,77,3.7,No,No,61,60,NotPlaced,64,69
5129,7.7,1,1,0,74,4.1,Yes,Yes,73,63,NotPlaced,67,71
5130,6.7,1,1,1,76,3.9,No,No,62,65,NotPlaced,66,71
5131,7.7,0,1,0,73,4.3,Yes,No,55,57,Placed,71,75
5132,8.0,1,1,0,82,4.5,Yes,Yes,73,66,NotPlaced,77,80
5133,6.6,0,1,1,68,4.1,No,Yes,55,66,NotPlaced,70,74
5134,7.5,1,1,0,68,4.3,No,Yes,55,68,NotPlaced,71,75
5135,8.0,2,3,2,90,4.4,Yes,Yes,80,88,Placed,41,51
5136,7.5,1,3,1,81,4.6,Yes,Yes,72,80,NotPlaced,65,70
5137,6.5,0,1,0,88,4.3,Yes,Yes,76,88,Placed,72,75
5138,7.4,2,1,1,78,4.3,No,No,55,68,NotPlaced,75,78
5139,8.4,1,3,0,90,4.5,Yes,Yes,59,82,Placed,54,61
5140,7.5,1,1,0,72,4.1,No,No,55,72,NotPlaced,55,62
5141,8.5,2,3,2,90,4.8,Yes,Yes,78,83,Placed,56,63
5142,6.6,0,2,0,79,4.2,Yes,No,62,79,NotPlaced,73,76
5143,7.6,2,1,0,78,3.9,No,No,83,69,Placed,80,82
5144,8.1,1,3,2,90,4.8,Yes,Yes,84,82,Placed,58,65
5145,8.8,1,3,2,90,4.8,Yes,Yes,77,83,Placed,78,80
5146,7.5,0,3,1,84,4.5,No,Yes,77,78,NotPlaced,66,71
5147,7.9,1,3,0,82,4.5,Yes,Yes,76,72,NotPlaced,63,68
5148,6.5,1,1,1,67,4.0,No,Yes,56,65,NotPlaced,61,67
5149,8.7,2,3,2,90,4.8,Yes,Yes,73,84,Placed,76,78
5150,8.4,1,3,1,86,4.5,Yes,Yes,75,82,NotPlaced,69,73
5151,7.4,1,1,0,66,4.4,No,No,55,70,NotPlaced,99,97
5152,8.1,2,3,2,87,3.9,Yes,Yes,57,77,NotPlaced,52,59
5153,6.5,1,2,0,74,3.4,No,No,59,70,NotPlaced,72,76
5154,7.7,1,1,2,85,3.6,No,No,58,72,Placed,57,63
5155,6.5,1,1,0,75,4.1,No,No,55,71,NotPlaced,51,59
5156,7.1,0,1,0,70,3.8,No,Yes,59,62,NotPlaced,64,69
5157,8.1,0,3,2,87,4.2,Yes,Yes,67,84,Placed,67,71
5158,7.8,2,1,2,90,4.7,Yes,No,81,85,Placed,100,100
5159,8.2,1,2,2,78,4.1,Yes,Yes,70,82,NotPlaced,62,67
5160,7.4,1,1,0,72,3.6,No,Yes,63,72,NotPlaced,48,56
5161,8.2,1,1,0,68,4.0,No,Yes,83,64,NotPlaced,69,73
5162,7.8,1,2,2,76,4.4,No,Yes,55,67,NotPlaced,33,45
5163,7.6,2,1,1,63,4.8,No,Yes,78,71,Placed,63,68
5164,7.9,1,2,0,82,4.7,Yes,Yes,79,80,NotPlaced,65,70
5165,6.5,1,3,1,86,4.5,Yes,Yes,82,82,Placed,76,79
5166,6.6,1,3,2,85,4.7,Yes,Yes,77,84,Placed,79,81
5167,7.9,1,3,2,90,3.6,Yes,Yes,70,83,Placed,57,63
5168,8.8,2,3,2,84,4.3,Yes,Yes,82,81,Placed,62,68
5169,8.2,2,3,1,90,4.7,Yes,Yes,79,85,Placed,53,60
5170,7.6,2,1,1,84,4.5,No,No,76,63,NotPlaced,48,56
5171,8.4,2,3,2,90,4.8,Yes,Yes,76,88,Placed,69,73
5172,8.2,1,1,1,78,3.6,No,Yes,60,69,NotPlaced,45,54
5173,7.5,1,2,0,71,4.7,No,Yes,55,72,NotPlaced,58,65
5174,7.7,1,3,3,82,4.4,Yes,Yes,76,84,Placed,50,58
5175,7.6,2,2,0,84,4.1,No,Yes,55,75,NotPlaced,73,76
5176,7.4,1,1,0,77,4.1,No,Yes,55,68,NotPlaced,92,91
5177,7.4,1,1,0,79,4.0,Yes,Yes,67,79,Placed,45,54
5178,7.4,2,3,2,90,4.6,Yes,No,74,87,Placed,37,47
5179,6.5,0,1,1,67,3.1,No,No,61,61,NotPlaced,63,68
5180,7.3,0,2,1,79,4.2,Yes,No,78,69,NotPlaced,65,70
5181,7.7,1,1,0,70,4.8,Yes,Yes,55,73,NotPlaced,68,72
5182,8.2,1,3,2,86,4.6,Yes,No,83,82,Placed,58,64
5183,8.4,2,3,2,90,4.8,Yes,Yes,86,84,Placed,61,67
5184,6.9,1,1,1,90,3.9,No,No,55,67,NotPlaced,70,74
5185,8.1,2,2,2,76,4.3,Yes,Yes,72,87,Placed,80,82
5186,7.7,0,1,0,74,3.7,No,No,65,68,NotPlaced,35,46
5187,6.5,0,3,2,85,4.6,Yes,Yes,81,84,Placed,59,65
5188,7.6,0,3,2,78,4.8,No,Yes,78,79,Placed,68,72
5189,8.1,1,2,0,74,4.2,No,Yes,55,67,NotPlaced,51,58
5190,7.4,0,1,0,80,4.3,Yes,Yes,63,63,NotPlaced,90,90
5191,7.4,0,1,0,80,3.4,No,No,70,70,NotPlaced,55,62
5192,7.4,1,1,0,67,4.1,No,Yes,60,73,NotPlaced,64,69
5193,6.5,1,2,0,70,3.4,No,No,58,72,NotPlaced,73,76
5194,8.1,1,2,1,81,4.7,Yes,Yes,61,84,NotPlaced,56,62
5195,6.5,0,1,2,80,4.1,No,Yes,74,82,NotPlaced,37,47
5196,7.8,1,2,0,84,4.5,No,No,55,62,NotPlaced,58,64
5197,8.3,1,1,2,88,3.8,Yes,Yes,89,68,Placed,80,82
5198,7.7,2,3,3,82,4.5,Yes,Yes,82,81,Placed,59,65
5199,7.5,1,3,0,82,4.8,Yes,Yes,65,80,NotPlaced,52,59
5200,6.5,0,1,0,69,3.6,No,Yes,71,72,NotPlaced,78,81
5201,6.9,1,3,0,85,4.4,Yes,Yes,59,86,Placed,60,66
5202,8.0,0,1,0,83,3.3,No,Yes,58,70,NotPlaced,57,63
5203,7.7,0,1,0,74,3.8,No,No,63,70,NotPlaced,67,71
5204,7.6,1,2,0,81,4.7,Yes,Yes,82,83,NotPlaced,76,79
5205,7.3,1,1,0,66,3.7,No,No,59,68,NotPlaced,100,98
5206,7.4,0,1,0,79,4.0,No,Yes,55,66,NotPlaced,77,79
5207,7.8,2,3,2,82,4.2,Yes,Yes,63,84,Placed,82,83
5208,8.6,1,1,2,73,3.8,Yes,No,64,64,NotPlaced,57,63
5209,6.5,0,1,0,85,3.9,No,No,55,69,NotPlaced,49,57
5210,8.6,1,3,2,86,4.7,Yes,Yes,81,82,Placed,65,70
5211,6.9,2,1,2,84,4.7,Yes,Yes,73,82,NotPlaced,66,71
5212,7.5,1,1,2,84,4.8,Yes,No,83,81,NotPlaced,48,57
5213,7.5,1,1,0,75,4.0,No,Yes,64,66,NotPlaced,62,67
5214,6.5,0,2,1,65,4.4,No,No,60,69,NotPlaced,70,74
5215,7.4,1,2,0,68,4.2,No,Yes,55,60,NotPlaced,70,74
5216,7.5,1,2,1,76,3.8,No,No,55,63,NotPlaced,72,76
5217,7.8,0,1,1,85,4.3,No,No,70,80,Placed,69,73
5218,7.7,0,3,1,82,4.1,No,Yes,82,88,Placed,57,63
5219,8.5,2,2,1,83,4.3,Yes,No,55,80,NotPlaced,57,63
5220,7.4,2,2,0,84,4.3,No,Yes,79,82,NotPlaced,47,55
5221,8.0,1,1,1,70,4.6,No,Yes,58,63,NotPlaced,91,91
5222,7.5,1,1,1,68,4.3,No,No,55,67,NotPlaced,65,70
5223,6.6,0,1,1,75,3.2,No,No,62,68,NotPlaced,61,67
5224,7.7,0,2,0,76,3.7,No,Yes,58,67,NotPlaced,51,58
5225,8.9,2,3,2,86,4.8,Yes,Yes,79,87,Placed,100,100
5226,8.3,1,3,2,82,4.7,Yes,Yes,66,68,Placed,48,57
5227,7.2,1,1,0,71,4.3,No,No,62,72,NotPlaced,58,64
5228,8.2,2,3,2,90,4.8,Yes,Yes,70,84,Placed,71,74
5229,7.1,1,1,1,72,3.2,No,No,58,64,NotPlaced,74,77
5230,6.9,0,1,0,77,3.7,No,Yes,55,66,NotPlaced,79,81
5231,7.7,1,1,1,84,4.2,Yes,Yes,55,84,NotPlaced,92,91
5232,8.6,0,3,2,81,4.8,Yes,Yes,82,84,Placed,72,76
5233,7.4,1,1,1,68,4.1,Yes,Yes,55,67,NotPlaced,49,57
5234,8.4,2,1,0,90,4.8,Yes,Yes,63,82,NotPlaced,61,66
5235,8.3,1,3,2,87,4.7,Yes,Yes,80,85,Placed,69,73
5236,7.4,1,3,0,81,3.7,Yes,Yes,69,74,NotPlaced,96,94
5237,8.4,1,1,2,80,4.8,No,No,71,65,Placed,44,53
5238,7.7,0,1,2,86,4.5,Yes,Yes,64,68,NotPlaced,83,84
5239,6.6,1,1,1,66,4.2,No,Yes,58,68,NotPlaced,67,72
5240,7.5,0,2,0,88,4.2,No,No,55,64,Placed,77,80
5241,8.6,1,1,3,71,3.9,Yes,No,62,66,Placed,63,68
5242,8.4,1,3,0,90,4.6,Yes,Yes,78,87,Placed,52,59
5243,8.6,2,3,2,80,4.4,Yes,Yes,81,69,Placed,76,79
5244,8.8,1,3,2,88,4.7,Yes,Yes,75,84,Placed,74,77
5245,8.6,1,1,0,69,4.7,No,Yes,58,72,NotPlaced,79,81
5246,8.4,0,2,3,84,4.4,Yes,Yes,55,82,Placed,64,69
5247,7.3,0,1,0,72,4.0,No,No,55,72,NotPlaced,56,62
5248,7.5,0,1,0,68,3.6,No,No,59,63,NotPlaced,41,51
5249,8.4,1,1,1,84,4.2,Yes,No,73,74,NotPlaced,77,79
5250,8.1,1,2,1,75,4.2,Yes,No,76,69,NotPlaced,71,75
5251,8.3,0,2,2,83,4.3,Yes,Yes,70,83,Placed,50,58
5252,6.9,1,1,1,67,3.9,No,Yes,62,66,NotPlaced,56,63
5253,8.1,0,2,1,75,4.1,No,Yes,55,69,Placed,57,64
5254,7.5,0,1,0,66,3.7,No,Yes,61,66,NotPlaced,42,52
5255,7.4,0,1,0,61,3.7,No,Yes,57,63,NotPlaced,52,60
5256,7.8,1,3,3,84,3.9,Yes,Yes,64,72,NotPlaced,47,56
5257,8.2,2,2,0,88,4.1,Yes,Yes,63,77,NotPlaced,58,65
5258,6.5,1,1,0,81,4.2,No,Yes,67,65,NotPlaced,53,61
5259,7.8,0,2,0,83,4.8,No,No,62,68,NotPlaced,40,50
5260,8.3,0,2,1,80,3.9,Yes,Yes,57,69,NotPlaced,95,94
5261,7.4,1,2,2,78,4.5,No,Yes,55,75,NotPlaced,83,85
5262,7.5,1,2,1,67,3.8,No,Yes,55,68,NotPlaced,53,60
5263,6.5,1,1,1,64,4.1,No,Yes,59,76,NotPlaced,69,73
5264,6.6,1,2,0,77,4.1,No,Yes,72,69,NotPlaced,71,75
5265,7.7,1,2,0,81,3.9,Yes,Yes,75,77,NotPlaced,82,84
5266,8.3,2,3,2,90,4.8,Yes,Yes,77,83,Placed,52,60
5267,6.7,1,1,0,67,4.2,No,No,58,66,NotPlaced,81,83
5268,8.2,2,3,2,90,4.8,Yes,Yes,83,87,Placed,56,63
5269,7.6,1,1,1,74,4.4,Yes,No,55,83,NotPlaced,44,53
5270,8.8,2,3,2,84,4.8,Yes,Yes,78,81,Placed,75,78
5271,6.9,1,3,0,90,3.8,Yes,Yes,80,78,Placed,84,85
5272,8.6,0,1,1,88,4.2,Yes,Yes,81,67,NotPlaced,100,100
5273,8.4,1,3,0,78,3.7,No,Yes,73,85,Placed,47,55
5274,6.5,1,1,0,76,4.5,Yes,Yes,55,65,Placed,75,78
5275,6.8,1,2,0,71,4.3,Yes,Yes,60,59,NotPlaced,58,65
5276,8.1,0,3,2,73,4.2,Yes,Yes,88,87,Placed,76,79
5277,8.2,1,1,1,81,4.8,No,Yes,60,60,Placed,42,52
5278,7.4,1,2,1,68,4.2,Yes,Yes,72,66,NotPlaced,46,54
5279,6.5,1,2,0,86,4.4,Yes,Yes,66,69,Placed,53,60
5280,7.5,1,3,3,89,4.4,Yes,Yes,85,85,Placed,66,70
5281,8.4,1,2,0,81,4.1,No,Yes,81,71,Placed,55,62
5282,8.0,2,3,2,90,4.8,Yes,Yes,77,83,Placed,74,77
5283,8.1,1,3,0,88,4.5,Yes,Yes,78,83,Placed,80,82
5284,8.2,1,1,2,87,4.3,Yes,No,69,86,NotPlaced,73,77
5285,7.5,1,1,1,61,4.4,No,Yes,55,71,NotPlaced,89,89
5286,6.5,1,1,0,77,4.1,No,No,59,57,NotPlaced,71,74
5287,6.5,1,1,0,71,3.6,No,No,55,65,NotPlaced,46,55
5288,7.9,0,3,0,90,4.4,Yes,No,75,86,Placed,85,86
5289,7.8,1,1,0,61,4.1,No,No,57,67,NotPlaced,55,62
5290,7.3,2,3,0,90,4.4,No,Yes,55,85,Placed,78,80
5291,7.6,1,2,1,81,4.8,Yes,Yes,80,79,NotPlaced,88,88
5292,8.1,2,3,2,90,4.8,Yes,Yes,79,83,Placed,71,75
5293,6.9,1,1,0,77,3.4,No,No,60,65,NotPlaced,42,52
5294,8.4,0,3,2,90,4.8,Yes,Yes,88,84,Placed,51,58
5295,6.7,1,1,0,70,3.9,No,Yes,56,67,NotPlaced,84,85
5296,7.8,1,3,1,80,4.8,Yes,No,61,81,NotPlaced,62,67
5297,8.2,0,3,2,84,4.0,Yes,Yes,80,86,Placed,66,70
5298,8.3,2,3,0,82,4.6,Yes,Yes,80,67,Placed,76,79
5299,8.1,1,3,0,80,4.7,Yes,Yes,79,84,Placed,75,78
5300,6.6,1,1,0,71,4.5,Yes,Yes,64,70,Placed,69,73
5301,6.5,1,3,0,86,4.3,Yes,Yes,76,87,NotPlaced,61,67
5302,7.7,1,2,2,79,4.8,Yes,Yes,82,82,NotPlaced,60,66
5303,8.2,2,1,0,82,4.6,Yes,Yes,74,82,Placed,77,80
5304,7.6,2,2,0,73,4.4,Yes,Yes,83,87,Placed,73,76
5305,7.6,1,2,0,89,4.5,Yes,Yes,71,82,NotPlaced,61,66
5306,8.2,2,3,2,90,4.8,Yes,Yes,77,85,Placed,81,82
5307,6.5,0,2,0,87,3.3,No,No,60,67,NotPlaced,63,68
5308,7.4,1,1,1,68,4.3,Yes,No,60,69,Placed,52,59
5309,7.7,2,3,0,81,4.8,Yes,Yes,81,83,NotPlaced,53,60
5310,8.0,1,1,0,83,4.7,No,No,55,66,NotPlaced,50,58
5311,7.5,2,1,0,74,4.6,No,No,55,63,NotPlaced,60,66
5312,7.7,1,2,0,90,4.8,No,Yes,64,69,Placed,83,84
5313,7.9,2,3,1,89,4.8,Yes,Yes,90,86,Placed,52,60
5314,8.4,2,3,2,83,4.5,Yes,Yes,74,86,Placed,67,72
5315,7.6,1,3,2,84,4.6,Yes,Yes,78,79,NotPlaced,55,62
5316,6.9,1,2,1,68,4.5,Yes,Yes,56,65,NotPlaced,61,66
5317,8.6,2,1,2,69,3.8,Yes,Yes,74,81,Placed,42,51
5318,7.9,1,3,2,66,4.1,No,No,55,58,NotPlaced,61,67
5319,7.1,1,2,0,80,3.5,No,No,55,66,NotPlaced,62,67
5320,8.2,2,2,2,88,4.2,Yes,Yes,80,86,NotPlaced,73,76
5321,7.9,1,2,0,90,4.8,No,Yes,75,85,NotPlaced,68,72
5322,6.6,1,2,0,73,4.3,Yes,No,58,66,NotPlaced,47,55
5323,7.6,1,1,0,77,4.2,Yes,Yes,68,86,NotPlaced,81,83
5324,8.7,1,3,3,89,4.8,Yes,Yes,74,83,NotPlaced,68,72
5325,8.1,2,3,2,90,4.8,Yes,Yes,75,88,Placed,67,72
5326,8.1,2,3,2,86,4.5,Yes,Yes,80,86,NotPlaced,64,69
5327,7.9,0,2,1,87,4.4,No,No,71,70,NotPlaced,57,63
5328,8.6,0,3,2,75,4.0,Yes,Yes,78,84,Placed,68,72
5329,6.8,1,1,1,60,3.6,No,Yes,55,68,NotPlaced,72,75
5330,8.3,1,1,1,77,3.6,No,Yes,55,67,NotPlaced,38,49
5331,8.6,2,3,2,90,4.7,Yes,Yes,84,87,Placed,56,63
5332,7.6,1,3,0,80,4.6,No,Yes,60,73,Placed,61,66
5333,8.4,2,3,2,90,4.8,Yes,Yes,76,86,Placed,68,73
5334,7.5,0,1,2,73,3.9,No,Yes,55,67,Placed,82,84
5335,8.6,2,3,3,78,4.7,Yes,Yes,75,83,Placed,53,60
5336,7.4,1,1,0,60,3.7,No,No,63,64,NotPlaced,57,64
5337,8.0,1,3,0,77,4.7,Yes,Yes,60,85,Placed,57,63
5338,8.0,2,3,2,90,4.8,Yes,Yes,77,87,Placed,52,60
5339,6.7,0,1,2,69,4.4,Yes,No,81,59,NotPlaced,59,65
5340,7.5,1,1,1,68,4.6,Yes,Yes,59,65,NotPlaced,76,79
5341,6.7,1,2,2,76,3.8,No,Yes,61,61,NotPlaced,49,57
5342,7.7,1,1,1,73,3.7,No,Yes,58,64,NotPlaced,71,75
5343,7.5,0,1,1,78,3.5,No,Yes,55,78,NotPlaced,39,49
5344,7.6,1,1,0,71,4.1,No,Yes,60,69,NotPlaced,56,63
5345,8.5,1,3,0,86,4.5,Yes,No,79,78,Placed,60,66
5346,6.5,1,1,0,79,4.0,No,No,55,70,NotPlaced,90,90
5347,7.4,1,1,0,80,4.8,No,Yes,64,73,NotPlaced,60,66
5348,7.4,0,2,0,75,3.5,No,Yes,55,71,NotPlaced,31,43
5349,8.5,1,3,1,84,4.3,Yes,Yes,55,66,NotPlaced,35,46
5350,7.7,1,1,0,71,3.5,No,Yes,59,64,NotPlaced,65,70
5351,8.0,1,3,2,87,4.6,Yes,No,83,82,Placed,74,77
5352,8.3,1,3,2,81,4.7,Yes,Yes,76,86,NotPlaced,70,74
5353,8.2,2,2,2,90,4.3,Yes,Yes,73,80,Placed,67,72
5354,7.4,1,2,1,71,4.7,No,Yes,74,63,NotPlaced,82,83
5355,6.9,1,3,2,65,4.0,No,Yes,79,60,NotPlaced,56,63
5356,8.4,1,1,0,78,4.8,Yes,No,71,81,NotPlaced,78,80
5357,8.3,2,2,2,89,4.0,Yes,Yes,78,85,Placed,40,50
5358,7.3,1,2,0,72,4.3,No,Yes,56,66,NotPlaced,51,59
5359,7.8,0,1,0,71,3.8,Yes,No,62,69,NotPlaced,37,48
5360,7.5,1,1,2,69,4.3,Yes,No,77,82,NotPlaced,60,66
5361,8.0,1,3,0,79,4.8,Yes,Yes,77,74,NotPlaced,64,69
5362,8.5,2,3,2,90,4.8,Yes,Yes,79,86,Placed,66,71
5363,8.3,1,2,1,81,4.6,Yes,Yes,68,66,Placed,65,70
5364,8.4,0,2,0,81,4.4,Yes,Yes,61,68,Placed,51,58
5365,8.4,2,3,2,84,4.2,Yes,Yes,81,84,Placed,62,67
5366,8.5,0,2,0,79,4.5,No,No,72,74,NotPlaced,42,52
5367,6.6,1,1,0,71,4.1,No,Yes,67,64,NotPlaced,85,86
5368,8.1,2,3,0,86,4.3,Yes,Yes,73,81,Placed,60,66
5369,6.8,1,1,0,66,3.5,No,No,56,72,NotPlaced,57,64
5370,7.6,2,2,0,84,4.3,No,No,64,65,NotPlaced,88,89
5371,8.7,0,3,1,71,4.5,Yes,Yes,73,76,Placed,46,55
5372,8.2,0,3,2,81,4.7,No,No,82,68,NotPlaced,48,56
5373,7.3,1,1,2,75,3.8,Yes,Yes,55,69,NotPlaced,48,56
5374,8.0,2,3,0,84,4.6,Yes,Yes,76,83,Placed,63,69
5375,7.6,1,3,1,77,4.6,Yes,Yes,57,69,Placed,71,75
5376,7.7,0,3,1,85,4.3,Yes,Yes,77,65,Placed,76,78
5377,7.5,1,1,0,76,4.0,No,No,68,65,NotPlaced,100,100
5378,7.3,1,1,0,76,4.4,No,Yes,62,70,NotPlaced,31,43
5379,6.7,1,1,1,76,4.6,No,No,65,69,NotPlaced,74,77
5380,6.7,1,2,2,78,4.4,Yes,Yes,72,64,NotPlaced,56,63
5381,8.4,1,3,2,90,4.8,Yes,Yes,83,84,Placed,56,62
5382,8.8,2,3,2,86,4.7,Yes,Yes,73,88,Placed,55,62
5383,6.5,1,1,1,85,3.9,No,No,79,63,NotPlaced,51,59
5384,7.7,2,3,0,77,4.6,Yes,Yes,70,69,NotPlaced,90,90
5385,8.5,2,2,0,85,4.5,Yes,Yes,71,78,Placed,77,80
5386,8.0,1,2,0,68,4.5,Yes,No,62,65,NotPlaced,65,70
5387,8.2,1,3,2,90,4.7,Yes,Yes,76,86,Placed,85,86
5388,8.1,0,3,2,88,4.8,Yes,Yes,75,81,Placed,42,51
5389,8.4,1,2,1,73,4.0,Yes,No,81,63,NotPlaced,45,54
5390,8.3,1,3,1,67,3.7,Yes,Yes,66,68,NotPlaced,32,43
5391,7.4,1,1,0,71,4.3,Yes,Yes,55,66,NotPlaced,54,61
5392,8.5,1,1,2,77,4.3,Yes,Yes,80,81,Placed,67,71
5393,7.8,1,2,1,74,4.2,No,Yes,66,70,NotPlaced,66,71
5394,8.2,1,3,0,84,4.5,Yes,Yes,70,74,Placed,67,71
5395,7.0,1,1,2,74,4.5,Yes,Yes,78,86,NotPlaced,43,53
5396,8.4,0,1,2,79,3.9,Yes,Yes,80,80,NotPlaced,77,79
5397,8.0,1,1,2,75,3.7,No,Yes,72,65,NotPlaced,68,72
5398,7.5,1,1,1,69,3.6,No,Yes,55,71,NotPlaced,75,78
5399,8.2,2,3,2,90,4.6,Yes,Yes,83,83,Placed,36,47
5400,7.7,0,1,0,71,3.5,No,No,56,65,NotPlaced,69,73
5401,8.6,0,2,2,81,4.4,Yes,Yes,82,83,Placed,47,55
5402,8.2,1,3,0,89,4.8,Yes,Yes,80,88,NotPlaced,59,65
5403,8.6,2,3,2,87,4.8,Yes,Yes,81,88,Placed,73,76
5404,7.5,2,2,0,72,4.5,Yes,Yes,72,70,NotPlaced,66,71
5405,7.2,1,1,1,79,4.3,No,No,55,75,NotPlaced,52,59
5406,8.4,0,0,2,90,4.8,Yes,Yes,81,84,Placed,65,70
5407,8.3,2,3,2,88,4.8,Yes,Yes,68,82,Placed,42,51
5408,6.8,0,1,0,71,3.3,No,No,57,59,Placed,82,83
5409,7.9,1,3,0,84,4.7,Yes,Yes,70,85,Placed,61,67
5410,8.1,1,3,2,90,4.7,Yes,Yes,85,83,Placed,81,83
5411,6.5,0,1,1,64,4.1,No,No,63,69,NotPlaced,57,63
5412,7.7,1,3,0,78,4.4,Yes,No,55,62,NotPlaced,57,63
5413,8.4,1,2,0,85,4.4,Yes,Yes,79,86,Placed,53,60
5414,8.1,1,3,0,88,4.0,Yes,Yes,76,66,Placed,78,80
5415,7.4,1,1,1,71,4.3,No,Yes,55,73,NotPlaced,54,61
5416,7.4,1,2,0,80,4.6,No,Yes,76,71,Placed,74,77
5417,8.6,2,3,2,90,4.8,Yes,Yes,81,81,Placed,59,65
5418,7.6,1,1,0,79,4.8,No,Yes,69,71,NotPlaced,35,46
5419,7.3,1,1,0,75,4.4,No,No,55,67,NotPlaced,56,63
5420,7.5,0,2,0,79,3.7,No,No,78,85,Placed,47,55
5421,7.7,0,3,1,84,4.2,Yes,No,67,85,NotPlaced,65,70
5422,7.6,1,1,1,74,4.6,Yes,Yes,72,84,NotPlaced,47,55
5423,8.3,0,3,0,88,4.7,Yes,Yes,73,74,Placed,78,81
5424,6.6,1,2,0,70,4.1,Yes,Yes,55,62,NotPlaced,63,68
5425,7.6,1,3,2,89,4.8,Yes,Yes,83,72,Placed,62,67
5426,7.8,2,3,2,86,4.8,No,Yes,85,84,Placed,74,77
5427,7.7,1,3,2,90,4.4,Yes,Yes,69,86,Placed,79,81
5428,7.9,1,3,1,76,3.8,Yes,No,68,65,NotPlaced,64,69
5429,7.6,1,2,1,65,4.2,No,Yes,62,62,NotPlaced,53,60
5430,7.6,1,2,0,86,4.8,No,Yes,68,65,Placed,38,48
5431,8.1,0,3,1,80,4.6,Yes,Yes,80,81,Placed,54,61
5432,7.6,1,2,1,79,4.8,Yes,Yes,77,85,NotPlaced,55,62
5433,7.7,1,2,1,61,4.0,No,No,55,66,NotPlaced,66,71
5434,8.0,2,3,0,89,4.5,Yes,Yes,76,84,Placed,59,65
5435,7.7,1,2,0,78,3.8,No,Yes,61,70,NotPlaced,75,78
5436,7.6,0,1,1,61,3.4,No,Yes,55,72,NotPlaced,55,62
5437,7.7,1,1,2,72,3.7,Yes,Yes,75,73,NotPlaced,64,69
5438,8.1,2,3,2,90,4.7,Yes,Yes,75,86,Placed,82,84
5439,7.9,1,1,0,71,4.4,No,Yes,79,71,NotPlaced,70,74
5440,6.5,1,2,1,64,3.7,No,Yes,55,69,NotPlaced,64,69
5441,8.1,2,3,2,90,4.8,Yes,Yes,82,81,Placed,55,62
5442,6.6,2,2,0,73,4.1,No,No,59,68,NotPlaced,55,62
5443,8.1,2,3,2,88,4.5,Yes,Yes,79,87,NotPlaced,52,59
5444,7.4,1,2,0,69,3.8,No,No,55,64,NotPlaced,56,63
5445,6.5,1,1,0,71,4.2,Yes,Yes,55,75,NotPlaced,76,79
5446,7.9,1,3,1,77,4.1,Yes,Yes,78,69,NotPlaced,61,67
5447,8.1,1,3,0,78,4.0,Yes,Yes,66,82,NotPlaced,44,53
5448,8.4,2,3,2,89,4.6,Yes,Yes,87,84,Placed,91,91
5449,7.8,1,1,0,77,4.0,Yes,Yes,83,66,Placed,69,73
5450,8.4,0,3,2,81,4.8,Yes,No,77,84,Placed,43,53
5451,8.7,1,2,0,80,4.5,Yes,Yes,55,64,Placed,58,64
5452,7.4,1,3,1,81,4.4,No,Yes,70,67,NotPlaced,66,71
5453,7.5,1,2,1,81,4.2,No,Yes,61,68,NotPlaced,90,90
5454,8.2,2,3,0,88,4.0,Yes,Yes,75,75,Placed,48,56
5455,8.4,2,3,2,87,4.8,Yes,No,87,87,Placed,79,81
5456,8.7,2,3,2,83,4.0,Yes,Yes,77,83,Placed,85,86
5457,7.7,1,2,0,88,4.1,Yes,Yes,55,64,NotPlaced,55,62
5458,7.6,1,2,0,81,4.7,Yes,Yes,74,85,NotPlaced,60,66
5459,8.5,2,3,2,90,4.8,No,Yes,90,83,Placed,49,57
5460,7.9,2,2,2,90,4.8,Yes,No,83,82,Placed,61,67
5461,6.6,1,1,1,80,3.9,Yes,Yes,84,81,NotPlaced,64,69
5462,7.8,2,3,2,85,4.6,Yes,Yes,74,87,NotPlaced,74,77
5463,8.1,2,3,0,77,4.8,Yes,Yes,80,71,Placed,81,83
5464,7.2,1,2,1,74,3.7,No,No,55,72,NotPlaced,53,61
5465,6.5,1,3,3,84,4.5,No,Yes,76,72,NotPlaced,35,46
5466,8.2,2,2,1,74,4.2,No,Yes,76,69,Placed,64,69
5467,8.0,1,3,2,90,4.8,Yes,Yes,80,84,Placed,69,73
5468,7.7,1,3,0,85,4.8,Yes,No,68,87,Placed,68,72
5469,8.2,1,3,0,87,3.7,Yes,Yes,74,88,Placed,60,66
5470,8.5,2,3,2,90,4.8,Yes,Yes,85,87,Placed,66,71
5471,7.4,1,1,0,62,4.1,No,No,75,66,NotPlaced,87,88
5472,6.8,1,2,1,71,4.7,Yes,Yes,55,58,NotPlaced,70,74
5473,8.1,1,3,2,90,4.8,Yes,Yes,83,88,Placed,59,65
5474,7.4,1,2,0,82,4.3,No,Yes,60,66,NotPlaced,57,63
5475,7.5,1,3,0,90,4.3,Yes,Yes,78,83,Placed,62,67
5476,6.5,1,1,0,77,4.2,No,Yes,55,74,NotPlaced,89,89
5477,6.6,1,1,2,76,4.0,Yes,Yes,71,85,NotPlaced,62,67
5478,7.8,1,1,1,65,3.7,No,No,55,64,NotPlaced,64,69
5479,7.9,1,3,2,82,4.4,Yes,Yes,70,86,NotPlaced,57,64
5480,6.8,1,1,1,80,4.3,Yes,Yes,55,66,Placed,81,83
5481,7.6,1,2,2,75,4.6,No,No,61,64,NotPlaced,94,93
5482,8.7,2,3,2,85,4.4,Yes,Yes,81,84,Placed,71,75
5483,8.6,1,3,2,90,4.8,Yes,Yes,70,88,Placed,66,70
5484,7.6,0,1,1,73,3.3,No,No,56,62,NotPlaced,65,70
5485,7.9,0,3,2,88,4.6,Yes,Yes,70,80,NotPlaced,29,41
5486,8.2,1,1,1,76,4.1,No,No,58,80,NotPlaced,76,78
5487,7.2,1,1,1,68,3.4,No,No,55,63,NotPlaced,67,71
5488,8.3,2,3,2,68,3.9,Yes,No,77,84,Placed,71,75
5489,7.6,1,2,2,82,4.8,Yes,Yes,64,80,NotPlaced,54,61
5490,8.6,2,3,2,90,4.8,Yes,Yes,84,79,Placed,59,65
5491,8.1,0,1,0,83,4.3,Yes,Yes,68,71,Placed,58,65
5492,7.6,1,1,0,63,4.3,Yes,No,59,60,NotPlaced,80,82
5493,8.4,1,1,0,78,4.3,Yes,Yes,55,69,Placed,59,65
5494,7.8,2,3,2,85,4.7,Yes,Yes,87,85,Placed,96,94
5495,8.6,2,3,2,90,4.8,Yes,Yes,71,88,Placed,71,75
5496,7.6,1,2,0,79,4.2,No,No,55,84,NotPlaced,45,54
5497,8.4,2,3,2,85,4.7,Yes,Yes,87,85,NotPlaced,63,68
5498,7.4,0,2,0,73,3.7,No,Yes,55,71,NotPlaced,55,62
5499,7.4,2,2,0,68,3.8,No,Yes,55,66,NotPlaced,32,43
5500,7.1,2,1,3,71,4.8,Yes,No,72,71,NotPlaced,88,89
5501,8.1,1,1,0,69,4.8,No,No,63,70,NotPlaced,75,78
5502,7.8,1,3,0,89,4.0,No,Yes,72,84,Placed,72,76
5503,6.6,1,1,0,81,4.4,Yes,Yes,74,75,NotPlaced,67,71
5504,6.7,1,2,0,89,4.7,No,Yes,55,82,NotPlaced,44,53
5505,8.5,2,3,0,85,4.7,Yes,Yes,73,85,NotPlaced,57,64
5506,6.5,0,3,1,75,4.3,No,No,69,62,Placed,77,80
5507,8.2,1,2,1,71,3.7,No,Yes,78,72,NotPlaced,49,57
5508,7.0,1,2,0,67,3.5,No,Yes,55,63,NotPlaced,27,39
5509,7.4,0,1,0,72,3.7,Yes,No,68,74,NotPlaced,61,67
5510,7.8,1,2,2,90,4.3,Yes,Yes,75,64,NotPlaced,62,68
5511,6.7,1,1,0,75,3.1,Yes,Yes,55,67,NotPlaced,67,71
5512,7.6,1,3,0,87,4.4,Yes,Yes,80,88,NotPlaced,75,78
5513,8.7,0,2,2,84,4.5,Yes,Yes,83,84,NotPlaced,74,77
5514,8.3,2,3,0,82,3.5,Yes,No,82,80,NotPlaced,68,73
5515,7.2,1,2,1,77,4.1,No,Yes,55,64,NotPlaced,82,84
5516,7.7,1,3,0,76,4.5,Yes,No,69,64,Placed,42,51
5517,6.5,1,1,1,62,4.0,No,No,55,60,NotPlaced,72,76
5518,7.4,1,2,0,69,3.6,No,No,69,68,NotPlaced,74,77
5519,8.0,0,3,1,90,4.8,Yes,Yes,74,88,NotPlaced,46,55
5520,8.5,2,2,2,81,4.8,Yes,Yes,79,88,Placed,42,51
5521,7.6,1,3,2,88,4.5,Yes,Yes,75,84,Placed,53,61
5522,8.2,0,1,0,88,4.0,No,No,76,60,NotPlaced,55,62
5523,7.2,1,1,0,66,3.9,Yes,No,61,67,NotPlaced,76,79
5524,7.9,2,1,0,81,3.7,Yes,Yes,79,66,Placed,55,62
5525,7.6,1,3,1,73,4.3,Yes,Yes,77,72,NotPlaced,52,59
5526,7.5,1,3,0,78,3.6,No,Yes,72,84,NotPlaced,55,62
5527,8.4,1,3,0,82,4.3,Yes,Yes,74,68,Placed,81,83
5528,7.7,1,1,0,78,4.4,No,Yes,82,81,NotPlaced,65,70
5529,6.5,0,2,2,88,4.6,No,Yes,71,72,NotPlaced,62,67
5530,6.8,1,2,0,78,4.3,Yes,Yes,75,71,Placed,63,68
5531,8.0,1,3,2,79,4.6,Yes,Yes,68,87,Placed,84,85
5532,6.6,0,3,0,87,4.6,Yes,Yes,77,77,Placed,53,61
5533,7.5,1,2,1,72,4.5,Yes,Yes,78,81,NotPlaced,84,85
5534,8.2,2,2,2,80,4.5,Yes,Yes,80,85,Placed,68,72
5535,7.5,1,2,1,72,4.4,No,Yes,58,68,NotPlaced,62,68
5536,8.2,2,3,2,90,4.8,Yes,Yes,83,87,Placed,100,100
5537,6.6,2,2,1,61,3.5,No,Yes,55,69,NotPlaced,49,57
5538,7.4,1,2,1,68,4.2,No,Yes,57,64,NotPlaced,59,65
5539,8.3,2,3,0,80,4.2,No,No,87,68,NotPlaced,46,55
5540,8.1,2,3,2,89,4.8,Yes,Yes,87,87,Placed,79,81
5541,8.2,2,3,2,88,4.8,Yes,Yes,67,86,NotPlaced,90,90
5542,6.5,1,1,0,79,4.0,Yes,Yes,79,74,NotPlaced,90,90
5543,8.7,1,2,0,74,4.8,No,No,74,83,NotPlaced,83,84
5544,8.6,2,3,1,85,4.3,Yes,Yes,79,80,Placed,62,67
5545,7.2,2,3,2,84,4.0,No,No,77,81,Placed,59,65
5546,8.2,1,3,2,90,4.8,Yes,Yes,85,88,Placed,39,49
5547,7.6,0,1,2,79,4.8,Yes,Yes,56,85,Placed,95,94
5548,7.7,2,2,2,85,4.3,Yes,Yes,82,84,Placed,72,75
5549,8.6,1,1,0,65,3.7,Yes,No,69,62,NotPlaced,57,64
5550,7.9,2,3,2,85,4.7,Yes,Yes,90,84,Placed,84,85
5551,7.5,1,1,0,65,3.9,No,Yes,58,69,NotPlaced,50,58
5552,8.0,2,2,2,89,4.2,Yes,Yes,82,84,Placed,71,74
5553,7.6,1,1,0,77,4.5,Yes,Yes,70,71,NotPlaced,62,67
5554,8.3,0,2,0,78,4.5,No,Yes,78,66,Placed,74,77
5555,8.4,2,3,2,90,4.8,Yes,Yes,75,88,Placed,64,69
5556,6.5,0,1,2,76,4.1,Yes,Yes,79,65,NotPlaced,43,52
5557,8.1,1,1,3,75,4.0,No,No,55,66,NotPlaced,66,70
5558,8.4,2,3,2,90,4.8,Yes,Yes,84,79,Placed,80,82
5559,7.8,0,2,1,79,4.7,No,Yes,56,72,NotPlaced,64,69
5560,8.5,1,3,2,90,4.8,Yes,Yes,75,86,NotPlaced,76,79
5561,6.5,1,1,1,83,4.4,No,No,55,74,NotPlaced,49,57
5562,7.8,1,1,1,77,4.5,No,No,56,68,NotPlaced,64,69
5563,6.7,1,2,1,82,4.3,Yes,Yes,77,80,Placed,55,62
5564,6.5,0,2,0,77,4.4,No,Yes,68,84,NotPlaced,76,78
5565,8.0,2,1,2,88,3.8,Yes,No,82,82,NotPlaced,65,70
5566,7.5,1,1,0,75,4.1,Yes,Yes,61,70,NotPlaced,75,78
5567,6.5,2,1,0,60,4.5,No,No,67,72,NotPlaced,81,83
5568,7.5,1,3,0,83,4.1,Yes,Yes,78,81,Placed,75,78
5569,6.5,2,1,1,82,4.8,No,Yes,75,71,NotPlaced,69,73
5570,8.5,2,3,2,84,4.6,Yes,Yes,85,82,Placed,50,58
5571,6.8,0,1,0,75,4.7,No,Yes,57,62,NotPlaced,64,69
5572,8.5,2,3,0,89,4.2,Yes,Yes,78,87,Placed,57,63
5573,7.7,1,2,2,61,3.8,Yes,Yes,72,61,NotPlaced,59,65
5574,7.2,1,1,0,72,4.1,No,Yes,55,73,NotPlaced,59,65
5575,6.5,0,1,0,66,3.5,No,No,55,67,NotPlaced,50,58
5576,7.6,1,2,1,79,4.5,No,Yes,55,68,NotPlaced,35,46
5577,7.5,1,1,0,68,3.6,No,Yes,69,62,NotPlaced,54,61
5578,7.0,1,1,1,74,4.4,No,Yes,64,61,NotPlaced,67,72
5579,8.4,2,3,0,85,4.6,Yes,Yes,81,72,NotPlaced,44,53
5580,8.4,1,2,2,79,4.8,Yes,Yes,61,81,NotPlaced,65,70
5581,7.7,0,3,2,86,4.7,Yes,Yes,78,84,Placed,93,92
5582,8.3,1,1,0,75,4.2,Yes,Yes,86,86,Placed,80,82
5583,8.8,1,2,2,77,4.3,Yes,Yes,74,79,Placed,89,89
5584,6.5,1,3,0,90,4.6,Yes,Yes,84,80,Placed,70,74
5585,7.6,2,1,0,73,4.0,No,Yes,82,75,Placed,82,84
5586,6.5,1,1,0,72,4.5,No,No,55,66,NotPlaced,54,61
5587,7.5,0,1,0,76,4.4,No,No,63,70,NotPlaced,55,62
5588,7.6,1,1,1,72,4.6,Yes,Yes,56,66,Placed,23,37
5589,8.2,1,2,0,78,3.8,No,Yes,55,80,NotPlaced,82,84
5590,6.6,1,2,0,78,4.7,No,Yes,55,65,NotPlaced,88,88
5591,7.5,1,1,0,69,3.8,No,Yes,62,60,NotPlaced,56,63
5592,8.1,0,3,1,86,4.7,Yes,Yes,63,79,Placed,61,66
5593,8.2,1,3,2,90,4.8,Yes,Yes,85,77,Placed,53,60
5594,8.7,2,3,2,90,4.7,Yes,Yes,70,87,Placed,70,74
5595,8.0,1,3,2,77,4.5,Yes,No,78,77,NotPlaced,81,83
5596,7.5,1,2,1,75,3.7,No,Yes,56,68,NotPlaced,38,49
5597,6.6,1,1,0,70,4.5,No,No,59,68,NotPlaced,71,74
5598,8.2,1,2,2,88,4.4,Yes,Yes,81,85,Placed,60,66
5599,8.5,2,3,2,89,4.8,Yes,Yes,81,78,Placed,66,71
5600,8.6,1,3,2,76,4.0,No,No,71,88,NotPlaced,71,75
5601,8.4,1,3,2,72,4.6,Yes,No,70,70,Placed,62,67
5602,7.6,1,3,1,73,4.1,No,Yes,80,70,NotPlaced,63,68
5603,8.4,1,3,2,90,4.8,Yes,Yes,69,87,Placed,61,67
5604,8.3,2,3,2,88,4.8,Yes,Yes,87,88,Placed,79,81
5605,8.4,2,3,2,88,4.5,Yes,Yes,90,79,Placed,71,75
5606,8.7,2,3,2,83,4.8,Yes,Yes,79,86,Placed,68,72
5607,7.6,1,2,0,76,4.0,No,No,62,61,NotPlaced,45,54
5608,8.4,1,3,0,89,4.8,Yes,Yes,79,84,Placed,59,65
5609,8.3,2,3,2,90,4.8,Yes,Yes,80,86,Placed,78,80
5610,6.5,1,1,0,85,4.6,No,Yes,59,65,NotPlaced,65,70
5611,6.9,0,2,1,71,3.2,No,No,55,65,NotPlaced,74,77
5612,8.1,1,2,1,73,4.2,No,Yes,83,87,NotPlaced,91,91
5613,7.7,1,2,0,80,4.6,No,Yes,57,68,NotPlaced,80,82
5614,7.2,0,1,0,75,3.5,No,No,55,74,NotPlaced,66,71
5615,8.3,1,1,2,74,4.1,Yes,Yes,55,66,NotPlaced,57,63
5616,8.3,2,3,0,86,4.7,Yes,Yes,76,84,Placed,26,39
5617,8.2,2,3,3,88,4.8,Yes,Yes,74,86,Placed,62,67
5618,8.4,1,2,0,79,4.3,Yes,Yes,70,74,Placed,60,66
5619,7.4,1,2,1,78,4.6,No,Yes,67,68,NotPlaced,70,74
5620,7.9,1,2,2,84,4.6,No,Yes,67,64,NotPlaced,62,68
5621,7.7,2,3,2,90,4.8,Yes,Yes,88,85,Placed,60,66
5622,7.7,1,2,2,78,3.8,Yes,No,63,67,NotPlaced,38,48
5623,8.7,0,2,1,80,4.8,Yes,Yes,82,79,Placed,50,58
5624,6.8,0,2,1,65,4.8,No,Yes,55,71,NotPlaced,72,75
5625,7.8,2,3,2,82,4.6,No,Yes,86,81,Placed,90,90
5626,7.8,2,3,2,90,4.8,Yes,Yes,85,85,Placed,63,68
5627,7.7,1,1,0,72,4.4,No,No,72,69,NotPlaced,69,73
5628,8.2,2,2,2,70,4.2,Yes,No,56,71,NotPlaced,79,81
5629,8.9,0,3,3,87,4.8,Yes,Yes,73,88,Placed,52,60
5630,7.5,1,2,1,76,3.8,No,Yes,55,75,NotPlaced,70,74
5631,8.3,1,3,2,82,4.8,Yes,Yes,81,83,Placed,53,61
5632,8.0,1,3,2,90,4.4,Yes,Yes,72,82,Placed,77,80
5633,6.6,0,1,1,69,4.2,No,No,55,68,NotPlaced,67,71
5634,8.2,2,3,2,86,4.4,Yes,Yes,79,85,Placed,69,73
5635,7.6,0,1,2,75,4.5,No,No,80,66,NotPlaced,53,60
5636,6.6,0,2,0,64,3.3,No,Yes,57,65,NotPlaced,75,78
5637,7.4,1,1,0,77,4.0,No,No,71,67,NotPlaced,96,95
5638,6.6,2,3,0,73,4.5,Yes,Yes,75,72,NotPlaced,49,57
5639,7.5,1,3,2,90,4.8,Yes,Yes,71,84,Placed,59,65
5640,7.3,1,1,1,83,3.8,No,Yes,56,68,NotPlaced,68,72
5641,6.6,0,2,1,63,4.1,No,No,57,62,NotPlaced,76,79
5642,7.7,0,1,0,82,4.1,No,No,58,71,NotPlaced,56,63
5643,7.7,0,1,1,87,3.9,Yes,No,75,82,NotPlaced,22,36
5644,7.6,2,2,1,88,4.8,Yes,Yes,83,86,NotPlaced,85,86
5645,6.5,1,1,0,77,3.6,Yes,Yes,60,74,NotPlaced,76,79
5646,6.5,1,2,1,89,4.0,No,Yes,55,67,NotPlaced,38,49
5647,8.3,1,3,1,73,4.7,Yes,No,71,65,NotPlaced,55,62
5648,8.5,1,3,1,84,3.9,Yes,Yes,72,82,Placed,88,88
5649,7.4,1,1,0,77,3.6,No,Yes,73,78,NotPlaced,86,87
5650,6.6,1,3,2,89,4.5,Yes,Yes,71,88,Placed,79,81
5651,7.6,1,1,1,71,4.2,Yes,Yes,63,63,NotPlaced,62,67
5652,6.7,0,1,0,74,4.1,Yes,Yes,60,64,NotPlaced,66,70
5653,7.6,0,1,2,75,4.2,Yes,No,77,83,NotPlaced,63,68
5654,7.5,1,1,0,66,3.7,No,No,60,68,NotPlaced,81,83
5655,6.5,1,1,0,74,4.2,No,Yes,55,78,NotPlaced,51,59
5656,8.1,1,2,0,74,4.7,Yes,Yes,61,69,NotPlaced,52,60
5657,7.5,1,3,0,77,4.0,Yes,Yes,55,65,NotPlaced,80,82
5658,7.3,1,1,0,78,3.1,No,No,63,62,NotPlaced,64,69
5659,8.0,1,3,2,89,4.3,Yes,Yes,84,88,Placed,85,86
5660,8.3,1,1,0,81,4.5,Yes,No,80,68,Placed,54,61
5661,6.5,1,1,1,85,4.8,No,Yes,55,61,NotPlaced,64,69
5662,7.9,1,3,2,90,4.8,Yes,No,84,88,Placed,51,58
5663,8.8,2,3,3,90,4.8,Yes,Yes,73,87,Placed,65,70
5664,6.5,1,1,1,81,4.7,No,Yes,62,63,NotPlaced,42,52
5665,7.5,0,1,0,88,4.7,No,No,61,60,NotPlaced,57,64
5666,8.3,2,2,0,89,4.8,Yes,Yes,79,82,NotPlaced,43,52
5667,7.4,1,1,1,60,4.3,Yes,Yes,80,75,NotPlaced,75,78
5668,6.5,1,3,1,79,4.2,Yes,Yes,56,65,NotPlaced,75,78
5669,8.3,1,2,0,82,4.5,Yes,Yes,71,67,Placed,39,49
5670,8.7,1,3,2,85,4.8,Yes,Yes,75,85,Placed,85,86
5671,8.1,1,1,2,68,3.2,No,Yes,55,70,NotPlaced,100,99
5672,7.7,1,1,1,79,3.7,No,Yes,59,63,NotPlaced,65,70
5673,8.2,2,3,2,90,4.8,Yes,Yes,90,84,Placed,55,62
5674,6.8,2,3,0,82,4.7,Yes,Yes,86,81,Placed,100,100
5675,7.4,1,1,0,77,3.8,No,No,55,65,NotPlaced,45,54
5676,7.6,2,2,0,74,4.0,No,Yes,62,83,Placed,65,70
5677,7.7,0,1,0,66,3.7,No,No,55,70,NotPlaced,67,72
5678,8.5,0,3,2,76,4.8,Yes,No,74,81,Placed,85,86
5679,8.6,2,3,1,90,4.8,Yes,Yes,75,83,Placed,70,74
5680,7.5,1,1,1,73,3.5,No,Yes,58,69,NotPlaced,57,64
5681,8.6,2,3,2,90,4.6,Yes,Yes,76,85,Placed,50,58
5682,8.5,1,3,0,88,4.8,Yes,Yes,82,65,Placed,59,65
5683,7.4,1,2,0,76,4.5,No,Yes,55,72,NotPlaced,49,57
5684,8.4,1,3,2,76,4.5,Yes,Yes,82,83,Placed,65,70
5685,7.4,2,3,1,77,4.4,Yes,Yes,78,65,NotPlaced,56,63
5686,8.3,0,3,2,88,4.8,Yes,Yes,74,72,Placed,42,52
5687,8.1,0,2,0,84,4.7,No,Yes,61,69,NotPlaced,83,85
5688,8.5,2,3,2,71,4.6,Yes,Yes,74,83,Placed,57,64
5689,8.3,0,2,2,81,4.4,Yes,No,68,87,Placed,45,54
5690,8.2,2,1,1,90,4.0,No,Yes,55,66,NotPlaced,62,67
5691,6.7,0,2,1,69,4.4,Yes,Yes,55,72,NotPlaced,66,70
5692,6.6,1,1,0,74,4.6,No,Yes,55,75,NotPlaced,38,49
5693,8.7,2,3,2,90,4.7,Yes,Yes,77,88,Placed,69,73
5694,9.0,2,3,2,90,4.8,Yes,Yes,73,86,Placed,49,57
5695,7.0,1,1,0,72,4.5,No,Yes,71,65,NotPlaced,90,90
5696,7.2,1,3,1,71,4.4,Yes,Yes,58,68,NotPlaced,72,76
5697,8.1,0,3,0,86,3.7,Yes,Yes,90,85,Placed,59,65
5698,7.7,1,2,2,78,4.3,Yes,Yes,79,81,Placed,53,61
5699,7.4,1,2,2,66,4.4,No,Yes,61,85,NotPlaced,63,68
5700,8.2,1,2,1,86,4.5,Yes,Yes,74,83,Placed,74,77
5701,8.1,1,2,2,74,4.4,Yes,Yes,79,86,Placed,64,69
5702,7.4,1,1,0,69,4.0,No,Yes,64,74,NotPlaced,61,67
5703,7.5,0,2,2,73,4.8,Yes,Yes,64,83,Placed,65,70
5704,8.2,2,3,2,90,4.8,Yes,Yes,85,85,Placed,55,62
5705,6.5,1,3,2,71,4.2,No,No,80,88,NotPlaced,59,65
5706,7.6,1,1,0,69,3.9,No,Yes,64,62,NotPlaced,33,44
5707,8.1,1,3,2,89,4.6,Yes,Yes,75,80,Placed,79,81
5708,7.7,1,1,0,82,4.5,Yes,Yes,55,84,NotPlaced,69,73
5709,8.2,2,3,3,90,4.5,Yes,Yes,80,86,NotPlaced,53,60
5710,7.8,2,3,2,90,4.8,Yes,Yes,81,84,Placed,93,92
5711,8.2,0,1,2,81,4.2,Yes,Yes,69,67,NotPlaced,66,71
5712,8.3,1,3,2,90,4.8,Yes,Yes,84,83,Placed,49,57
5713,7.8,1,1,1,70,4.1,No,Yes,79,66,NotPlaced,77,80
5714,6.9,2,2,2,72,3.7,Yes,Yes,58,71,NotPlaced,70,74
5715,7.9,1,3,2,90,4.4,Yes,Yes,80,84,Placed,70,74
5716,7.5,1,2,1,65,4.1,No,No,68,73,NotPlaced,58,64
5717,6.5,1,2,1,68,4.8,No,No,55,68,NotPlaced,71,75
5718,8.2,1,1,2,76,4.5,Yes,Yes,58,81,Placed,61,66
5719,7.9,2,3,2,87,4.8,Yes,Yes,83,69,Placed,73,76
5720,7.2,1,2,2,82,4.5,Yes,No,55,61,NotPlaced,36,47
5721,8.8,2,3,2,90,4.8,Yes,Yes,73,80,Placed,58,64
5722,8.0,1,0,2,79,4.4,Yes,Yes,73,84,Placed,90,90
5723,7.7,1,0,0,75,3.6,Yes,Yes,55,82,Placed,53,60
5724,8.4,2,3,2,90,4.8,Yes,Yes,84,83,Placed,55,62
5725,8.6,2,3,2,90,4.8,Yes,Yes,85,82,Placed,58,64
5726,7.0,1,2,0,69,4.7,No,Yes,57,65,Placed,46,55
5727,8.9,2,3,2,90,4.8,Yes,Yes,82,87,Placed,31,43
5728,8.2,2,1,3,88,4.2,Yes,Yes,61,86,Placed,61,67
5729,7.8,0,3,0,83,4.4,Yes,Yes,81,73,NotPlaced,67,71
5730,8.5,0,3,0,84,4.5,Yes,Yes,73,65,Placed,64,69
5731,8.0,2,3,2,90,4.8,Yes,Yes,77,82,Placed,62,68
5732,7.2,0,1,0,73,4.4,No,Yes,86,76,NotPlaced,65,70
5733,6.5,1,2,0,66,4.2,No,Yes,59,64,NotPlaced,80,82
5734,8.0,2,1,0,78,4.6,No,No,63,71,Placed,62,67
5735,6.5,1,1,0,72,4.8,No,No,68,70,NotPlaced,56,63
5736,7.3,1,3,0,77,4.5,Yes,Yes,55,66,NotPlaced,60,66
5737,8.3,2,3,2,90,4.8,Yes,Yes,81,87,Placed,73,76
5738,7.5,0,1,1,70,4.5,No,Yes,55,64,NotPlaced,86,86
5739,7.7,0,3,0,84,4.3,Yes,Yes,81,67,Placed,55,62
5740,8.0,2,3,2,90,4.6,Yes,Yes,77,84,Placed,66,71
5741,7.4,1,2,1,68,3.6,No,No,55,64,NotPlaced,70,74
5742,8.3,2,3,0,90,4.8,Yes,Yes,77,83,Placed,50,58
5743,6.5,1,3,2,77,4.2,Yes,Yes,78,81,NotPlaced,65,70
5744,8.7,1,3,3,88,3.8,Yes,Yes,68,82,NotPlaced,43,52
5745,8.4,2,3,2,90,4.8,Yes,Yes,85,88,Placed,38,48
5746,7.7,2,1,0,83,4.6,No,Yes,63,64,NotPlaced,70,74
5747,7.6,0,1,1,70,3.9,No,Yes,61,71,NotPlaced,59,65
5748,7.7,1,1,0,71,4.1,Yes,Yes,75,70,NotPlaced,68,72
5749,7.6,1,1,1,77,4.0,No,Yes,55,65,NotPlaced,64,69
5750,7.4,1,1,1,78,3.7,No,Yes,55,64,Placed,50,58
5751,7.5,1,1,1,75,4.0,No,No,55,74,NotPlaced,64,69
5752,7.5,1,1,1,77,4.5,Yes,No,76,68,NotPlaced,46,55
5753,7.2,1,1,1,72,4.5,Yes,Yes,61,73,NotPlaced,85,86
5754,7.1,0,1,0,87,4.4,No,Yes,75,65,Placed,44,53
5755,7.1,0,3,0,80,4.4,Yes,No,80,83,Placed,62,67
5756,7.6,1,2,2,76,4.8,Yes,Yes,68,85,NotPlaced,49,57
5757,7.6,2,2,1,88,4.6,Yes,Yes,79,86,NotPlaced,73,76
5758,7.5,0,2,1,77,3.8,Yes,Yes,75,73,NotPlaced,60,66
5759,7.3,1,1,1,72,3.5,No,Yes,55,67,NotPlaced,57,63
5760,8.2,1,1,2,82,4.8,Yes,Yes,78,82,Placed,77,80
5761,8.5,2,3,2,79,4.8,No,No,72,69,NotPlaced,65,70
5762,8.2,1,2,0,67,4.1,No,Yes,56,78,NotPlaced,72,76
5763,8.3,0,2,1,89,4.7,No,Yes,56,69,Placed,50,58
5764,8.3,2,3,2,90,4.8,Yes,Yes,87,76,Placed,43,53
5765,8.6,1,2,2,78,4.8,Yes,Yes,84,87,Placed,66,71
5766,7.7,1,3,3,84,4.7,Yes,Yes,78,73,NotPlaced,60,66
5767,8.0,0,3,0,76,3.6,Yes,Yes,83,71,NotPlaced,74,77
5768,7.4,1,2,2,78,4.7,No,Yes,70,70,Placed,63,69
5769,7.5,1,2,2,89,4.8,Yes,Yes,78,75,Placed,68,72
5770,7.6,1,3,2,84,4.6,Yes,Yes,67,86,Placed,40,50
5771,6.7,1,2,1,89,4.4,No,Yes,65,58,NotPlaced,93,92
5772,8.8,2,3,0,88,4.7,No,Yes,58,87,Placed,62,68
5773,6.5,0,2,0,74,3.5,No,No,61,61,NotPlaced,75,78
5774,8.2,1,1,0,71,4.0,No,Yes,56,66,NotPlaced,52,59
5775,7.7,1,3,1,71,4.6,Yes,No,55,72,NotPlaced,69,73
5776,7.5,1,1,0,72,4.4,Yes,Yes,55,61,Placed,45,54
5777,8.4,1,1,0,72,3.8,No,No,59,62,NotPlaced,71,75
5778,8.0,1,1,1,77,4.7,No,Yes,55,71,NotPlaced,59,65
5779,7.5,0,3,1,65,4.2,No,No,58,67,NotPlaced,65,70
5780,8.6,1,3,0,82,4.3,Yes,Yes,71,82,Placed,75,78
5781,8.6,1,3,0,88,4.5,Yes,Yes,78,67,NotPlaced,46,55
5782,6.6,1,3,1,70,4.7,Yes,Yes,55,62,Placed,54,61
5783,6.9,2,3,0,86,4.6,No,Yes,70,85,NotPlaced,71,75
5784,7.4,1,2,0,71,3.7,No,Yes,55,62,NotPlaced,96,95
5785,8.2,1,2,1,77,3.7,Yes,Yes,75,83,Placed,62,68
5786,7.6,1,2,1,77,4.4,No,Yes,55,68,NotPlaced,73,77
5787,8.1,1,3,2,75,3.9,Yes,Yes,74,83,NotPlaced,63,68
5788,8.2,1,1,2,72,4.1,No,Yes,79,69,NotPlaced,94,93
5789,8.0,2,3,2,79,4.8,No,No,74,79,Placed,38,49
5790,7.5,2,2,2,90,4.3,Yes,Yes,85,83,Placed,66,71
5791,7.9,1,1,0,80,4.4,Yes,Yes,74,86,NotPlaced,40,50
5792,6.7,0,1,0,75,4.2,No,No,60,81,NotPlaced,27,39
5793,7.6,1,2,1,86,4.8,Yes,Yes,72,81,Placed,69,73
5794,7.7,2,1,0,68,4.6,No,No,65,62,NotPlaced,67,71
5795,8.5,1,3,0,85,4.8,Yes,Yes,79,81,Placed,60,66
5796,6.6,1,1,0,69,3.8,No,Yes,61,64,NotPlaced,63,68
5797,7.0,1,3,2,85,4.3,No,Yes,74,72,Placed,100,100
5798,8.2,1,2,2,84,4.5,Yes,Yes,68,63,Placed,61,66
5799,6.5,1,3,2,84,4.7,No,No,58,69,NotPlaced,72,76
5800,8.0,0,2,2,87,4.7,Yes,No,72,83,NotPlaced,55,62
5801,7.0,0,1,1,85,4.8,Yes,No,55,63,NotPlaced,69,73
5802,8.0,0,1,0,75,3.8,Yes,No,57,64,NotPlaced,61,67
5803,7.7,1,2,1,70,4.0,Yes,Yes,55,67,NotPlaced,58,65
5804,8.0,1,3,2,77,4.5,Yes,Yes,79,71,NotPlaced,92,91
5805,7.6,1,3,1,65,3.7,No,No,56,59,NotPlaced,82,84
5806,8.4,2,3,2,89,3.9,Yes,Yes,74,83,Placed,67,71
5807,8.4,1,3,2,79,4.5,Yes,Yes,86,87,Placed,30,42
5808,7.3,0,1,1,75,3.2,No,Yes,56,63,NotPlaced,59,65
5809,8.1,2,3,2,90,4.8,Yes,Yes,90,83,Placed,100,100
5810,6.6,1,2,1,64,3.5,No,Yes,62,66,NotPlaced,61,67
5811,8.3,1,2,3,82,3.7,No,Yes,69,84,NotPlaced,81,83
5812,7.5,0,1,0,79,3.6,No,Yes,77,72,NotPlaced,86,87
5813,8.2,0,3,2,89,4.3,Yes,No,85,84,Placed,68,72
5814,7.6,1,1,2,75,4.8,No,Yes,60,68,NotPlaced,52,59
5815,7.5,1,3,2,88,4.8,Yes,Yes,81,77,Placed,28,40
5816,8.5,2,3,2,90,4.7,Yes,Yes,73,85,Placed,75,78
5817,8.5,1,1,2,87,4.5,Yes,Yes,67,67,Placed,52,60
5818,8.3,2,3,1,90,4.8,Yes,Yes,69,83,Placed,67,72
5819,7.4,1,2,0,68,3.8,No,Yes,57,65,NotPlaced,46,55
5820,7.1,2,2,1,84,3.9,No,No,59,68,NotPlaced,61,66
5821,7.5,1,1,1,80,4.2,No,No,55,62,NotPlaced,65,70
5822,8.5,2,3,2,90,4.7,Yes,Yes,86,80,Placed,69,73
5823,8.2,1,3,0,85,4.4,Yes,No,65,66,NotPlaced,48,56
5824,7.8,1,3,1,85,4.5,Yes,Yes,87,83,Placed,82,84
5825,7.1,0,3,2,74,4.5,Yes,Yes,59,79,NotPlaced,56,62
5826,8.7,1,3,2,85,4.1,Yes,Yes,83,86,NotPlaced,39,49
5827,8.1,1,3,2,90,4.8,Yes,Yes,78,86,Placed,63,68
5828,7.5,1,1,1,78,4.2,No,No,76,69,NotPlaced,65,70
5829,6.6,0,1,0,81,4.5,Yes,Yes,58,86,NotPlaced,67,71
5830,7.8,0,3,3,85,4.8,Yes,Yes,80,81,Placed,85,86
5831,8.7,1,2,2,73,4.4,No,Yes,72,68,NotPlaced,61,67
5832,8.3,1,3,0,68,4.6,Yes,Yes,78,73,Placed,63,68
5833,6.5,1,2,2,90,4.8,No,Yes,70,68,NotPlaced,48,56
5834,7.4,1,3,0,71,4.4,No,Yes,84,64,Placed,77,79
5835,7.9,2,3,2,80,4.4,Yes,Yes,84,81,Placed,67,72
5836,7.8,1,2,0,82,4.2,No,No,63,72,NotPlaced,58,64
5837,8.2,1,1,0,88,3.9,No,Yes,66,64,NotPlaced,36,47
5838,8.4,0,3,2,87,4.2,Yes,Yes,80,84,Placed,86,87
5839,6.7,1,2,0,78,4.6,No,Yes,73,67,Placed,46,55
5840,8.1,0,2,0,81,4.5,Yes,Yes,80,83,NotPlaced,56,62
5841,8.4,0,2,2,80,3.9,Yes,Yes,76,80,Placed,70,74
5842,8.7,2,3,2,89,4.7,Yes,Yes,70,63,Placed,47,55
5843,8.0,1,1,1,82,4.0,No,No,55,74,NotPlaced,42,52
5844,8.0,1,3,2,90,4.3,Yes,Yes,66,85,Placed,33,44
5845,7.8,1,3,2,87,4.8,Yes,Yes,67,88,Placed,75,78
5846,7.7,0,2,2,69,4.4,Yes,Yes,82,84,NotPlaced,56,63
5847,8.1,2,3,2,90,4.8,Yes,Yes,81,86,Placed,100,100
5848,8.3,2,3,0,86,4.7,Yes,Yes,81,71,Placed,50,58
5849,7.4,1,3,0,78,4.2,No,Yes,71,67,Placed,51,58
5850,8.4,1,1,3,83,4.6,Yes,No,74,62,NotPlaced,56,63
5851,7.9,1,2,1,64,4.2,No,Yes,60,58,NotPlaced,68,72
5852,8.5,1,2,0,70,3.9,Yes,Yes,81,83,Placed,57,64
5853,8.5,1,3,2,90,4.8,Yes,Yes,82,86,Placed,74,77
5854,8.4,1,3,2,85,4.8,Yes,Yes,82,76,Placed,50,58
5855,7.4,1,3,2,70,4.4,No,No,58,70,NotPlaced,44,53
5856,7.4,1,2,1,84,4.4,No,Yes,81,62,NotPlaced,38,48
5857,6.5,0,3,1,70,3.3,Yes,Yes,68,66,Placed,31,43
5858,8.0,1,1,0,81,4.2,Yes,Yes,72,70,NotPlaced,57,63
5859,6.6,1,2,1,66,4.6,Yes,No,57,70,NotPlaced,60,66
5860,8.5,0,3,0,90,4.5,Yes,Yes,55,62,Placed,55,62
5861,6.8,0,1,2,71,4.2,No,No,70,62,NotPlaced,83,84
5862,7.5,1,1,1,78,4.4,No,Yes,55,69,NotPlaced,83,84
5863,7.8,0,2,0,78,4.4,No,Yes,59,64,Placed,59,65
5864,6.6,0,2,0,83,4.8,Yes,Yes,82,88,Placed,38,48
5865,7.6,1,3,2,77,4.4,No,Yes,55,71,Placed,56,63
5866,6.5,1,1,0,68,4.8,No,Yes,62,66,NotPlaced,56,62
5867,8.0,2,2,2,85,4.5,Yes,Yes,79,81,NotPlaced,55,62
5868,6.6,1,1,0,76,4.4,No,No,59,70,NotPlaced,54,61
5869,6.7,0,2,0,74,4.2,Yes,Yes,55,68,NotPlaced,55,62
5870,6.7,0,2,0,74,3.6,No,Yes,82,69,Placed,59,65
5871,7.7,1,1,1,89,4.4,No,No,55,63,NotPlaced,55,62
5872,8.1,0,2,2,68,4.8,No,Yes,72,72,NotPlaced,68,72
5873,7.6,0,1,0,66,4.0,No,No,61,69,NotPlaced,70,74
5874,6.5,1,1,1,75,3.6,No,Yes,60,64,NotPlaced,51,59
5875,7.5,0,1,0,72,3.9,No,Yes,65,70,NotPlaced,84,85
5876,8.6,2,3,2,84,4.8,Yes,Yes,79,87,Placed,50,58
5877,7.5,0,2,0,81,4.3,Yes,Yes,63,61,NotPlaced,40,50
5878,7.8,1,2,0,78,3.7,Yes,Yes,86,64,Placed,70,74
5879,8.3,1,3,2,85,4.7,Yes,Yes,74,78,NotPlaced,52,60
5880,6.9,1,1,1,62,3.5,No,No,55,66,NotPlaced,69,73
5881,6.5,1,1,2,80,4.3,No,Yes,70,77,NotPlaced,28,41
5882,6.5,0,1,1,75,4.5,Yes,Yes,67,81,NotPlaced,85,86
5883,6.9,1,1,0,76,4.0,No,No,55,66,Placed,75,78
5884,8.1,1,3,1,90,4.8,Yes,Yes,86,83,Placed,42,51
5885,8.4,0,2,3,90,4.3,Yes,Yes,75,84,Placed,42,52
5886,6.5,1,1,0,82,4.4,No,No,71,65,NotPlaced,90,90
5887,7.7,1,1,0,78,3.8,No,Yes,55,61,NotPlaced,53,61
5888,8.1,2,3,2,88,4.7,Yes,Yes,80,87,Placed,52,59
5889,8.0,0,1,0,72,4.2,No,No,67,67,NotPlaced,31,42
5890,7.5,2,2,1,78,4.4,Yes,Yes,80,86,Placed,59,65
5891,6.9,0,1,0,72,4.4,No,No,55,57,NotPlaced,61,67
5892,8.4,2,3,2,90,4.8,Yes,Yes,77,87,Placed,75,78
5893,7.8,1,3,2,90,4.8,Yes,Yes,80,88,Placed,44,53
5894,8.0,2,1,2,89,4.2,No,Yes,68,82,NotPlaced,42,51
5895,6.9,1,1,0,76,3.3,No,Yes,71,66,NotPlaced,71,75
5896,7.6,1,1,1,71,4.3,No,No,59,63,NotPlaced,80,82
5897,8.0,1,3,2,90,4.7,Yes,Yes,76,88,Placed,41,51
5898,8.2,2,2,2,73,4.6,Yes,Yes,83,87,NotPlaced,81,82
5899,6.7,1,1,0,79,4.1,No,Yes,56,70,NotPlaced,65,70
5900,8.5,2,3,2,90,4.8,Yes,Yes,82,87,Placed,81,83
5901,6.8,1,1,0,85,4.3,No,Yes,86,83,Placed,63,69
5902,6.9,0,3,0,89,4.4,Yes,Yes,76,83,Placed,27,39
5903,8.6,1,3,2,90,4.8,Yes,Yes,71,87,Placed,62,68
5904,7.6,0,1,0,76,3.5,Yes,Yes,74,65,Placed,80,82
5905,8.0,0,3,0,90,3.8,Yes,No,84,80,Placed,51,59
5906,7.0,0,3,2,90,4.1,Yes,Yes,73,68,NotPlaced,59,65
5907,6.5,1,2,0,76,4.3,Yes,Yes,69,73,NotPlaced,62,67
5908,7.4,1,1,0,75,3.9,No,No,58,60,NotPlaced,21,35
5909,8.3,1,2,3,90,4.8,Yes,Yes,75,86,Placed,90,90
5910,7.5,0,2,1,80,4.7,No,Yes,82,82,Placed,51,59
5911,6.7,1,1,1,66,3.5,Yes,No,86,69,NotPlaced,72,76
5912,8.6,2,3,2,90,4.8,Yes,Yes,75,88,Placed,63,68
5913,8.2,1,3,2,90,4.8,Yes,Yes,80,81,Placed,83,85
5914,7.4,1,1,1,80,4.7,Yes,Yes,68,70,NotPlaced,71,74
5915,7.5,1,1,1,73,3.6,No,Yes,56,62,NotPlaced,61,67
5916,7.5,1,1,0,84,3.7,No,Yes,77,87,NotPlaced,51,59
5917,7.5,0,2,1,83,4.6,No,Yes,55,69,NotPlaced,76,79
5918,7.4,1,1,0,87,4.6,No,No,55,70,NotPlaced,36,47
5919,7.4,0,1,0,65,3.4,No,No,55,62,NotPlaced,74,77
5920,7.7,0,2,1,75,4.8,No,Yes,72,68,NotPlaced,48,56
5921,7.1,1,3,2,88,4.0,Yes,Yes,78,65,Placed,83,85
5922,6.5,0,1,1,66,4.1,No,No,67,67,NotPlaced,67,71
5923,7.9,1,2,0,76,4.7,Yes,No,78,61,NotPlaced,74,77
5924,7.4,1,1,0,78,4.8,Yes,No,74,80,Placed,66,70
5925,8.0,0,2,2,79,4.4,No,Yes,55,68,NotPlaced,38,48
5926,7.7,1,2,0,63,4.3,No,No,55,72,NotPlaced,52,59
5927,8.6,1,2,2,83,4.0,Yes,Yes,65,72,NotPlaced,75,78
5928,7.1,2,3,2,90,4.7,Yes,Yes,70,83,Placed,67,71
5929,6.9,1,3,2,87,4.8,Yes,Yes,71,86,Placed,82,84
5930,6.6,1,1,0,78,4.3,No,Yes,83,70,NotPlaced,71,74
5931,6.8,1,1,0,80,3.6,No,No,66,69,NotPlaced,50,58
5932,7.6,1,2,1,81,3.9,No,No,74,66,NotPlaced,53,60
5933,7.8,2,3,2,90,4.8,Yes,Yes,81,88,Placed,66,71
5934,7.5,1,2,2,86,4.8,Yes,Yes,77,81,Placed,30,42
5935,8.9,2,3,0,90,4.8,Yes,Yes,71,84,Placed,90,90
5936,7.3,1,1,1,78,4.2,Yes,Yes,69,72,NotPlaced,71,75
5937,6.8,1,1,0,82,3.8,No,No,60,65,NotPlaced,83,84
5938,7.3,2,3,2,90,4.5,Yes,Yes,79,84,Placed,41,51
5939,8.5,1,3,1,84,4.3,Yes,Yes,80,82,Placed,83,84
5940,8.1,2,3,2,90,4.6,Yes,Yes,85,88,Placed,98,96
5941,8.4,2,3,2,90,4.7,Yes,Yes,69,88,Placed,45,54
5942,7.7,1,2,2,82,4.8,No,Yes,82,76,Placed,76,79
5943,7.9,1,1,0,85,4.7,No,Yes,56,67,NotPlaced,65,70
5944,8.2,2,3,2,90,4.8,Yes,Yes,71,88,Placed,41,51
5945,7.6,0,1,0,69,3.1,No,No,60,62,NotPlaced,72,75
5946,8.1,0,3,2,84,4.8,Yes,Yes,74,86,NotPlaced,77,80
5947,7.8,0,1,1,84,4.3,Yes,No,67,80,NotPlaced,55,62
5948,8.7,0,1,2,78,4.7,Yes,Yes,67,86,NotPlaced,82,83
5949,8.3,0,3,2,90,4.8,Yes,Yes,87,84,Placed,39,49
5950,8.5,1,3,2,90,4.5,Yes,Yes,76,83,NotPlaced,42,52
5951,7.3,1,1,1,72,4.6,No,Yes,58,70,NotPlaced,67,71
5952,7.4,1,1,1,81,4.2,No,No,82,61,NotPlaced,65,70
5953,7.7,1,3,1,89,4.8,Yes,Yes,88,83,Placed,54,61
5954,7.7,1,1,0,76,3.8,No,No,55,61,NotPlaced,77,79
5955,7.4,1,1,0,85,4.7,Yes,Yes,70,72,NotPlaced,72,76
5956,7.9,1,3,0,81,3.2,No,Yes,74,78,NotPlaced,77,80
5957,7.5,1,2,0,89,4.7,Yes,Yes,85,84,Placed,63,68
5958,7.6,1,2,0,71,3.5,No,Yes,75,70,NotPlaced,74,77
5959,8.3,1,1,0,69,4.5,No,Yes,55,65,NotPlaced,58,64
5960,7.7,1,1,0,64,4.4,No,No,62,63,NotPlaced,95,94
5961,6.5,1,1,0,69,4.5,No,No,55,70,NotPlaced,52,60
5962,8.2,0,2,1,75,4.6,Yes,No,82,72,NotPlaced,96,95
5963,7.4,1,2,1,68,3.5,No,Yes,58,76,NotPlaced,65,70
5964,7.7,1,1,0,90,4.8,No,Yes,79,80,Placed,44,53
5965,8.6,2,3,2,90,4.8,Yes,Yes,88,86,Placed,85,86
5966,7.6,1,2,2,80,4.5,No,Yes,68,86,NotPlaced,66,71
5967,6.6,1,3,2,87,4.8,Yes,Yes,88,83,Placed,77,80
5968,8.4,2,3,2,83,4.6,Yes,Yes,81,87,Placed,83,84
5969,7.5,1,1,0,74,3.7,Yes,Yes,58,67,Placed,70,74
5970,8.3,1,1,0,89,4.5,Yes,Yes,55,70,NotPlaced,56,62
5971,8.8,2,3,2,90,4.8,Yes,Yes,79,84,Placed,79,81
5972,7.6,0,3,0,88,4.6,Yes,No,82,81,Placed,65,70
5973,7.5,1,2,0,83,4.3,No,Yes,56,66,Placed,75,78
5974,7.5,1,2,0,82,4.2,No,Yes,77,64,NotPlaced,32,44
5975,7.6,0,2,1,68,4.3,Yes,Yes,62,74,NotPlaced,71,75
5976,8.4,1,2,1,85,4.8,Yes,No,79,80,NotPlaced,55,62
5977,8.0,2,2,2,87,4.6,Yes,Yes,70,83,NotPlaced,89,89
5978,8.2,0,3,2,81,4.7,Yes,Yes,73,80,Placed,74,77
5979,8.3,2,3,2,90,4.8,Yes,Yes,85,82,Placed,68,72
5980,7.6,1,1,1,69,4.3,No,No,58,70,NotPlaced,72,75
5981,6.5,1,1,1,72,4.2,No,No,55,57,NotPlaced,50,58
5982,7.5,0,1,0,80,3.9,No,Yes,61,62,NotPlaced,89,89
5983,8.8,2,3,2,90,4.7,Yes,Yes,86,81,Placed,94,93
5984,8.1,2,1,1,81,4.0,Yes,Yes,73,88,Placed,70,74
5985,7.7,1,1,2,64,4.4,Yes,Yes,61,64,NotPlaced,88,89
5986,8.4,2,3,2,77,4.5,Yes,Yes,74,83,NotPlaced,56,63
5987,7.3,1,1,1,65,3.8,Yes,Yes,61,62,NotPlaced,53,60
5988,8.1,2,3,0,86,4.5,No,Yes,73,83,Placed,65,70
5989,8.4,0,1,1,82,3.6,No,Yes,61,65,Placed,71,75
5990,8.7,1,3,3,90,4.5,Yes,Yes,79,87,Placed,59,65
5991,8.4,0,1,0,77,3.5,No,Yes,55,63,NotPlaced,73,76
5992,6.8,1,1,1,68,4.5,No,Yes,77,67,NotPlaced,69,73
5993,7.7,1,1,0,78,4.3,Yes,Yes,62,69,Placed,50,58
5994,8.3,1,3,2,90,4.8,Yes,Yes,83,83,Placed,72,76
5995,6.5,1,3,0,72,4.6,Yes,Yes,85,69,Placed,77,80
5996,7.9,1,3,2,90,4.8,Yes,Yes,76,70,Placed,67,72
5997,7.5,1,2,0,79,4.2,No,Yes,55,71,NotPlaced,82,83
5998,7.7,1,2,0,78,4.0,No,Yes,57,68,NotPlaced,46,55
5999,7.7,1,2,0,78,4.5,No,Yes,75,65,NotPlaced,72,75
6000,7.5,0,1,1,82,4.7,No,No,72,70,NotPlaced,47,55
6001,8.2,1,3,3,88,4.8,No,Yes,82,69,Placed,48,56
6002,7.2,1,1,0,61,3.5,No,No,55,69,NotPlaced,55,62
6003,8.1,2,3,2,85,4.5,Yes,Yes,75,67,NotPlaced,50,58
6004,8.3,1,2,1,76,4.2,Yes,Yes,78,80,NotPlaced,56,63
6005,8.2,0,1,0,76,4.3,No,No,77,64,NotPlaced,61,67
6006,7.0,1,1,1,64,4.1,No,No,58,62,NotPlaced,77,80
6007,7.6,1,2,1,73,4.3,Yes,Yes,76,83,Placed,60,66
6008,6.8,0,1,1,68,3.9,No,No,64,62,NotPlaced,41,50
6009,7.4,1,2,0,65,4.6,No,No,79,68,NotPlaced,82,83
6010,6.5,1,2,0,83,4.6,Yes,Yes,73,65,NotPlaced,52,59
6011,6.6,0,2,1,74,4.6,No,Yes,55,66,NotPlaced,64,69
6012,7.5,0,1,0,80,4.1,No,Yes,62,73,NotPlaced,71,75
6013,7.5,1,2,0,74,4.6,No,Yes,58,75,NotPlaced,67,72
6014,6.7,1,1,0,60,4.0,No,No,61,62,NotPlaced,81,83
6015,7.9,1,2,0,85,4.1,Yes,Yes,59,64,NotPlaced,72,75
6016,7.3,1,1,1,67,4.2,No,Yes,62,70,NotPlaced,52,59
6017,8.5,2,3,2,88,4.8,Yes,Yes,75,85,Placed,97,96
6018,7.4,1,2,0,76,4.4,Yes,Yes,55,73,NotPlaced,67,72
6019,7.4,0,2,0,72,3.5,No,Yes,67,66,NotPlaced,62,68
6020,8.0,1,3,2,89,4.8,Yes,Yes,87,80,Placed,79,81
6021,8.1,0,1,1,84,4.6,Yes,No,65,79,NotPlaced,68,72
6022,7.2,0,2,0,77,3.7,No,Yes,55,63,NotPlaced,70,74
6023,7.6,1,1,0,72,4.2,No,Yes,74,69,NotPlaced,100,99
6024,7.8,1,3,0,89,4.6,Yes,Yes,77,88,Placed,60,66
6025,7.6,2,2,1,72,3.9,Yes,No,79,80,NotPlaced,60,66
6026,8.0,0,1,1,75,4.1,Yes,No,83,64,NotPlaced,66,71
6027,6.5,0,3,2,84,3.9,Yes,Yes,83,88,Placed,81,82
6028,7.1,0,1,1,69,3.7,Yes,No,61,66,NotPlaced,42,51
6029,6.8,1,2,0,82,4.4,Yes,Yes,59,69,Placed,35,46
6030,7.4,1,2,0,69,3.6,No,Yes,55,63,NotPlaced,56,62
6031,7.8,1,2,0,73,4.5,Yes,No,79,61,NotPlaced,40,50
6032,7.6,1,1,0,73,4.2,No,Yes,55,69,NotPlaced,58,64
6033,8.6,2,3,2,90,4.8,Yes,Yes,73,86,Placed,72,76
6034,7.5,2,3,2,90,4.1,No,Yes,63,83,Placed,51,59
6035,8.2,2,3,2,90,4.8,Yes,Yes,81,81,Placed,43,52
6036,6.5,0,1,0,62,4.1,No,No,75,60,NotPlaced,66,70
6037,7.4,1,3,0,88,4.1,Yes,Yes,59,73,NotPlaced,77,80
6038,7.6,1,1,0,74,3.8,No,No,56,67,NotPlaced,39,49
6039,8.1,0,3,2,79,4.3,Yes,Yes,72,83,Placed,77,79
6040,8.1,0,1,2,90,4.7,Yes,Yes,78,74,Placed,77,79
6041,8.8,1,3,2,84,4.2,Yes,Yes,73,82,Placed,79,81
6042,8.2,2,3,2,90,4.8,Yes,Yes,74,85,Placed,83,84
6043,8.4,2,3,2,89,4.8,Yes,Yes,76,85,Placed,98,96
6044,6.5,1,1,0,72,4.7,No,No,58,68,NotPlaced,59,65
6045,7.5,2,1,1,90,4.1,Yes,Yes,71,67,NotPlaced,66,71
6046,7.5,1,3,2,89,4.8,Yes,Yes,61,70,NotPlaced,58,65
6047,8.2,1,3,1,77,4.2,Yes,Yes,70,84,Placed,65,70
6048,7.6,0,1,1,79,4.2,Yes,Yes,55,79,NotPlaced,87,88
6049,6.7,0,1,0,65,4.3,No,Yes,55,58,NotPlaced,44,53
6050,7.8,0,1,0,74,4.0,No,No,55,63,NotPlaced,52,59
6051,6.6,1,1,0,63,3.7,No,No,59,70,NotPlaced,85,86
6052,8.1,2,3,2,88,4.4,No,No,73,82,Placed,80,82
6053,7.4,0,1,0,79,3.3,No,Yes,58,61,NotPlaced,59,65
6054,7.5,1,1,0,76,4.2,No,No,63,73,NotPlaced,77,80
6055,8.7,1,2,0,69,4.6,Yes,Yes,65,81,Placed,70,74
6056,7.6,1,3,1,79,3.9,Yes,Yes,70,85,Placed,87,88
6057,6.5,0,2,0,74,4.1,No,Yes,55,82,NotPlaced,66,70
6058,7.5,1,3,0,71,4.2,No,Yes,65,67,NotPlaced,80,82
6059,7.9,1,2,1,61,4.2,Yes,Yes,80,71,NotPlaced,100,100
6060,8.9,1,3,1,84,4.8,Yes,Yes,82,81,NotPlaced,73,77
6061,7.5,1,1,0,84,4.3,No,Yes,55,59,NotPlaced,65,70
6062,8.1,2,3,2,89,4.8,Yes,Yes,89,71,NotPlaced,75,78
6063,7.5,1,3,1,73,4.0,No,Yes,55,68,NotPlaced,59,65
6064,6.7,1,1,0,77,3.8,No,No,55,57,NotPlaced,100,98
6065,8.3,1,2,1,79,4.2,No,No,55,72,NotPlaced,67,72
6066,7.5,1,1,0,78,3.6,No,No,57,68,NotPlaced,60,66
6067,8.3,0,3,1,88,4.2,Yes,Yes,69,86,Placed,52,59
6068,8.4,1,3,2,85,4.6,Yes,Yes,75,67,Placed,81,83
6069,8.1,2,1,3,78,4.2,Yes,Yes,62,67,Placed,78,80
6070,6.9,1,1,0,79,4.7,Yes,No,71,71,NotPlaced,57,64
6071,7.3,1,2,0,80,4.2,No,No,57,69,NotPlaced,73,76
6072,7.5,0,2,0,68,4.1,Yes,Yes,69,58,NotPlaced,42,51
6073,6.7,1,1,0,79,4.0,No,No,57,57,NotPlaced,67,72
6074,6.8,0,3,1,74,4.5,Yes,Yes,83,69,Placed,71,75
6075,7.5,1,2,0,63,3.4,No,Yes,55,68,NotPlaced,90,90
6076,7.8,2,2,2,65,4.3,Yes,Yes,57,72,NotPlaced,53,60
6077,7.6,1,1,0,72,3.4,No,No,77,67,NotPlaced,45,54
6078,7.7,1,2,1,75,4.6,Yes,Yes,68,70,NotPlaced,51,59
6079,7.7,1,1,1,70,4.6,No,Yes,55,66,NotPlaced,44,53
6080,8.1,1,3,2,80,4.7,No,Yes,67,67,Placed,85,86
6081,8.9,2,3,2,90,4.8,Yes,Yes,83,82,Placed,88,88
6082,8.4,1,3,2,78,4.1,Yes,Yes,75,83,Placed,69,73
6083,8.0,2,3,2,86,4.7,Yes,Yes,85,85,Placed,83,84
6084,7.4,1,1,1,65,4.5,No,No,55,73,NotPlaced,67,71
6085,7.4,1,2,0,76,4.0,No,Yes,78,74,NotPlaced,63,68
6086,8.4,0,3,2,77,4.6,Yes,No,63,79,Placed,60,66
6087,8.1,2,3,2,90,4.8,Yes,Yes,89,85,Placed,60,66
6088,7.7,1,1,0,64,4.1,No,No,55,59,NotPlaced,41,51
6089,7.6,1,2,0,72,3.7,No,No,55,64,NotPlaced,68,73
6090,8.3,2,3,2,79,4.4,Yes,Yes,83,85,Placed,64,69
6091,7.6,1,1,0,71,4.0,No,No,56,58,NotPlaced,76,78
6092,7.5,2,2,2,85,4.6,Yes,Yes,77,88,Placed,66,71
6093,8.0,1,3,0,90,4.8,Yes,Yes,76,83,Placed,62,68
6094,8.1,1,2,2,77,3.3,Yes,Yes,73,71,NotPlaced,51,59
6095,8.5,1,3,2,89,4.0,Yes,Yes,68,74,NotPlaced,66,70
6096,8.2,2,2,0,86,4.5,Yes,Yes,55,83,Placed,76,78
6097,8.3,1,3,2,90,4.8,Yes,Yes,79,80,Placed,47,56
6098,7.0,1,1,1,69,4.6,No,Yes,55,70,NotPlaced,66,71
6099,7.5,1,1,0,72,4.3,No,No,59,65,NotPlaced,68,72
6100,7.6,1,2,2,77,4.0,Yes,Yes,55,64,NotPlaced,54,61
6101,8.4,2,3,2,90,4.6,Yes,Yes,80,88,Placed,56,62
6102,8.0,1,1,2,82,4.6,Yes,Yes,63,88,NotPlaced,68,72
6103,7.4,0,3,2,75,4.8,Yes,Yes,76,72,NotPlaced,47,56
6104,7.6,2,3,2,90,4.4,Yes,Yes,77,83,Placed,70,74
6105,6.7,1,1,1,71,4.0,No,Yes,59,66,NotPlaced,51,59
6106,8.1,2,3,1,79,3.9,Yes,Yes,82,80,Placed,80,82
6107,8.6,2,3,2,90,4.6,Yes,Yes,88,86,Placed,100,98
6108,7.8,0,3,1,87,4.4,Yes,Yes,71,70,NotPlaced,52,59
6109,7.8,1,1,1,75,3.8,No,No,59,63,NotPlaced,73,76
6110,8.0,1,3,2,87,4.8,Yes,Yes,70,85,NotPlaced,54,61
6111,7.6,1,1,0,69,3.4,Yes,Yes,73,59,NotPlaced,80,82
6112,7.5,2,3,0,87,4.6,Yes,No,80,81,Placed,46,54
6113,8.2,1,3,0,78,4.2,Yes,Yes,60,66,Placed,72,75
6114,8.3,1,3,2,89,4.8,Yes,Yes,79,81,Placed,51,59
6115,7.4,1,1,0,81,3.9,No,Yes,62,69,NotPlaced,61,67
6116,7.5,0,3,2,86,4.4,No,Yes,83,85,NotPlaced,49,57
6117,7.6,1,2,1,64,3.7,No,Yes,63,76,Placed,77,79
6118,7.9,1,3,1,67,4.4,Yes,No,71,77,NotPlaced,52,59
6119,7.5,1,3,0,71,4.7,No,No,73,66,NotPlaced,73,76
6120,7.8,1,3,0,90,3.7,Yes,Yes,71,85,NotPlaced,59,65
6121,8.1,2,3,2,87,4.8,No,Yes,76,82,NotPlaced,63,68
6122,8.1,2,1,0,76,4.3,No,No,67,71,NotPlaced,67,71
6123,7.4,1,1,1,78,4.8,Yes,Yes,72,61,NotPlaced,53,60
6124,7.5,0,1,1,64,3.7,No,Yes,55,66,NotPlaced,68,72
6125,8.2,2,3,2,90,4.8,Yes,Yes,86,83,Placed,87,88
6126,7.5,0,1,0,83,3.8,Yes,Yes,61,67,NotPlaced,53,60
6127,6.5,0,1,1,72,4.5,No,No,55,67,NotPlaced,82,84
6128,7.5,1,3,2,86,4.8,Yes,Yes,71,88,Placed,87,87
6129,7.6,1,1,0,71,4.0,Yes,Yes,69,88,NotPlaced,52,60
6130,8.1,1,3,2,90,4.8,Yes,Yes,80,88,Placed,43,52
6131,7.5,0,3,1,77,4.8,Yes,Yes,75,83,NotPlaced,69,73
6132,8.7,1,3,1,90,4.0,Yes,Yes,81,80,Placed,56,63
6133,6.5,0,1,0,74,4.1,Yes,No,66,61,NotPlaced,93,92
6134,8.4,2,3,2,90,4.8,Yes,Yes,73,85,Placed,65,70
6135,8.0,1,3,3,90,4.8,Yes,Yes,67,84,Placed,52,60
6136,6.5,1,1,1,69,4.2,Yes,No,70,69,Placed,47,56
6137,7.5,1,2,1,68,4.0,No,No,64,68,NotPlaced,81,83
6138,7.5,1,1,2,78,4.3,Yes,No,58,70,Placed,56,63
6139,7.3,1,1,1,60,4.6,No,Yes,55,61,NotPlaced,65,70
6140,8.1,2,3,2,90,4.8,Yes,Yes,74,88,Placed,79,81
6141,6.9,0,2,0,69,3.4,No,No,66,72,NotPlaced,57,64
6142,7.0,1,1,1,74,4.4,Yes,Yes,78,71,Placed,64,69
6143,7.9,1,3,3,86,4.5,Yes,Yes,69,67,Placed,64,69
6144,8.3,1,3,2,88,4.7,Yes,Yes,85,80,Placed,75,78
6145,7.7,1,1,0,90,4.6,No,No,73,88,Placed,73,77
6146,7.1,0,3,2,90,4.8,Yes,Yes,74,87,Placed,61,67
6147,8.4,2,3,0,90,4.8,Yes,Yes,58,88,Placed,65,70
6148,8.7,2,3,2,90,4.8,Yes,Yes,78,84,Placed,59,65
6149,7.7,2,3,2,90,4.8,Yes,Yes,82,81,Placed,42,52
6150,8.6,1,1,1,83,4.8,Yes,Yes,75,80,NotPlaced,68,73
6151,8.2,0,3,2,84,4.8,Yes,Yes,56,74,Placed,93,92
6152,8.6,1,1,0,81,4.3,Yes,Yes,55,63,NotPlaced,51,59
6153,7.6,1,2,2,79,4.1,No,No,62,67,NotPlaced,53,60
6154,7.9,1,3,0,83,4.3,No,Yes,55,74,NotPlaced,51,59
6155,6.5,0,1,1,80,3.4,Yes,Yes,60,66,NotPlaced,75,78
6156,8.3,1,3,2,89,4.7,Yes,Yes,69,85,Placed,71,75
6157,7.8,1,2,0,86,4.6,No,Yes,56,66,NotPlaced,62,68
6158,6.9,1,2,1,88,4.6,Yes,Yes,77,86,NotPlaced,51,58
6159,6.9,0,3,1,87,4.6,Yes,Yes,66,75,NotPlaced,66,71
6160,8.2,1,3,2,90,4.7,Yes,Yes,65,84,Placed,41,51
6161,7.7,1,2,1,79,4.6,Yes,Yes,68,70,NotPlaced,67,71
6162,8.3,2,1,2,83,4.8,Yes,Yes,78,83,Placed,78,80
6163,8.5,2,3,2,90,4.8,Yes,Yes,82,83,Placed,46,54
6164,8.4,1,1,0,75,4.8,No,No,64,63,NotPlaced,42,51
6165,7.5,1,2,0,74,4.2,No,No,55,63,NotPlaced,88,88
6166,8.6,1,2,0,75,3.9,Yes,Yes,76,61,Placed,55,62
6167,8.4,2,3,2,90,4.6,Yes,Yes,83,84,Placed,82,83
6168,6.5,0,3,0,81,3.8,No,Yes,59,69,NotPlaced,62,68
6169,6.9,1,1,1,70,4.5,No,No,65,72,NotPlaced,62,68
6170,7.7,1,3,2,76,4.8,No,Yes,68,87,Placed,71,75
6171,8.3,2,1,1,77,4.1,Yes,Yes,72,68,NotPlaced,51,59
6172,8.4,1,3,2,90,4.5,Yes,Yes,77,87,Placed,66,71
6173,7.6,1,1,0,79,3.7,No,Yes,55,65,Placed,59,65
6174,8.6,0,3,2,90,4.8,Yes,No,81,85,Placed,45,54
6175,8.2,0,3,0,87,4.8,Yes,Yes,77,83,Placed,70,74
6176,6.5,1,1,2,85,4.5,Yes,Yes,73,67,Placed,61,66
6177,7.7,2,2,2,90,4.8,Yes,Yes,90,84,Placed,62,68
6178,7.6,1,1,2,85,4.3,No,Yes,60,87,Placed,46,55
6179,7.7,1,3,2,90,4.5,No,Yes,72,88,Placed,88,89
6180,7.6,2,1,1,66,3.7,No,No,64,71,NotPlaced,78,80
6181,8.7,1,2,1,76,4.2,Yes,Yes,75,86,Placed,79,81
6182,6.5,0,2,2,66,4.0,Yes,Yes,61,65,NotPlaced,60,66
6183,7.6,1,1,0,67,3.6,No,Yes,56,68,NotPlaced,39,49
6184,7.9,1,3,1,82,4.5,Yes,Yes,77,81,Placed,94,93
6185,7.6,1,2,1,79,4.3,No,Yes,75,72,NotPlaced,64,69
6186,7.6,1,3,0,70,3.9,Yes,Yes,85,67,NotPlaced,53,61
6187,8.3,1,2,1,72,4.7,No,Yes,55,71,NotPlaced,71,75
6188,8.8,1,3,2,90,4.8,Yes,Yes,81,84,Placed,82,84
6189,7.6,1,1,1,76,4.0,No,Yes,83,68,NotPlaced,64,69
6190,7.8,1,1,1,83,4.2,Yes,Yes,64,66,NotPlaced,84,85
6191,7.5,1,2,0,80,4.3,No,No,76,71,NotPlaced,81,82
6192,6.8,0,3,0,70,3.9,Yes,Yes,61,67,NotPlaced,48,57
6193,8.4,1,3,0,85,4.6,Yes,Yes,82,80,Placed,54,61
6194,8.6,1,3,2,90,4.7,Yes,Yes,84,84,Placed,79,81
6195,8.1,2,3,2,90,4.5,Yes,Yes,80,85,Placed,24,37
6196,7.7,1,2,1,68,4.5,No,Yes,56,63,NotPlaced,62,68
6197,6.5,0,1,0,76,4.0,No,No,58,67,NotPlaced,43,52
6198,7.7,1,1,0,72,4.1,No,No,62,65,Placed,57,64
6199,7.1,2,1,1,81,4.6,Yes,Yes,77,83,NotPlaced,60,66
6200,7.7,2,3,2,76,4.8,Yes,Yes,70,85,Placed,59,65
6201,6.5,2,1,0,76,3.7,Yes,Yes,61,73,NotPlaced,56,63
6202,6.7,0,1,1,64,4.4,No,Yes,57,70,NotPlaced,48,56
6203,8.3,0,3,1,87,3.8,Yes,Yes,55,66,Placed,99,97
6204,8.6,0,3,0,82,4.6,Yes,Yes,75,88,Placed,93,92
6205,8.4,1,3,1,75,4.8,Yes,Yes,79,68,NotPlaced,47,56
6206,8.3,1,1,2,82,4.3,Yes,No,55,83,NotPlaced,88,88
6207,8.4,0,3,2,86,4.8,Yes,Yes,75,86,Placed,59,65
6208,8.5,2,1,2,85,4.7,No,Yes,75,84,Placed,66,71
6209,6.8,0,1,0,70,3.9,No,Yes,78,68,NotPlaced,64,69
6210,7.7,2,2,1,81,4.8,Yes,No,81,86,Placed,55,62
6211,7.4,1,3,0,82,4.1,Yes,Yes,77,87,Placed,79,81
6212,8.7,2,3,2,90,4.8,Yes,Yes,88,84,Placed,66,71
6213,7.7,1,3,0,89,4.6,Yes,Yes,80,83,Placed,57,64
6214,7.4,1,1,1,76,4.0,Yes,Yes,55,62,NotPlaced,45,54
6215,8.6,1,2,2,73,4.8,Yes,No,76,82,Placed,51,59
6216,8.0,1,2,1,73,3.8,No,Yes,60,66,NotPlaced,40,50
6217,7.4,0,1,0,65,4.2,No,No,64,67,NotPlaced,65,70
6218,8.1,1,1,0,86,3.8,No,No,78,68,NotPlaced,47,55
6219,6.8,1,1,0,74,4.0,No,No,66,69,NotPlaced,61,66
6220,7.8,0,3,0,70,4.6,Yes,Yes,70,66,Placed,85,86
6221,7.6,1,1,1,71,4.5,Yes,No,61,72,Placed,82,84
6222,7.8,1,3,1,79,4.2,No,No,81,70,NotPlaced,64,69
6223,8.4,2,3,2,89,4.5,Yes,Yes,82,83,Placed,63,68
6224,6.8,1,2,0,74,4.3,No,Yes,55,67,NotPlaced,93,92
6225,7.5,1,1,2,68,3.9,Yes,Yes,80,78,NotPlaced,72,76
6226,7.4,1,2,1,75,4.6,No,Yes,55,66,NotPlaced,60,66
6227,6.6,1,1,2,72,4.8,No,No,65,66,NotPlaced,43,52
6228,7.5,1,2,1,65,4.1,No,No,58,64,NotPlaced,70,74
6229,7.7,2,3,0,73,4.6,Yes,No,79,57,NotPlaced,77,79
6230,7.0,1,3,0,74,4.6,Yes,Yes,77,67,NotPlaced,55,62
6231,7.6,1,1,1,65,3.5,No,No,55,58,NotPlaced,69,73
6232,7.7,1,1,2,80,4.5,Yes,Yes,81,83,NotPlaced,59,65
6233,8.6,1,2,2,90,4.8,Yes,Yes,80,87,Placed,62,67
6234,6.5,1,1,1,68,3.9,No,Yes,55,73,NotPlaced,27,40
6235,7.3,2,3,2,90,4.3,Yes,Yes,74,72,NotPlaced,61,67
6236,7.8,1,2,0,81,4.1,No,Yes,55,79,Placed,79,81
6237,7.8,1,3,0,82,3.9,No,No,55,83,NotPlaced,55,62
6238,7.4,1,2,0,78,4.1,No,Yes,71,66,NotPlaced,65,70
6239,8.5,2,3,2,83,4.8,Yes,Yes,76,83,Placed,53,60
6240,8.1,1,3,2,82,4.8,Yes,Yes,80,68,Placed,70,74
6241,8.6,2,2,2,81,4.6,Yes,Yes,83,84,Placed,61,67
6242,8.2,1,1,1,73,3.9,Yes,No,59,71,NotPlaced,50,58
6243,7.4,1,1,1,84,4.1,No,Yes,55,70,NotPlaced,84,85
6244,7.4,1,2,1,83,3.9,No,Yes,58,64,NotPlaced,78,81
6245,8.1,2,3,2,83,4.6,Yes,Yes,83,85,Placed,55,62
6246,8.4,2,3,0,90,4.2,Yes,Yes,82,85,Placed,72,75
6247,8.2,1,3,1,88,4.5,Yes,Yes,80,86,Placed,73,76
6248,8.2,0,2,2,78,4.1,Yes,No,55,63,NotPlaced,74,77
6249,8.1,2,3,2,89,4.5,Yes,Yes,87,88,Placed,39,49
6250,7.5,1,1,0,68,4.1,No,No,55,60,NotPlaced,80,82
6251,7.5,0,1,1,71,4.5,No,Yes,55,67,NotPlaced,56,63
6252,8.2,0,3,2,87,4.8,Yes,No,75,88,Placed,59,65
6253,7.6,0,1,0,80,3.9,No,No,60,71,NotPlaced,100,100
6254,7.5,1,2,0,81,3.6,Yes,Yes,71,87,Placed,69,73
6255,6.6,0,1,1,60,3.9,No,No,64,63,NotPlaced,59,65
6256,6.6,1,1,0,61,3.0,No,No,67,70,NotPlaced,31,43
6257,8.4,1,3,2,83,4.8,Yes,Yes,71,81,NotPlaced,85,86
6258,8.7,2,3,0,80,4.7,Yes,Yes,80,74,Placed,44,53
6259,7.5,0,1,0,72,4.0,No,Yes,55,87,NotPlaced,49,57
6260,7.4,1,2,2,69,3.8,No,Yes,57,67,NotPlaced,60,66
6261,7.0,0,1,0,62,4.7,No,Yes,57,72,NotPlaced,86,86
6262,8.0,1,2,2,87,4.6,Yes,Yes,70,69,Placed,76,79
6263,8.2,0,1,2,79,4.4,No,Yes,80,73,Placed,62,68
6264,7.8,2,1,1,71,4.3,Yes,Yes,69,68,Placed,69,73
6265,7.5,1,1,1,70,4.1,Yes,Yes,56,63,NotPlaced,55,62
6266,8.7,0,3,0,72,4.7,No,No,55,66,NotPlaced,67,71
6267,7.6,1,1,0,73,3.1,No,Yes,55,61,NotPlaced,66,70
6268,7.6,1,1,1,85,4.3,No,Yes,77,70,NotPlaced,79,81
6269,6.5,2,2,1,61,3.5,No,No,59,67,NotPlaced,79,81
6270,6.5,0,2,0,69,4.5,No,No,64,69,NotPlaced,72,75
6271,7.4,1,1,0,65,3.7,No,Yes,81,82,NotPlaced,59,65
6272,7.5,1,1,0,67,4.2,No,No,55,71,NotPlaced,76,78
6273,8.5,2,3,2,90,4.8,Yes,Yes,77,88,Placed,63,68
6274,8.0,2,3,2,90,4.2,Yes,Yes,73,87,Placed,48,57
6275,8.2,2,3,2,90,4.8,Yes,Yes,77,88,Placed,58,65
6276,7.7,1,2,0,82,4.1,No,Yes,57,68,NotPlaced,66,71
6277,8.5,2,3,2,90,4.8,Yes,No,75,85,Placed,78,80
6278,8.0,0,3,1,83,3.7,No,Yes,59,81,NotPlaced,62,67
6279,7.2,0,2,1,77,4.0,No,Yes,55,64,NotPlaced,46,55
6280,7.6,1,3,0,90,4.8,Yes,Yes,84,86,Placed,65,70
6281,7.7,1,2,0,75,4.5,No,Yes,67,67,NotPlaced,66,71
6282,7.5,2,1,0,72,3.6,No,Yes,61,60,NotPlaced,67,72
6283,7.6,1,1,0,78,4.8,Yes,Yes,67,73,NotPlaced,78,81
6284,7.4,0,1,2,79,3.5,No,Yes,55,66,NotPlaced,80,82
6285,6.5,1,1,0,78,3.6,No,Yes,78,72,NotPlaced,56,62
6286,6.5,1,1,1,70,3.3,No,Yes,55,60,NotPlaced,55,62
6287,7.0,1,1,1,70,4.0,No,No,60,58,NotPlaced,49,57
6288,8.1,1,1,0,76,3.4,No,Yes,70,62,Placed,75,78
6289,8.1,2,3,2,84,4.1,Yes,Yes,87,85,Placed,86,87
6290,7.8,1,2,1,76,4.4,No,Yes,58,66,Placed,60,66
6291,7.3,1,1,3,83,4.5,Yes,Yes,64,76,Placed,61,67
6292,6.5,1,1,0,86,3.9,No,Yes,55,65,NotPlaced,87,87
6293,6.5,1,1,1,73,3.9,No,No,58,60,NotPlaced,72,76
6294,7.8,1,3,2,83,4.8,Yes,Yes,88,83,Placed,71,75
6295,7.5,1,3,1,78,4.3,No,Yes,55,64,NotPlaced,47,55
6296,6.5,1,1,0,69,3.9,No,No,60,72,NotPlaced,75,78
6297,7.6,1,2,1,90,3.8,Yes,Yes,72,65,NotPlaced,51,58
6298,8.2,1,2,1,77,4.5,Yes,Yes,71,80,NotPlaced,47,56
6299,8.4,2,1,1,87,4.2,Yes,Yes,76,78,NotPlaced,59,65
6300,8.1,2,2,0,72,4.2,No,Yes,55,68,Placed,56,62
6301,8.0,1,1,0,75,3.6,Yes,Yes,78,83,Placed,61,67
6302,7.5,2,3,2,85,4.3,Yes,No,78,81,NotPlaced,43,52
6303,8.4,0,3,2,80,4.8,Yes,Yes,86,85,Placed,79,81
6304,8.4,2,3,2,90,4.8,Yes,Yes,73,84,Placed,81,83
6305,7.5,1,3,0,83,4.6,Yes,Yes,81,80,NotPlaced,35,46
6306,8.2,2,3,2,90,4.8,Yes,Yes,89,82,Placed,79,81
6307,7.6,1,3,0,75,3.9,No,Yes,78,83,Placed,52,60
6308,8.9,1,3,2,90,4.3,Yes,Yes,66,83,Placed,77,80
6309,6.6,2,2,0,80,4.8,Yes,Yes,57,84,NotPlaced,63,69
6310,8.1,2,3,2,90,4.8,Yes,Yes,73,85,Placed,65,70
6311,6.8,1,1,0,60,4.0,No,Yes,64,66,NotPlaced,62,67
6312,7.7,0,1,1,67,3.8,No,No,55,63,NotPlaced,83,84
6313,7.4,1,1,0,68,4.4,No,No,56,64,NotPlaced,46,55
6314,8.5,2,3,2,90,4.7,Yes,Yes,84,87,Placed,74,77
6315,7.3,0,1,0,78,3.3,No,No,60,67,NotPlaced,81,83
6316,8.1,0,3,0,88,4.7,Yes,No,88,86,Placed,75,78
6317,6.5,1,1,1,60,4.0,No,No,62,69,NotPlaced,99,97
6318,6.5,1,1,0,72,4.2,No,Yes,72,64,NotPlaced,57,63
6319,7.7,0,1,1,83,3.7,No,Yes,55,69,NotPlaced,79,81
6320,6.5,1,1,0,87,4.3,No,No,55,74,NotPlaced,63,68
6321,7.0,1,1,0,86,4.0,No,Yes,55,83,Placed,83,84
6322,8.0,0,3,2,74,4.7,Yes,Yes,77,88,Placed,64,69
6323,7.7,2,1,0,74,3.6,Yes,Yes,69,70,NotPlaced,59,65
6324,7.3,1,1,1,79,3.4,No,Yes,55,68,NotPlaced,84,85
6325,8.3,1,1,1,70,4.3,No,No,58,70,NotPlaced,57,64
6326,6.7,1,1,2,80,4.4,No,Yes,55,64,Placed,43,53
6327,8.0,0,0,1,85,4.8,Yes,Yes,67,83,NotPlaced,57,63
6328,7.6,0,1,0,72,4.0,No,Yes,55,73,NotPlaced,74,77
6329,7.6,1,2,1,86,4.2,No,No,55,70,NotPlaced,85,86
6330,7.7,1,1,3,71,3.6,Yes,No,62,84,NotPlaced,66,71
6331,7.5,1,1,3,79,4.5,Yes,No,56,71,NotPlaced,84,85
6332,8.6,1,3,3,81,3.9,Yes,Yes,75,84,Placed,44,53
6333,7.6,1,2,2,81,4.7,Yes,Yes,57,65,Placed,58,64
6334,7.5,0,2,0,69,4.3,No,No,55,70,NotPlaced,60,66
6335,7.6,1,2,1,75,4.1,Yes,Yes,64,67,NotPlaced,63,68
6336,7.0,1,1,1,73,4.3,Yes,Yes,62,57,NotPlaced,66,71
6337,7.8,1,2,2,90,4.8,Yes,Yes,81,80,Placed,75,78
6338,8.5,2,3,2,90,4.8,Yes,No,78,81,Placed,58,64
6339,8.1,1,2,0,80,4.0,Yes,Yes,74,79,Placed,67,71
6340,6.5,1,3,2,78,4.3,Yes,Yes,55,82,NotPlaced,64,69
6341,8.5,1,3,2,88,4.6,Yes,Yes,84,86,Placed,51,58
6342,7.4,1,2,2,84,4.2,Yes,Yes,55,86,NotPlaced,63,68
6343,7.8,1,2,1,84,4.7,Yes,No,80,78,NotPlaced,62,68
6344,7.5,1,2,0,66,3.8,No,No,64,67,NotPlaced,62,68
6345,8.4,1,3,2,90,4.8,Yes,No,77,82,NotPlaced,65,70
6346,8.1,1,3,0,61,3.9,No,Yes,61,68,NotPlaced,66,70
6347,6.8,1,2,0,82,4.4,Yes,Yes,77,62,Placed,58,64
6348,7.7,1,1,0,85,3.9,No,No,57,59,Placed,84,85
6349,8.6,2,3,2,88,4.7,Yes,Yes,73,84,NotPlaced,47,55
6350,7.6,1,1,1,82,4.0,Yes,Yes,59,67,NotPlaced,54,61
6351,7.9,1,3,2,80,4.8,Yes,Yes,89,86,Placed,100,100
6352,8.7,0,2,0,81,4.7,Yes,Yes,57,83,Placed,49,57
6353,7.4,0,1,0,82,4.1,No,Yes,58,69,NotPlaced,44,53
6354,6.7,0,1,0,79,4.2,No,No,62,67,NotPlaced,76,78
6355,7.3,1,1,0,74,3.7,No,No,62,65,NotPlaced,33,45
6356,8.2,1,3,2,90,4.4,Yes,Yes,82,85,NotPlaced,61,67
6357,7.6,0,1,1,70,3.9,No,No,71,63,Placed,97,95
6358,7.6,1,1,1,77,4.2,No,Yes,59,71,NotPlaced,41,51
6359,6.7,1,1,0,90,4.3,No,No,80,82,Placed,35,46
6360,8.3,1,2,0,81,3.6,Yes,Yes,81,84,NotPlaced,42,52
6361,6.5,1,2,0,79,4.4,No,Yes,58,74,Placed,78,80
6362,8.0,1,3,2,90,4.8,Yes,Yes,76,84,Placed,81,83
6363,8.8,2,3,2,90,4.8,Yes,Yes,72,86,Placed,57,63
6364,8.4,0,3,0,90,4.3,Yes,No,59,66,Placed,75,78
6365,7.9,1,2,0,74,4.1,No,Yes,55,72,NotPlaced,85,86
6366,7.6,0,2,1,80,4.6,Yes,Yes,72,83,NotPlaced,91,91
6367,7.3,0,1,0,85,4.2,No,Yes,73,68,NotPlaced,61,67
6368,6.7,1,3,1,78,4.1,Yes,Yes,55,82,Placed,30,42
6369,7.6,1,2,0,82,4.2,No,Yes,56,70,NotPlaced,52,60
6370,7.3,0,2,0,83,4.2,No,Yes,71,66,NotPlaced,58,64
6371,8.5,2,3,0,82,4.4,Yes,Yes,87,83,Placed,61,66
6372,8.7,1,3,2,90,4.8,Yes,Yes,77,79,Placed,62,67
6373,7.7,1,3,0,81,4.8,Yes,Yes,79,85,Placed,81,83
6374,6.5,1,1,0,65,4.1,No,No,58,70,NotPlaced,84,85
6375,8.2,1,3,2,90,4.8,Yes,Yes,78,83,Placed,62,67
6376,6.5,0,1,0,74,3.5,No,Yes,55,71,Placed,81,83
6377,7.5,1,1,0,79,4.3,No,No,58,70,NotPlaced,70,74
6378,7.4,1,1,1,67,3.1,No,Yes,55,63,NotPlaced,65,70
6379,8.1,1,3,0,82,4.4,Yes,Yes,69,83,NotPlaced,78,80
6380,7.6,0,2,0,74,4.0,Yes,Yes,62,63,Placed,66,70
6381,6.6,1,1,1,60,3.3,No,No,56,66,NotPlaced,95,94
6382,7.4,1,2,0,84,4.1,No,Yes,55,64,NotPlaced,43,52
6383,8.9,2,3,2,80,4.4,Yes,Yes,64,74,Placed,57,63
6384,6.5,1,2,1,70,3.9,Yes,Yes,74,85,NotPlaced,63,68
6385,8.4,2,3,2,90,4.7,Yes,Yes,77,84,Placed,71,75
6386,8.2,2,3,2,87,4.7,Yes,Yes,86,71,Placed,84,85
6387,6.5,0,1,0,69,4.4,No,No,57,66,NotPlaced,64,69
6388,7.0,1,3,0,82,4.7,Yes,Yes,60,67,Placed,43,52
6389,6.5,2,2,0,77,3.8,No,No,59,57,Placed,77,80
6390,6.5,1,1,0,86,3.4,No,Yes,59,65,NotPlaced,76,79
6391,8.6,1,1,1,83,3.0,No,No,55,72,NotPlaced,35,46
6392,8.2,1,3,2,87,4.6,Yes,Yes,65,85,Placed,64,69
6393,7.5,1,1,0,64,3.5,No,No,74,67,NotPlaced,41,50
6394,7.4,1,1,0,67,4.4,No,Yes,60,61,NotPlaced,55,62
6395,7.4,1,1,0,71,3.9,No,No,57,72,NotPlaced,51,59
6396,8.6,2,3,2,86,4.3,Yes,Yes,77,86,Placed,77,79
6397,6.7,1,2,1,81,3.8,No,No,61,65,NotPlaced,66,71
6398,8.6,2,3,2,76,4.8,Yes,Yes,68,80,NotPlaced,45,54
6399,7.7,2,2,0,71,4.3,Yes,Yes,79,81,Placed,78,80
6400,6.5,2,2,0,79,4.1,Yes,No,57,64,NotPlaced,43,52
6401,6.5,1,1,1,82,3.9,No,Yes,57,70,NotPlaced,69,73
6402,8.2,1,3,2,83,4.5,Yes,Yes,76,85,Placed,52,60
6403,7.7,0,3,0,74,4.2,Yes,Yes,74,81,Placed,59,65
6404,8.0,2,3,2,71,4.1,Yes,Yes,77,83,NotPlaced,72,76
6405,6.5,0,2,1,87,4.8,Yes,Yes,74,88,Placed,72,76
6406,7.7,1,2,2,78,4.2,Yes,Yes,69,76,Placed,85,86
6407,8.1,1,2,3,85,4.6,Yes,Yes,55,63,NotPlaced,63,69
6408,6.8,1,1,0,74,4.3,No,Yes,61,68,NotPlaced,69,73
6409,7.9,1,1,2,80,4.1,Yes,Yes,76,83,NotPlaced,58,64
6410,7.5,0,2,0,72,4.3,No,No,56,71,NotPlaced,67,72
6411,7.4,0,2,1,80,4.1,No,No,66,64,NotPlaced,71,75
6412,6.9,1,1,1,75,3.7,No,Yes,65,66,NotPlaced,63,68
6413,7.5,1,1,0,67,3.8,No,No,66,59,NotPlaced,37,48
6414,7.9,2,3,2,90,4.7,Yes,Yes,88,83,Placed,69,73
6415,7.9,2,3,2,90,4.3,Yes,Yes,83,84,Placed,70,74
6416,8.2,0,2,1,83,4.8,No,Yes,71,65,NotPlaced,54,61
6417,7.6,1,3,2,75,4.3,Yes,No,55,64,NotPlaced,45,54
6418,8.3,1,3,1,88,4.8,Yes,Yes,79,86,Placed,87,87
6419,9.0,0,1,1,70,3.5,Yes,No,56,61,Placed,72,75
6420,7.7,0,1,1,75,3.6,Yes,Yes,56,65,NotPlaced,61,67
6421,8.2,0,3,0,84,4.6,Yes,Yes,71,84,NotPlaced,47,56
6422,7.4,1,1,0,83,4.4,No,Yes,55,71,NotPlaced,52,60
6423,8.2,1,3,0,90,4.7,Yes,Yes,55,70,Placed,84,85
6424,8.1,1,3,2,82,4.3,Yes,Yes,76,65,Placed,67,71
6425,8.2,2,3,2,90,4.8,Yes,Yes,77,86,NotPlaced,56,63
6426,7.7,1,1,0,78,3.2,No,No,55,59,NotPlaced,72,76
6427,7.4,1,3,1,85,3.7,Yes,Yes,64,70,Placed,52,60
6428,8.2,2,3,2,90,4.8,Yes,Yes,85,83,Placed,87,88
6429,8.3,0,3,2,84,4.4,Yes,Yes,76,88,Placed,85,86
6430,8.5,1,1,2,77,4.6,No,Yes,55,82,Placed,58,64
6431,8.4,2,3,3,90,4.8,Yes,No,66,71,NotPlaced,55,62
6432,8.1,1,3,2,88,4.8,Yes,Yes,80,82,NotPlaced,25,38
6433,6.5,1,3,0,77,4.4,No,No,55,70,NotPlaced,42,52
6434,6.5,1,1,0,70,3.8,No,Yes,59,68,Placed,44,53
6435,7.6,0,1,0,67,3.8,No,No,60,69,NotPlaced,67,71
6436,6.5,1,1,1,73,3.4,No,No,55,65,NotPlaced,60,66
6437,8.3,1,3,2,79,4.4,Yes,No,70,86,NotPlaced,44,53
6438,7.2,2,2,0,88,4.8,No,Yes,55,65,NotPlaced,60,66
6439,7.9,2,3,2,90,4.7,Yes,Yes,87,83,Placed,72,76
6440,8.3,1,3,2,89,4.4,Yes,Yes,63,81,Placed,72,76
6441,7.7,0,2,0,72,3.6,No,Yes,55,66,NotPlaced,36,47
6442,8.9,2,3,2,85,4.8,Yes,Yes,81,79,Placed,63,68
6443,8.6,0,3,1,87,4.6,Yes,Yes,72,85,NotPlaced,44,53
6444,7.4,1,1,1,71,3.3,No,No,55,62,NotPlaced,78,80
6445,9.0,2,3,3,83,4.8,Yes,Yes,76,87,Placed,76,79
6446,6.5,1,3,0,80,4.3,Yes,Yes,82,68,NotPlaced,51,59
6447,7.7,1,2,0,71,4.0,Yes,Yes,57,70,NotPlaced,53,60
6448,7.6,1,2,0,88,4.7,No,Yes,83,86,Placed,58,64
6449,7.3,1,1,1,70,4.5,No,Yes,68,73,NotPlaced,31,42
6450,8.5,1,3,3,87,4.3,Yes,Yes,79,85,Placed,70,74
6451,8.3,1,3,2,86,4.8,Yes,No,70,80,NotPlaced,60,66
6452,8.4,2,3,2,90,4.6,Yes,Yes,74,80,NotPlaced,79,81
6453,6.5,0,1,1,80,3.7,No,Yes,67,68,Placed,48,56
6454,8.1,1,1,0,69,4.0,No,Yes,55,70,NotPlaced,55,62
6455,8.6,2,3,1,90,4.8,Yes,Yes,77,84,Placed,42,51
6456,7.6,1,1,1,68,4.3,Yes,Yes,64,71,NotPlaced,49,57
6457,8.7,1,2,1,74,4.2,Yes,Yes,55,80,Placed,47,55
6458,6.5,1,2,0,74,4.1,No,Yes,55,59,NotPlaced,79,81
6459,7.4,2,3,2,80,4.6,Yes,Yes,79,73,NotPlaced,54,61
6460,7.4,1,1,1,71,4.3,Yes,Yes,63,69,NotPlaced,66,71
6461,8.5,1,2,3,80,4.3,Yes,Yes,55,86,NotPlaced,59,65
6462,8.3,2,3,2,83,4.2,Yes,Yes,76,86,NotPlaced,45,54
6463,8.4,2,3,1,76,4.8,Yes,Yes,56,80,NotPlaced,62,67
6464,6.7,1,3,0,87,4.4,Yes,Yes,69,67,NotPlaced,73,77
6465,7.4,1,1,0,70,3.1,No,No,68,64,NotPlaced,46,55
6466,8.1,1,3,0,72,4.0,Yes,Yes,72,65,Placed,77,79
6467,7.6,1,1,0,83,4.8,Yes,Yes,79,79,NotPlaced,52,59
6468,7.0,1,3,0,84,4.8,Yes,Yes,72,84,Placed,57,64
6469,7.5,1,3,0,80,4.0,Yes,Yes,79,83,NotPlaced,72,76
6470,7.7,0,1,1,90,4.4,No,Yes,80,64,NotPlaced,55,62
6471,8.1,2,3,2,86,3.8,Yes,Yes,71,84,Placed,65,70
6472,8.1,0,2,1,79,4.3,No,Yes,58,78,NotPlaced,60,66
6473,7.8,2,3,3,80,4.4,Yes,Yes,61,84,Placed,66,71
6474,8.4,1,3,0,88,4.7,Yes,Yes,72,85,Placed,29,41
6475,6.8,1,1,0,90,4.5,No,Yes,73,57,NotPlaced,37,48
6476,8.4,1,3,2,77,4.5,Yes,Yes,68,83,Placed,74,77
6477,8.5,2,3,2,90,4.8,Yes,Yes,85,84,Placed,80,82
6478,8.3,1,3,1,82,4.4,Yes,Yes,72,81,Placed,51,59
6479,7.5,1,3,2,90,4.8,Yes,Yes,67,88,Placed,61,67
6480,7.5,0,3,0,88,4.4,Yes,Yes,67,86,NotPlaced,69,73
6481,8.2,1,3,2,81,4.3,Yes,Yes,82,84,Placed,75,78
6482,7.4,1,1,0,71,4.7,No,Yes,55,62,NotPlaced,34,45
6483,7.4,1,1,0,64,4.2,No,Yes,56,71,NotPlaced,51,59
6484,6.5,0,1,1,60,4.1,No,No,55,66,NotPlaced,60,66
6485,7.6,1,1,1,70,3.8,No,Yes,55,69,Placed,75,78
6486,8.4,1,3,2,90,4.8,Yes,Yes,76,84,Placed,100,99
6487,7.5,1,1,2,68,3.7,Yes,Yes,57,70,NotPlaced,61,67
6488,8.2,1,3,0,68,3.8,Yes,Yes,75,73,Placed,43,53
6489,6.8,0,2,0,80,4.3,Yes,No,55,64,Placed,71,74
6490,6.9,1,1,0,69,4.0,No,Yes,64,71,NotPlaced,84,85
6491,7.7,2,3,2,90,4.8,Yes,Yes,86,88,Placed,66,71
6492,8.2,1,1,2,79,4.8,Yes,Yes,61,58,NotPlaced,51,59
6493,8.0,0,2,0,76,3.8,No,Yes,55,65,NotPlaced,79,81
6494,8.4,1,2,1,76,4.0,Yes,Yes,55,84,Placed,74,77
6495,7.6,1,2,2,73,4.7,Yes,Yes,61,75,NotPlaced,49,57
6496,7.8,1,1,1,78,4.2,No,No,55,72,NotPlaced,70,74
6497,7.7,1,2,0,78,3.9,Yes,Yes,59,70,NotPlaced,79,81
6498,7.2,0,1,1,76,4.2,No,No,55,69,NotPlaced,82,84
6499,6.6,1,2,0,76,3.8,No,No,58,62,NotPlaced,64,69
6500,6.9,2,3,2,86,4.8,Yes,Yes,79,85,Placed,59,65
6501,7.9,0,1,1,69,3.6,Yes,Yes,76,63,NotPlaced,83,84
6502,8.4,2,3,0,90,4.8,Yes,Yes,88,80,Placed,46,55
6503,6.8,1,1,0,83,3.9,No,No,58,61,NotPlaced,71,75
6504,7.7,0,2,0,90,4.4,Yes,Yes,79,69,Placed,44,53
6505,7.6,1,1,0,77,4.4,No,Yes,63,66,NotPlaced,80,82
6506,8.2,2,2,2,78,4.0,No,No,65,63,NotPlaced,61,66
6507,7.7,1,1,0,74,4.5,No,No,84,67,NotPlaced,84,85
6508,7.1,1,1,1,76,4.3,No,Yes,78,71,NotPlaced,72,75
6509,8.4,1,1,1,74,3.7,No,Yes,55,72,Placed,46,55
6510,6.6,1,1,1,81,4.0,No,No,55,66,NotPlaced,86,87
6511,8.5,2,3,2,90,4.6,Yes,Yes,71,84,Placed,88,88
6512,8.8,2,3,2,90,4.7,Yes,Yes,84,86,Placed,78,80
6513,8.3,1,3,0,90,4.8,Yes,Yes,82,68,Placed,53,60
6514,7.7,1,1,0,78,3.9,No,Yes,69,72,NotPlaced,60,66
6515,6.5,0,3,0,77,4.0,Yes,No,62,71,NotPlaced,67,71
6516,7.5,2,1,1,80,4.3,No,Yes,72,64,NotPlaced,54,61
6517,7.9,1,3,2,88,4.6,Yes,Yes,84,85,Placed,90,90
6518,8.1,2,3,2,90,4.4,Yes,No,81,80,NotPlaced,67,71
6519,7.6,0,1,1,72,3.7,No,Yes,71,72,NotPlaced,24,37
6520,7.8,2,3,2,81,4.8,No,Yes,65,79,NotPlaced,70,74
6521,6.5,0,2,0,73,4.1,No,No,59,69,NotPlaced,59,65
6522,7.5,0,3,0,89,3.9,No,Yes,77,76,Placed,63,69
6523,6.5,2,3,2,66,4.7,Yes,No,67,65,NotPlaced,59,65
6524,7.4,1,2,0,81,4.3,No,Yes,71,69,NotPlaced,77,79
6525,7.9,1,2,0,75,3.9,No,Yes,62,73,NotPlaced,81,83
6526,6.7,0,3,1,88,4.1,Yes,No,60,84,NotPlaced,69,73
6527,8.1,2,3,2,90,4.8,Yes,Yes,80,87,Placed,59,65
6528,8.0,1,2,1,85,4.5,No,Yes,66,71,NotPlaced,64,69
6529,7.5,0,2,1,82,4.8,Yes,Yes,66,71,Placed,65,70
6530,7.6,1,3,1,74,4.3,Yes,Yes,68,64,Placed,52,60
6531,8.4,2,3,2,88,4.5,Yes,Yes,73,83,Placed,73,76
6532,7.5,1,2,0,64,3.4,No,Yes,55,68,NotPlaced,71,75
6533,7.3,1,1,0,65,3.3,No,Yes,61,74,NotPlaced,88,88
6534,7.6,1,1,1,66,3.6,No,Yes,67,65,NotPlaced,83,85
6535,7.5,1,2,0,81,4.3,No,Yes,66,66,NotPlaced,54,61
6536,7.9,1,3,2,83,4.8,Yes,Yes,58,81,NotPlaced,77,79
6537,8.6,1,2,2,81,4.3,Yes,Yes,79,84,Placed,50,58
6538,6.8,1,1,1,81,4.2,No,Yes,55,64,NotPlaced,75,78
6539,8.3,2,3,2,84,4.3,Yes,Yes,81,81,NotPlaced,57,63
6540,7.5,1,2,1,74,4.2,Yes,No,76,80,NotPlaced,49,57
6541,7.2,1,1,0,71,3.8,No,Yes,62,59,NotPlaced,69,73
6542,7.6,1,3,3,82,4.8,Yes,No,79,83,NotPlaced,24,37
6543,8.6,2,3,2,90,4.8,Yes,Yes,81,82,Placed,38,48
6544,6.5,1,2,1,68,4.5,Yes,Yes,69,71,NotPlaced,62,67
6545,8.0,1,1,2,86,4.6,Yes,Yes,77,84,NotPlaced,66,70
6546,8.4,0,2,1,70,4.0,Yes,No,75,64,NotPlaced,59,65
6547,7.4,1,2,0,70,4.1,Yes,No,77,69,NotPlaced,41,51
6548,7.7,0,1,0,82,4.7,Yes,Yes,62,68,NotPlaced,52,60
6549,7.1,0,2,2,89,4.2,Yes,Yes,61,76,Placed,70,74
6550,6.9,0,1,0,72,4.6,No,Yes,55,67,NotPlaced,73,76
6551,6.7,0,1,1,60,4.5,No,No,62,59,NotPlaced,64,69
6552,8.0,1,2,1,71,4.1,Yes,Yes,80,65,NotPlaced,82,83
6553,8.1,1,3,3,85,4.8,No,Yes,72,83,Placed,70,74
6554,8.5,1,3,2,78,4.8,Yes,Yes,76,84,Placed,53,61
6555,7.7,1,2,1,74,4.8,Yes,Yes,70,66,NotPlaced,60,66
6556,8.4,1,3,3,89,4.8,Yes,Yes,84,72,Placed,43,53
6557,7.1,1,2,2,74,4.3,Yes,Yes,55,66,NotPlaced,63,68
6558,6.9,0,2,0,71,4.0,No,Yes,55,71,NotPlaced,81,83
6559,8.3,2,3,2,90,4.8,Yes,Yes,68,81,NotPlaced,75,78
6560,8.3,2,3,2,86,4.8,Yes,Yes,78,83,Placed,86,86
6561,8.5,2,3,2,87,4.1,Yes,Yes,85,83,Placed,60,66
6562,6.5,1,1,2,74,4.7,Yes,Yes,66,67,NotPlaced,85,86
6563,8.6,2,3,2,90,4.8,Yes,Yes,88,87,Placed,62,67
6564,7.8,1,3,2,77,4.2,Yes,No,81,64,NotPlaced,87,87
6565,8.0,0,3,2,90,4.8,Yes,Yes,71,83,Placed,64,69
6566,8.3,2,3,2,90,4.8,Yes,Yes,75,85,Placed,75,78
6567,8.3,2,3,2,84,4.5,Yes,No,73,84,Placed,87,87
6568,7.7,2,3,0,90,4.7,Yes,No,88,78,NotPlaced,62,67
6569,6.5,1,1,0,73,3.6,No,No,61,72,NotPlaced,68,72
6570,8.7,2,3,2,88,4.8,Yes,Yes,72,88,Placed,84,85
6571,7.5,1,1,0,74,3.4,No,Yes,57,73,NotPlaced,63,68
6572,7.4,1,3,1,82,4.4,Yes,No,56,83,NotPlaced,45,54
6573,7.4,1,2,1,79,4.1,No,Yes,61,82,NotPlaced,97,95
6574,7.6,1,1,2,74,4.3,No,Yes,55,66,Placed,57,64
6575,8.2,0,3,2,90,4.4,Yes,Yes,67,88,Placed,67,71
6576,8.2,2,3,2,90,4.8,Yes,Yes,73,88,Placed,82,83
6577,8.8,0,3,2,77,4.5,Yes,Yes,83,82,Placed,55,62
6578,7.6,0,1,0,78,4.8,No,No,78,63,NotPlaced,49,57
6579,7.5,0,3,2,90,4.7,Yes,Yes,71,85,Placed,68,73
6580,7.8,1,2,1,74,4.3,No,No,55,68,NotPlaced,38,48
6581,8.4,1,3,0,80,4.7,Yes,Yes,71,87,Placed,60,66
6582,7.9,0,1,0,89,4.8,Yes,Yes,81,85,Placed,68,72
6583,7.6,0,2,2,90,4.6,Yes,Yes,85,77,Placed,60,66
6584,7.5,1,1,2,72,4.3,No,No,55,66,NotPlaced,41,51
6585,8.0,1,1,1,76,3.8,Yes,Yes,62,69,NotPlaced,88,89
6586,8.4,1,3,0,63,4.3,Yes,Yes,55,68,NotPlaced,66,71
6587,7.4,1,2,1,67,3.6,No,Yes,58,67,NotPlaced,86,87
6588,8.4,1,3,2,90,4.8,Yes,Yes,86,85,Placed,61,66
6589,7.5,1,1,1,71,4.0,Yes,No,59,69,NotPlaced,51,59
6590,8.2,1,1,1,88,4.8,No,Yes,68,77,Placed,69,73
6591,7.7,1,3,1,90,4.6,Yes,Yes,81,82,Placed,61,67
6592,8.3,1,2,2,85,4.6,Yes,Yes,75,88,Placed,47,55
6593,7.6,0,3,1,86,4.7,Yes,No,78,81,Placed,87,87
6594,8.6,2,2,2,87,4.8,Yes,Yes,80,83,Placed,55,62
6595,8.1,1,2,1,83,4.6,No,Yes,82,81,NotPlaced,37,47
6596,8.1,1,3,2,90,4.6,Yes,Yes,75,82,Placed,84,85
6597,8.5,1,3,2,85,4.3,Yes,Yes,72,84,Placed,57,63
6598,7.5,1,1,0,82,3.3,Yes,Yes,81,66,NotPlaced,55,62
6599,7.9,1,1,0,81,4.2,No,Yes,72,69,NotPlaced,38,48
6600,7.5,0,2,0,72,4.1,Yes,Yes,74,77,NotPlaced,91,90
6601,6.9,1,1,1,77,4.4,Yes,Yes,80,83,Placed,45,54
6602,7.5,1,3,1,77,4.8,No,Yes,69,73,Placed,65,70
6603,8.2,2,3,2,90,4.8,Yes,Yes,72,82,Placed,78,80
6604,7.6,1,2,1,73,3.9,No,No,81,64,NotPlaced,71,75
6605,8.3,1,3,2,90,4.6,Yes,Yes,85,84,Placed,64,69
6606,8.6,2,3,2,90,4.8,Yes,Yes,67,85,NotPlaced,39,49
6607,8.5,2,3,3,76,4.7,No,Yes,66,85,Placed,52,60
6608,7.9,2,2,0,90,3.6,Yes,Yes,69,71,NotPlaced,67,72
6609,8.5,1,3,2,90,4.8,Yes,Yes,85,85,NotPlaced,53,60
6610,7.0,1,1,0,69,4.1,No,No,65,57,NotPlaced,68,72
6611,7.7,0,3,2,87,4.8,Yes,Yes,80,86,Placed,75,78
6612,8.6,1,3,2,82,4.8,Yes,Yes,88,81,Placed,79,81
6613,8.1,1,3,0,90,4.5,No,Yes,59,83,NotPlaced,46,55
6614,7.7,1,2,0,79,4.7,Yes,Yes,79,66,Placed,97,96
6615,6.5,1,1,1,81,4.3,No,Yes,67,70,NotPlaced,76,79
6616,6.7,1,2,1,64,3.1,No,Yes,55,68,NotPlaced,64,69
6617,7.0,1,1,2,80,4.1,No,No,69,59,Placed,81,83
6618,8.6,1,3,2,90,4.7,Yes,Yes,77,80,Placed,100,98
6619,6.8,1,3,0,80,4.4,Yes,No,78,67,NotPlaced,43,52
6620,7.2,0,1,1,68,4.3,Yes,Yes,58,59,NotPlaced,61,67
6621,7.5,1,1,1,90,4.6,Yes,Yes,59,86,Placed,29,41
6622,7.0,1,1,0,71,4.1,No,Yes,56,73,NotPlaced,67,72
6623,8.6,1,2,0,85,4.2,No,Yes,71,67,Placed,70,74
6624,7.6,1,1,1,78,4.0,Yes,Yes,55,69,NotPlaced,64,69
6625,8.5,1,2,1,60,4.8,No,No,66,67,NotPlaced,55,62
6626,8.1,0,3,2,90,4.8,Yes,Yes,84,86,Placed,34,45
6627,8.4,1,2,2,72,4.0,Yes,Yes,75,79,Placed,70,74
6628,8.2,2,3,2,90,4.8,Yes,Yes,74,85,NotPlaced,86,87
6629,7.3,2,1,1,87,4.2,Yes,No,90,65,NotPlaced,56,62
6630,8.4,2,3,2,90,4.8,Yes,Yes,83,84,Placed,71,75
6631,7.3,1,1,1,76,4.5,No,Yes,55,74,NotPlaced,41,51
6632,7.4,0,2,0,85,4.4,No,No,89,69,NotPlaced,71,75
6633,6.6,1,2,0,79,3.6,No,No,55,67,NotPlaced,59,65
6634,8.6,1,2,1,67,4.0,Yes,Yes,55,67,NotPlaced,53,60
6635,8.7,1,2,2,86,4.8,Yes,Yes,89,85,Placed,53,60
6636,8.0,1,2,0,80,4.4,No,No,55,72,NotPlaced,59,65
6637,7.6,1,3,1,71,4.8,Yes,Yes,55,74,NotPlaced,70,74
6638,7.6,1,3,0,78,3.9,No,Yes,59,71,Placed,45,54
6639,8.2,1,3,1,82,4.0,Yes,Yes,55,66,NotPlaced,59,65
6640,7.5,1,2,0,65,4.4,No,No,55,62,NotPlaced,64,69
6641,8.3,2,3,2,88,4.4,Yes,Yes,81,86,Placed,48,56
6642,6.7,0,1,0,69,4.5,No,No,65,60,NotPlaced,91,91
6643,7.5,1,1,1,80,4.5,No,Yes,73,67,NotPlaced,52,59
6644,8.3,2,1,0,81,4.3,Yes,Yes,86,70,NotPlaced,54,61
6645,7.4,1,1,0,61,4.1,No,Yes,55,72,Placed,50,58
6646,8.2,2,3,0,83,4.3,Yes,Yes,84,87,Placed,91,91
6647,8.5,2,3,2,78,4.8,Yes,Yes,68,84,Placed,73,76
6648,8.3,1,2,1,77,4.2,No,Yes,67,84,NotPlaced,50,58
6649,6.7,1,1,0,78,3.7,No,Yes,77,83,NotPlaced,81,83
6650,8.1,1,3,2,88,4.2,Yes,Yes,75,88,NotPlaced,68,72
6651,8.4,1,3,3,75,4.7,Yes,Yes,76,79,NotPlaced,68,73
6652,8.0,1,1,0,82,3.3,No,No,78,80,NotPlaced,59,65
6653,8.2,1,0,0,85,4.8,No,Yes,72,66,Placed,53,61
6654,7.6,1,1,1,60,4.4,No,Yes,56,69,NotPlaced,70,74
6655,8.3,1,3,2,83,4.7,Yes,No,77,87,Placed,56,63
6656,8.0,1,1,0,83,4.8,No,Yes,61,68,NotPlaced,92,91
6657,7.5,1,1,1,81,4.0,No,No,56,63,NotPlaced,45,54
6658,7.8,1,2,0,90,4.8,Yes,Yes,84,84,NotPlaced,88,88
6659,8.5,1,1,1,71,4.0,Yes,Yes,59,83,NotPlaced,63,68
6660,7.8,2,1,2,83,4.3,Yes,Yes,77,70,NotPlaced,69,73
6661,7.8,1,2,1,67,4.4,Yes,Yes,70,77,NotPlaced,77,79
6662,7.6,2,3,0,81,3.9,Yes,Yes,68,80,Placed,55,62
6663,8.4,0,3,2,88,4.7,Yes,Yes,70,70,Placed,77,80
6664,7.4,1,3,1,78,4.3,No,Yes,71,62,NotPlaced,24,37
6665,7.4,1,1,0,69,4.3,Yes,Yes,60,83,Placed,54,61
6666,7.3,0,2,0,83,4.5,No,No,60,69,NotPlaced,51,58
6667,7.1,1,3,2,72,3.8,Yes,No,57,62,NotPlaced,46,54
6668,6.6,1,2,0,77,4.4,No,Yes,58,71,NotPlaced,61,67
6669,8.1,2,3,2,90,4.8,Yes,Yes,73,88,Placed,70,74
6670,8.5,2,3,2,90,4.8,Yes,No,80,87,Placed,75,78
6671,8.4,1,3,0,88,4.1,Yes,Yes,87,85,Placed,68,72
6672,8.3,2,1,0,79,4.0,Yes,Yes,62,67,Placed,55,62
6673,7.7,1,3,0,81,4.8,Yes,Yes,59,62,NotPlaced,70,74
6674,7.7,1,1,0,66,3.6,No,Yes,55,63,NotPlaced,66,71
6675,7.6,1,1,1,70,4.4,Yes,Yes,55,70,NotPlaced,79,81
6676,6.5,1,1,1,64,3.5,No,No,55,65,NotPlaced,76,79
6677,8.1,2,3,2,90,4.7,Yes,Yes,78,84,Placed,65,70
6678,8.6,2,3,1,88,4.8,Yes,Yes,71,83,Placed,51,59
6679,8.0,1,3,2,90,4.0,No,Yes,78,86,Placed,55,62
6680,8.5,2,3,2,85,4.8,Yes,Yes,73,83,Placed,56,63
6681,7.9,0,3,2,90,4.6,Yes,Yes,79,88,Placed,60,66
6682,8.0,0,3,2,79,4.6,Yes,No,82,82,Placed,69,73
6683,8.4,1,3,2,82,4.6,Yes,Yes,59,85,NotPlaced,75,78
6684,8.2,1,3,0,83,4.4,Yes,Yes,80,87,Placed,64,69
6685,8.4,1,3,2,86,4.4,Yes,No,79,76,NotPlaced,65,70
6686,8.6,1,3,2,90,4.8,No,Yes,78,83,NotPlaced,67,71
6687,7.4,1,1,0,72,4.3,No,No,64,63,NotPlaced,57,63
6688,7.9,1,3,0,77,4.1,Yes,Yes,73,82,NotPlaced,51,58
6689,7.6,2,3,2,89,4.7,Yes,Yes,80,83,Placed,38,48
6690,8.5,1,3,0,85,4.8,Yes,Yes,76,67,Placed,54,61
6691,8.3,2,3,2,86,4.8,Yes,Yes,81,80,Placed,72,75
6692,7.4,1,1,0,76,4.3,No,No,57,74,NotPlaced,54,61
6693,7.4,1,2,2,78,4.4,Yes,Yes,82,68,NotPlaced,61,67
6694,7.7,1,2,0,75,3.7,No,Yes,71,69,NotPlaced,71,75
6695,8.7,1,3,2,90,4.8,Yes,Yes,84,86,Placed,72,76
6696,8.2,0,3,2,85,4.8,Yes,Yes,83,79,Placed,48,57
6697,7.8,1,1,0,70,4.0,No,Yes,55,66,NotPlaced,79,81
6698,7.6,1,1,0,77,4.1,No,Yes,57,67,Placed,81,83
6699,8.2,2,3,2,90,4.7,Yes,Yes,78,84,Placed,48,56
6700,6.5,2,1,0,87,4.4,No,No,69,68,NotPlaced,52,60
6701,8.2,2,3,2,90,4.8,Yes,Yes,81,88,Placed,82,84
6702,8.6,0,1,0,66,4.4,No,Yes,56,72,NotPlaced,62,68
6703,7.8,2,3,2,90,4.8,Yes,Yes,76,88,Placed,31,43
6704,8.1,0,1,1,77,4.1,No,No,56,66,NotPlaced,44,53
6705,8.2,1,1,1,64,3.7,No,No,59,66,NotPlaced,61,67
6706,8.2,1,3,2,89,4.7,Yes,Yes,64,84,NotPlaced,47,56
6707,8.4,1,1,0,84,4.5,No,Yes,68,71,NotPlaced,58,65
6708,8.2,1,3,2,90,4.3,Yes,Yes,77,87,Placed,65,70
6709,8.5,2,2,0,83,4.7,Yes,Yes,80,87,NotPlaced,86,87
6710,8.1,2,1,2,80,4.2,Yes,No,75,80,Placed,60,66
6711,8.1,1,3,3,90,4.8,Yes,Yes,67,83,Placed,81,82
6712,7.8,1,1,1,72,4.2,No,Yes,58,68,NotPlaced,86,87
6713,8.3,2,1,0,89,4.6,No,No,74,77,Placed,86,87
6714,7.6,2,3,2,90,4.7,Yes,Yes,89,82,Placed,69,73
6715,8.4,1,3,3,78,4.7,Yes,Yes,77,83,NotPlaced,35,46
6716,8.7,0,3,2,87,4.2,Yes,Yes,76,85,Placed,71,75
6717,8.9,0,1,1,90,4.6,No,Yes,79,87,Placed,80,82
6718,8.1,1,1,0,77,4.4,Yes,No,66,67,NotPlaced,63,69
6719,8.3,0,3,0,87,4.5,Yes,Yes,83,70,Placed,91,90
6720,7.5,2,2,2,78,4.2,No,No,59,71,NotPlaced,77,80
6721,8.8,0,3,1,90,4.8,Yes,Yes,77,85,Placed,73,76
6722,7.4,2,1,2,75,4.4,Yes,No,64,66,NotPlaced,81,83
6723,8.5,2,3,2,89,4.8,Yes,Yes,78,82,Placed,70,74
6724,7.3,1,2,0,80,4.1,No,Yes,55,69,NotPlaced,27,40
6725,7.8,2,2,0,73,4.2,No,Yes,55,69,NotPlaced,57,64
6726,6.7,1,1,1,67,4.3,No,No,57,60,NotPlaced,82,84
6727,7.6,1,2,1,75,4.2,No,Yes,70,81,NotPlaced,52,60
6728,6.5,1,2,0,78,3.8,No,No,56,85,NotPlaced,61,67
6729,7.3,1,2,1,74,3.9,No,Yes,55,82,NotPlaced,49,57
6730,7.9,0,1,0,69,4.2,No,Yes,60,66,NotPlaced,91,91
6731,8.4,1,2,1,80,4.8,Yes,Yes,80,64,NotPlaced,90,90
6732,7.5,2,2,0,86,3.9,Yes,Yes,84,88,NotPlaced,51,59
6733,7.0,1,1,1,75,4.8,No,No,64,70,NotPlaced,67,71
6734,7.3,1,2,3,81,3.8,No,Yes,76,64,NotPlaced,54,61
6735,7.6,1,3,0,80,4.7,Yes,Yes,77,84,Placed,74,77
6736,7.9,0,1,0,78,4.4,Yes,Yes,77,73,NotPlaced,72,76
6737,6.6,1,1,0,73,4.2,No,No,64,70,NotPlaced,77,79
6738,7.7,1,3,2,74,3.6,Yes,Yes,78,64,NotPlaced,69,73
6739,7.6,1,2,0,80,4.0,No,Yes,78,73,NotPlaced,100,100
6740,7.6,2,3,3,77,4.1,No,Yes,76,57,Placed,49,57
6741,7.5,2,1,0,82,4.3,No,Yes,71,63,NotPlaced,39,49
6742,8.4,0,3,2,90,4.8,Yes,Yes,81,86,Placed,59,65
6743,7.8,1,2,0,80,3.8,No,Yes,64,60,Placed,41,51
6744,6.7,1,1,1,79,3.5,No,Yes,66,69,NotPlaced,42,52
6745,7.5,1,1,0,70,3.7,No,Yes,55,72,NotPlaced,49,57
6746,8.2,2,3,2,83,4.5,Yes,Yes,84,88,Placed,51,58
6747,7.6,1,1,1,79,4.2,Yes,No,55,87,NotPlaced,50,58
6748,7.8,1,3,2,77,4.7,Yes,Yes,83,77,Placed,72,76
6749,8.2,1,2,0,82,4.5,Yes,Yes,74,66,NotPlaced,57,63
6750,7.7,0,2,0,68,4.4,Yes,Yes,71,66,NotPlaced,62,67
6751,8.7,2,3,2,87,4.6,Yes,Yes,77,81,Placed,78,80
6752,8.3,2,3,1,83,4.5,Yes,Yes,60,63,Placed,53,60
6753,8.2,1,1,1,82,4.1,Yes,Yes,57,71,NotPlaced,61,66
6754,7.8,1,3,0,83,4.8,Yes,Yes,70,85,NotPlaced,70,74
6755,7.7,1,1,1,75,4.2,Yes,Yes,61,71,Placed,35,46
6756,8.2,2,3,2,90,4.8,Yes,Yes,84,88,Placed,29,41
6757,8.0,0,2,2,73,4.8,Yes,No,83,81,NotPlaced,70,74
6758,7.9,1,2,0,86,4.5,Yes,Yes,76,70,NotPlaced,72,75
6759,7.8,0,3,1,90,4.7,No,No,75,74,Placed,95,94
6760,7.6,2,3,0,90,4.8,Yes,Yes,78,88,Placed,67,71
6761,8.3,2,3,2,90,4.8,Yes,Yes,68,82,Placed,77,79
6762,7.4,0,2,0,81,3.8,Yes,Yes,72,73,NotPlaced,62,67
6763,7.4,1,2,2,77,4.1,No,No,55,71,Placed,69,73
6764,6.9,1,2,1,72,3.5,No,Yes,58,70,NotPlaced,90,90
6765,8.0,1,1,0,75,4.0,No,No,55,65,NotPlaced,33,44
6766,7.1,2,3,2,88,4.7,Yes,Yes,76,86,Placed,71,74
6767,8.6,1,3,2,83,4.8,Yes,Yes,77,77,Placed,97,95
6768,8.7,2,3,2,90,4.8,Yes,Yes,75,87,Placed,69,73
6769,8.3,1,2,0,70,4.3,Yes,Yes,72,81,NotPlaced,89,89
6770,7.9,1,3,3,77,4.3,No,No,60,74,NotPlaced,55,62
6771,8.0,1,3,2,79,3.7,Yes,Yes,80,86,Placed,64,69
6772,8.0,2,3,0,75,4.4,No,Yes,70,82,NotPlaced,65,70
6773,7.4,0,1,0,76,4.3,No,Yes,65,68,NotPlaced,31,43
6774,8.4,0,1,3,72,4.2,Yes,Yes,74,82,NotPlaced,47,55
6775,8.6,2,2,0,70,4.1,Yes,Yes,79,64,Placed,48,56
6776,7.7,2,3,2,90,4.8,Yes,Yes,80,83,Placed,77,79
6777,8.4,1,1,1,70,3.8,Yes,Yes,55,67,NotPlaced,78,80
6778,7.6,0,1,0,79,4.0,No,No,55,63,NotPlaced,69,73
6779,6.5,1,1,1,67,4.3,Yes,Yes,57,68,NotPlaced,77,79
6780,8.5,2,3,2,90,4.8,Yes,Yes,84,88,Placed,62,68
6781,7.0,2,3,2,84,4.8,Yes,Yes,79,82,Placed,83,84
6782,7.1,1,1,3,83,4.2,Yes,Yes,82,86,Placed,65,70
6783,7.7,0,1,2,83,4.4,Yes,Yes,56,61,Placed,65,70
6784,8.2,1,2,3,83,4.4,Yes,Yes,76,84,Placed,61,66
6785,7.4,1,2,2,74,4.5,Yes,Yes,78,83,NotPlaced,75,78
6786,8.5,0,3,0,89,4.7,Yes,Yes,83,80,Placed,58,64
6787,7.9,1,3,3,81,4.5,Yes,Yes,60,84,Placed,79,81
6788,7.8,2,3,2,90,4.8,Yes,Yes,87,87,Placed,48,56
6789,8.2,1,3,2,88,4.8,Yes,Yes,77,80,NotPlaced,48,56
6790,6.8,1,1,1,77,4.2,No,No,65,66,NotPlaced,75,78
6791,8.7,1,3,2,74,4.6,Yes,Yes,82,81,Placed,63,68
6792,6.7,0,1,0,63,3.4,No,No,69,69,NotPlaced,58,64
6793,7.6,1,2,0,84,4.4,Yes,Yes,72,86,Placed,78,80
6794,8.3,1,3,0,75,4.6,Yes,Yes,76,70,Placed,55,62
6795,7.9,1,1,1,62,3.9,No,No,62,57,NotPlaced,61,67
6796,7.6,0,3,2,83,4.8,No,Yes,76,71,Placed,85,86
6797,8.4,2,3,2,83,4.7,Yes,Yes,77,78,Placed,88,88
6798,7.5,1,1,0,68,3.6,No,Yes,67,66,NotPlaced,88,88
6799,7.9,1,1,1,81,4.7,No,No,55,66,NotPlaced,60,66
6800,7.8,1,2,0,79,4.0,Yes,Yes,55,69,NotPlaced,83,84
6801,7.6,1,1,0,77,4.0,No,Yes,58,73,NotPlaced,50,58
6802,8.4,2,3,2,88,4.8,Yes,Yes,70,84,Placed,51,59
6803,7.9,1,2,2,89,4.8,Yes,Yes,82,83,Placed,29,41
6804,6.5,1,3,1,83,4.8,Yes,Yes,78,69,NotPlaced,90,90
6805,7.3,1,1,1,71,3.8,No,Yes,57,57,NotPlaced,52,59
6806,7.8,1,2,1,80,4.2,Yes,Yes,57,82,NotPlaced,63,68
6807,8.1,1,3,2,90,4.8,Yes,Yes,74,82,Placed,51,59
6808,7.7,1,1,1,74,4.5,Yes,Yes,72,88,Placed,75,78
6809,8.1,0,1,1,76,3.3,No,No,56,65,NotPlaced,59,65
6810,7.6,1,3,2,78,4.4,Yes,Yes,72,81,Placed,45,54
6811,8.0,2,3,0,84,4.1,Yes,No,83,66,Placed,71,75
6812,8.2,0,3,2,90,4.7,Yes,Yes,76,88,Placed,43,52
6813,6.8,1,2,0,79,4.1,No,Yes,62,82,Placed,52,59
6814,8.0,1,1,0,80,4.4,Yes,Yes,73,76,NotPlaced,33,44
6815,8.3,1,3,2,90,4.8,Yes,No,82,84,Placed,43,52
6816,8.1,0,3,2,89,4.8,Yes,Yes,78,83,Placed,67,72
6817,8.1,1,3,1,80,4.0,Yes,Yes,75,85,NotPlaced,35,46
6818,6.9,1,3,0,81,4.5,No,No,72,76,Placed,42,52
6819,7.5,0,1,0,81,4.7,No,Yes,55,70,NotPlaced,64,69
6820,7.8,2,3,2,83,4.5,Yes,No,90,83,NotPlaced,56,63
6821,7.6,1,1,1,70,4.6,No,Yes,60,72,NotPlaced,94,93
6822,7.8,0,2,2,77,3.6,No,Yes,64,72,Placed,92,92
6823,8.4,2,2,2,78,4.5,Yes,Yes,75,80,Placed,51,59
6824,7.8,1,1,0,71,4.1,Yes,Yes,77,67,Placed,73,76
6825,8.0,1,1,2,83,4.4,Yes,No,71,74,NotPlaced,76,78
6826,7.8,1,3,2,73,4.1,Yes,Yes,73,81,Placed,56,62
6827,8.7,2,3,2,90,4.8,Yes,Yes,77,86,Placed,42,52
6828,8.4,1,1,0,72,4.6,Yes,Yes,77,60,Placed,64,69
6829,8.2,0,1,1,67,4.2,Yes,Yes,74,66,NotPlaced,62,67
6830,7.8,1,1,0,72,3.6,No,Yes,58,65,NotPlaced,58,64
6831,7.7,0,1,2,84,3.9,No,Yes,60,65,NotPlaced,71,75
6832,8.5,2,3,2,90,4.8,Yes,Yes,80,80,NotPlaced,53,60
6833,8.1,2,2,1,76,4.0,No,Yes,75,74,Placed,47,56
6834,8.1,0,3,2,85,4.7,Yes,No,87,79,NotPlaced,66,71
6835,7.0,1,2,0,74,4.2,No,Yes,55,69,Placed,70,74
6836,8.0,2,3,2,90,4.8,Yes,Yes,85,83,Placed,47,55
6837,7.7,2,3,2,90,4.8,Yes,Yes,84,88,NotPlaced,78,81
6838,8.4,2,3,2,90,4.8,Yes,Yes,82,84,Placed,38,48
6839,7.5,1,2,1,90,4.6,No,Yes,72,83,Placed,56,63
6840,6.8,1,1,0,69,3.3,No,No,63,63,NotPlaced,61,66
6841,8.6,1,1,2,77,4.6,Yes,Yes,87,86,Placed,55,62
6842,8.2,2,3,2,90,4.8,Yes,Yes,80,87,Placed,56,63
6843,6.5,1,3,0,79,4.3,Yes,Yes,55,85,Placed,93,92
6844,7.6,2,1,2,79,4.5,Yes,Yes,80,80,Placed,52,59
6845,8.4,1,1,1,73,4.3,No,Yes,64,73,NotPlaced,100,99
6846,8.3,1,3,2,88,4.8,Yes,Yes,77,68,Placed,71,75
6847,7.4,1,1,1,70,4.5,No,No,55,67,NotPlaced,66,71
6848,7.9,0,1,0,87,4.5,No,Yes,75,75,Placed,72,75
6849,7.6,1,2,1,80,4.8,No,Yes,82,65,NotPlaced,100,100
6850,8.0,2,3,2,90,4.8,Yes,Yes,75,86,Placed,50,58
6851,7.9,2,3,2,87,4.8,Yes,Yes,81,87,Placed,48,56
6852,7.6,1,3,2,81,4.8,Yes,Yes,78,87,Placed,53,60
6853,7.6,1,1,1,72,4.5,No,No,55,66,NotPlaced,65,70
6854,8.2,0,2,2,71,4.4,Yes,Yes,55,73,Placed,39,49
6855,7.4,1,2,1,82,4.5,No,Yes,59,66,NotPlaced,65,70
6856,8.3,2,3,1,83,4.5,Yes,Yes,80,84,Placed,90,90
6857,7.8,2,1,1,77,4.2,No,No,55,67,NotPlaced,67,71
6858,8.4,1,3,2,88,4.8,Yes,Yes,73,84,NotPlaced,60,66
6859,8.5,1,3,2,76,4.8,Yes,Yes,67,83,Placed,55,62
6860,7.6,1,3,0,80,4.8,Yes,Yes,71,85,NotPlaced,78,80
6861,6.8,0,2,1,74,3.7,Yes,Yes,61,65,NotPlaced,52,60
6862,8.0,0,3,0,86,4.5,Yes,Yes,74,85,Placed,92,92
6863,6.6,2,3,2,85,4.8,Yes,Yes,79,85,Placed,94,93
6864,7.8,1,2,0,73,4.6,No,Yes,55,64,NotPlaced,68,73
6865,6.5,1,2,0,78,4.0,Yes,Yes,57,78,NotPlaced,64,69
6866,8.8,2,3,2,90,4.8,Yes,Yes,70,83,Placed,80,82
6867,8.3,1,1,1,73,4.3,Yes,Yes,59,62,NotPlaced,81,83
6868,7.5,1,2,1,90,4.8,Yes,Yes,61,82,Placed,52,60
6869,8.7,1,3,2,85,4.8,Yes,Yes,80,80,Placed,57,63
6870,6.5,1,1,1,81,4.8,No,Yes,55,64,NotPlaced,45,54
6871,6.7,2,2,2,78,4.5,Yes,Yes,57,67,NotPlaced,71,74
6872,7.6,0,2,0,60,3.8,No,No,55,57,NotPlaced,74,77
6873,6.5,2,1,0,85,4.8,No,Yes,72,68,NotPlaced,44,53
6874,6.5,0,2,1,75,3.5,No,Yes,61,68,NotPlaced,58,64
6875,7.4,1,2,0,88,4.6,No,Yes,73,66,NotPlaced,44,53
6876,7.4,0,2,0,65,4.4,No,Yes,58,68,NotPlaced,51,59
6877,6.5,1,1,0,79,4.2,No,Yes,61,59,NotPlaced,73,76
6878,7.9,0,1,0,64,3.6,No,No,55,62,NotPlaced,53,61
6879,6.5,1,2,0,70,4.0,No,Yes,68,66,NotPlaced,60,66
6880,7.3,0,3,0,70,4.3,No,No,55,70,Placed,40,50
6881,8.0,1,1,2,81,3.8,Yes,Yes,76,70,Placed,67,72
6882,8.4,2,3,1,78,4.8,Yes,Yes,55,87,NotPlaced,64,69
6883,7.5,1,1,2,80,4.5,No,No,64,70,NotPlaced,54,61
6884,8.3,2,3,3,88,4.8,Yes,Yes,78,84,Placed,62,67
6885,7.4,1,1,0,75,4.3,No,No,55,68,NotPlaced,67,72
6886,6.9,1,1,1,83,4.6,Yes,No,55,67,Placed,52,60
6887,7.5,0,2,0,86,4.2,Yes,Yes,74,66,Placed,42,52
6888,7.7,1,1,1,69,4.5,No,Yes,55,60,NotPlaced,92,91
6889,7.6,1,1,1,80,3.6,No,Yes,59,75,NotPlaced,55,62
6890,8.2,2,3,2,85,4.8,Yes,No,78,82,Placed,63,68
6891,7.9,0,1,0,68,4.1,No,Yes,55,65,NotPlaced,80,82
6892,6.6,1,1,1,69,4.5,No,Yes,61,68,NotPlaced,100,100
6893,7.2,1,2,0,71,3.2,No,No,55,69,NotPlaced,46,55
6894,6.5,0,2,0,85,4.8,Yes,Yes,55,83,Placed,71,75
6895,7.3,2,3,1,87,4.8,No,Yes,73,80,Placed,54,61
6896,8.7,1,3,2,81,4.7,Yes,Yes,74,74,Placed,56,63
6897,7.7,1,3,3,90,4.8,Yes,Yes,82,73,NotPlaced,54,61
6898,8.0,0,3,2,80,4.1,Yes,Yes,70,79,Placed,48,56
6899,8.6,1,3,2,90,4.8,Yes,Yes,73,83,Placed,64,69
6900,8.5,1,3,0,88,4.7,Yes,Yes,74,88,Placed,42,52
6901,8.8,2,3,2,88,4.7,Yes,Yes,78,88,Placed,79,81
6902,8.0,1,1,0,79,3.8,No,No,55,66,NotPlaced,65,70
6903,7.2,1,2,0,79,4.1,No,Yes,55,64,NotPlaced,71,75
6904,8.3,1,3,2,90,4.7,Yes,No,71,83,Placed,58,64
6905,8.2,1,3,0,79,4.6,No,Yes,71,68,NotPlaced,59,65
6906,8.3,2,3,2,87,4.3,Yes,Yes,67,84,Placed,69,73
6907,7.3,1,1,0,73,4.0,No,Yes,66,66,NotPlaced,47,56
6908,7.6,1,1,1,66,3.6,Yes,Yes,62,65,NotPlaced,59,65
6909,7.8,1,2,0,81,4.8,No,Yes,55,62,NotPlaced,52,59
6910,8.5,2,3,2,90,4.8,Yes,Yes,76,82,Placed,51,59
6911,7.9,1,2,0,90,4.2,Yes,Yes,55,66,NotPlaced,33,44
6912,6.7,1,3,2,71,3.7,Yes,Yes,87,71,NotPlaced,85,86
6913,8.8,2,3,2,83,4.1,Yes,Yes,73,83,Placed,54,61
6914,7.6,1,2,0,63,4.7,No,No,55,63,NotPlaced,82,83
6915,8.2,2,3,2,90,4.8,Yes,Yes,84,82,Placed,81,82
6916,7.6,1,1,0,82,4.0,No,No,65,58,NotPlaced,45,54
6917,6.5,1,1,1,70,3.5,No,Yes,60,75,NotPlaced,48,56
6918,8.6,2,3,2,87,4.8,Yes,Yes,69,81,Placed,100,100
6919,7.9,0,3,2,90,4.5,Yes,No,79,88,Placed,91,91
6920,7.3,0,1,1,69,3.7,No,Yes,59,59,NotPlaced,64,69
6921,8.2,1,1,0,79,4.6,Yes,No,56,61,NotPlaced,68,73
6922,8.0,0,3,1,73,4.8,Yes,Yes,57,64,NotPlaced,55,62
6923,8.3,2,3,2,90,4.8,Yes,Yes,73,84,Placed,71,75
6924,7.7,1,2,1,68,4.3,No,No,64,69,NotPlaced,54,61
6925,6.5,1,1,1,63,4.5,No,No,59,69,NotPlaced,34,45
6926,8.4,0,3,0,77,4.6,Yes,Yes,79,84,Placed,45,54
6927,6.6,1,3,2,86,4.4,Yes,Yes,57,88,Placed,65,70
6928,8.2,1,3,0,90,4.7,Yes,Yes,68,60,Placed,48,56
6929,6.6,1,2,1,66,4.8,No,No,64,69,NotPlaced,63,69
6930,6.7,1,1,1,63,4.6,No,No,55,69,NotPlaced,48,57
6931,7.6,0,1,1,76,3.8,No,No,58,66,NotPlaced,53,60
6932,8.1,2,1,0,71,3.4,Yes,No,66,67,NotPlaced,77,80
6933,8.1,1,3,1,90,4.8,No,No,87,84,Placed,68,72
6934,7.6,1,1,0,76,3.9,No,Yes,57,68,Placed,64,69
6935,7.6,1,1,1,83,4.3,Yes,Yes,68,66,Placed,78,80
6936,6.5,1,1,0,80,4.4,Yes,Yes,55,66,NotPlaced,72,75
6937,7.6,1,2,0,63,4.1,No,Yes,55,64,NotPlaced,86,87
6938,6.6,0,1,1,72,3.9,No,No,64,62,NotPlaced,58,64
6939,8.0,0,2,1,78,4.2,Yes,Yes,77,82,NotPlaced,58,64
6940,8.2,0,3,1,86,4.1,Yes,Yes,73,81,Placed,45,54
6941,6.5,1,2,0,74,4.6,No,Yes,56,62,Placed,58,64
6942,7.2,1,2,2,66,4.1,Yes,Yes,78,75,Placed,79,81
6943,6.5,1,1,0,72,4.0,No,Yes,56,71,NotPlaced,84,85
6944,8.2,2,3,2,86,4.5,No,No,77,80,NotPlaced,79,81
6945,8.5,2,3,2,84,4.0,Yes,Yes,72,80,Placed,38,48
6946,7.5,0,3,1,79,4.4,Yes,Yes,55,67,NotPlaced,81,82
6947,8.2,1,3,0,90,3.9,Yes,Yes,75,87,NotPlaced,37,47
6948,6.7,1,1,1,82,4.4,Yes,Yes,82,73,NotPlaced,78,80
6949,7.6,0,3,2,90,4.7,Yes,Yes,80,69,Placed,59,65
6950,7.6,1,2,1,72,3.8,No,Yes,55,67,NotPlaced,75,78
6951,7.5,1,1,1,67,3.8,No,No,59,63,NotPlaced,45,54
6952,6.9,2,3,1,68,3.7,No,No,64,64,NotPlaced,82,84
6953,6.7,2,3,0,76,4.2,No,Yes,78,85,NotPlaced,43,52
6954,7.6,0,1,0,80,3.8,No,No,55,83,NotPlaced,54,61
6955,8.1,1,3,0,86,4.5,Yes,Yes,72,88,Placed,50,58
6956,8.1,2,3,2,90,4.6,Yes,Yes,71,87,Placed,38,48
6957,7.4,0,2,1,77,4.8,Yes,Yes,66,68,NotPlaced,66,71
6958,8.4,1,3,2,90,4.3,Yes,Yes,73,85,Placed,92,91
6959,8.0,0,1,0,82,4.3,No,Yes,72,65,NotPlaced,100,100
6960,7.5,1,1,1,66,4.4,No,No,69,61,NotPlaced,66,71
6961,8.3,2,3,2,90,4.7,Yes,Yes,82,83,Placed,81,83
6962,8.8,1,3,0,86,4.6,No,Yes,69,72,Placed,68,72
6963,6.5,1,3,1,70,4.1,No,No,59,62,NotPlaced,72,75
6964,7.5,1,1,1,87,4.7,Yes,Yes,68,65,Placed,59,65
6965,8.2,2,3,2,90,4.8,Yes,Yes,81,82,Placed,67,72
6966,6.5,1,1,1,60,3.8,No,Yes,81,65,NotPlaced,73,76
6967,6.8,1,2,0,75,4.3,Yes,Yes,73,73,NotPlaced,56,63
6968,8.4,2,3,2,82,4.7,Yes,Yes,86,82,Placed,63,69
6969,8.4,0,3,2,90,4.8,Yes,Yes,82,62,Placed,64,69
6970,7.9,1,1,0,66,4.5,No,No,63,62,NotPlaced,77,79
6971,7.8,0,2,1,82,4.4,Yes,Yes,73,88,Placed,49,57
6972,7.3,1,2,0,75,3.9,No,Yes,80,71,NotPlaced,64,69
6973,8.0,2,2,2,90,4.8,Yes,Yes,84,87,Placed,93,92
6974,6.8,0,1,0,82,4.0,No,Yes,65,63,Placed,82,83
6975,8.2,2,3,2,90,4.5,Yes,Yes,83,83,Placed,85,86
6976,6.7,1,2,1,69,4.0,No,Yes,59,64,NotPlaced,65,70
6977,8.5,2,3,2,90,4.7,Yes,Yes,90,86,Placed,69,73
6978,7.4,1,1,1,64,4.3,Yes,Yes,55,64,NotPlaced,80,82
6979,7.6,0,2,0,74,4.1,No,Yes,67,73,NotPlaced,88,88
6980,8.5,1,3,2,81,4.2,No,Yes,55,86,NotPlaced,35,46
6981,6.5,1,1,0,61,4.1,No,No,66,69,NotPlaced,45,54
6982,7.9,2,1,0,73,4.4,Yes,No,66,57,Placed,84,85
6983,8.3,1,3,2,84,4.4,Yes,Yes,79,88,Placed,60,66
6984,8.6,1,3,2,90,4.8,Yes,Yes,71,79,Placed,54,61
6985,8.2,2,2,0,90,4.2,No,Yes,71,85,Placed,46,54
6986,7.0,1,1,0,72,4.4,No,Yes,74,65,NotPlaced,56,63
6987,7.6,0,1,1,64,4.1,No,No,55,58,NotPlaced,43,53
6988,6.7,1,2,0,80,3.5,No,No,59,73,NotPlaced,96,95
6989,6.8,1,2,0,88,4.8,Yes,Yes,80,64,Placed,64,69
6990,8.0,2,3,1,87,4.3,Yes,No,70,84,NotPlaced,64,69
6991,8.0,1,3,2,90,4.8,Yes,Yes,66,79,NotPlaced,73,77
6992,7.8,1,2,1,73,4.0,Yes,Yes,55,87,NotPlaced,79,81
6993,7.9,1,2,1,68,4.0,No,Yes,71,68,NotPlaced,79,81
6994,7.9,1,2,0,73,4.5,Yes,No,68,74,Placed,81,82
6995,7.5,1,2,1,74,4.0,No,Yes,64,82,Placed,55,62
6996,7.6,1,3,1,80,4.3,No,Yes,55,83,NotPlaced,60,66
6997,8.6,2,3,2,90,4.8,Yes,Yes,84,85,NotPlaced,76,79
6998,7.7,1,3,3,79,3.6,Yes,Yes,71,83,NotPlaced,57,63
6999,8.1,1,3,2,85,4.8,No,Yes,55,73,Placed,64,69
7000,7.1,1,2,1,68,4.2,No,No,76,64,NotPlaced,70,74
7001,8.2,0,2,0,86,4.5,Yes,Yes,77,72,Placed,76,79
7002,8.4,1,3,1,75,4.3,Yes,No,73,73,NotPlaced,38,48
7003,7.3,1,2,1,76,4.7,No,Yes,67,73,NotPlaced,75,78
7004,8.8,2,3,2,90,4.8,Yes,Yes,71,84,Placed,61,67
7005,7.4,1,1,0,78,3.8,No,Yes,55,65,NotPlaced,75,78
7006,7.7,1,3,2,84,4.8,No,Yes,70,67,NotPlaced,76,79
7007,7.7,0,2,1,71,4.4,No,Yes,55,70,NotPlaced,89,89
7008,6.5,2,3,0,77,4.3,No,Yes,87,67,NotPlaced,85,86
7009,8.1,2,1,3,79,4.0,Yes,Yes,78,79,Placed,85,86
7010,6.5,0,1,2,71,3.2,No,No,58,61,NotPlaced,86,87
7011,8.4,1,3,2,90,4.8,Yes,Yes,74,81,Placed,69,73
7012,6.5,0,1,0,65,4.5,No,No,59,69,NotPlaced,65,70
7013,7.6,1,1,0,84,3.7,No,No,56,70,NotPlaced,78,80
7014,8.1,1,3,0,85,3.7,Yes,Yes,55,79,Placed,75,78
7015,6.6,0,1,0,71,3.8,Yes,Yes,60,71,NotPlaced,60,66
7016,7.8,1,1,1,76,3.8,No,Yes,55,66,NotPlaced,71,74
7017,7.9,2,3,0,90,4.8,Yes,Yes,88,84,Placed,64,69
7018,7.3,1,1,0,73,3.8,No,No,64,59,NotPlaced,52,59
7019,7.4,1,2,1,67,3.1,No,Yes,55,71,NotPlaced,84,85
7020,8.2,0,3,2,90,4.7,Yes,Yes,67,83,Placed,65,70
7021,6.6,1,1,0,63,3.8,No,No,59,63,NotPlaced,95,94
7022,8.1,2,3,2,81,4.5,Yes,Yes,76,71,Placed,40,50
7023,8.3,2,1,2,79,4.2,Yes,Yes,58,87,Placed,56,63
7024,7.3,0,1,0,70,4.4,Yes,No,67,67,NotPlaced,65,70
7025,8.3,1,2,0,84,4.2,Yes,Yes,82,81,Placed,82,83
7026,6.8,1,1,0,60,3.7,No,No,64,64,NotPlaced,70,74
7027,6.5,1,1,0,65,3.7,No,No,55,62,NotPlaced,69,73
7028,8.5,2,3,1,89,4.5,No,No,55,84,Placed,48,56
7029,6.5,2,1,2,73,4.2,No,No,74,59,NotPlaced,47,56
7030,8.3,1,1,0,69,4.8,Yes,No,83,67,Placed,69,73
7031,6.5,1,1,1,75,4.5,No,No,55,65,NotPlaced,44,53
7032,7.8,1,1,1,90,3.9,No,Yes,81,67,Placed,57,63
7033,7.5,1,1,0,85,4.1,Yes,Yes,74,86,NotPlaced,72,76
7034,7.4,1,3,1,78,3.9,No,Yes,55,71,NotPlaced,50,58
7035,7.6,1,3,0,81,4.3,Yes,Yes,80,82,Placed,89,89
7036,8.3,1,2,2,79,4.6,Yes,Yes,75,73,Placed,83,84
7037,6.5,0,1,0,75,4.2,No,No,55,67,NotPlaced,41,51
7038,7.8,1,3,1,70,4.3,No,No,65,61,NotPlaced,51,58
7039,7.5,1,2,0,90,4.6,No,Yes,65,68,NotPlaced,30,42
7040,7.3,1,2,1,66,3.7,No,No,55,74,NotPlaced,53,60
7041,8.6,1,3,2,70,4.3,Yes,Yes,80,87,Placed,76,79
7042,7.6,1,2,0,87,4.2,Yes,Yes,56,72,NotPlaced,58,65
7043,7.4,1,3,0,83,4.7,No,Yes,55,69,NotPlaced,71,75
7044,7.9,1,3,2,83,4.7,Yes,Yes,90,86,Placed,42,51
7045,8.6,1,3,2,86,4.7,Yes,Yes,82,85,Placed,76,79
7046,7.9,2,3,2,90,4.8,Yes,Yes,70,86,Placed,56,63
7047,6.5,1,1,1,61,4.2,No,Yes,64,69,NotPlaced,65,70
7048,7.8,2,3,2,83,4.7,Yes,Yes,78,85,Placed,63,68
7049,6.7,0,1,0,68,3.5,No,No,63,68,NotPlaced,45,54
7050,7.7,1,2,0,83,4.0,Yes,Yes,68,69,NotPlaced,47,56
7051,8.0,2,2,0,84,4.7,Yes,Yes,64,88,Placed,79,81
7052,6.5,1,1,0,76,3.7,No,No,67,65,NotPlaced,70,74
7053,7.9,2,3,2,90,4.5,Yes,No,78,84,NotPlaced,80,82
7054,7.9,1,1,2,74,3.5,No,No,88,72,NotPlaced,69,73
7055,8.2,2,3,2,87,4.8,No,Yes,65,66,Placed,67,71
7056,6.5,2,1,2,85,4.7,No,Yes,66,85,NotPlaced,39,49
7057,7.9,2,3,2,90,4.8,Yes,Yes,70,83,Placed,60,66
7058,7.6,1,2,1,72,4.0,No,Yes,81,78,NotPlaced,64,69
7059,7.6,1,1,1,70,3.9,No,Yes,59,63,NotPlaced,94,93
7060,7.5,1,1,1,70,4.0,Yes,Yes,55,64,NotPlaced,75,78
7061,7.3,2,2,1,76,3.8,No,Yes,55,72,Placed,88,88
7062,7.8,0,1,0,71,4.3,No,No,55,66,NotPlaced,73,77
7063,8.1,1,1,1,83,4.7,Yes,Yes,75,83,NotPlaced,54,61
7064,6.9,0,2,2,75,4.3,Yes,Yes,55,70,NotPlaced,66,71
7065,6.8,0,1,0,78,4.7,Yes,Yes,64,68,NotPlaced,68,72
7066,6.9,1,1,1,60,3.3,No,No,58,62,NotPlaced,50,58
7067,7.6,1,3,0,82,4.8,Yes,Yes,61,75,Placed,59,65
7068,8.5,2,3,2,90,4.8,Yes,Yes,83,86,Placed,61,67
7069,8.5,0,3,2,77,4.8,Yes,Yes,81,84,Placed,89,89
7070,7.8,1,1,1,74,3.4,Yes,Yes,65,66,NotPlaced,33,45
7071,8.0,1,3,2,78,4.2,Yes,No,78,85,NotPlaced,83,84
7072,7.4,1,1,0,69,3.6,No,Yes,55,70,NotPlaced,50,58
7073,7.4,1,2,1,77,4.3,No,Yes,55,64,NotPlaced,44,53
7074,8.7,1,3,1,90,4.7,Yes,Yes,83,88,Placed,82,84
7075,8.1,1,2,1,77,4.4,No,Yes,55,68,NotPlaced,75,78
7076,8.5,1,2,2,90,4.8,Yes,Yes,80,83,Placed,83,85
7077,8.0,0,1,1,86,4.0,No,Yes,55,74,NotPlaced,77,79
7078,8.0,2,3,2,90,4.7,Yes,Yes,74,87,NotPlaced,95,94
7079,8.5,2,2,1,87,4.4,Yes,Yes,81,82,Placed,73,76
7080,7.6,1,3,0,81,4.2,No,Yes,83,69,Placed,62,68
7081,7.8,1,3,0,76,4.7,Yes,Yes,57,82,Placed,70,74
7082,8.8,0,3,0,90,4.4,Yes,Yes,78,85,NotPlaced,83,84
7083,6.5,1,3,1,87,4.7,No,Yes,55,67,NotPlaced,53,60
7084,7.7,0,3,0,90,4.8,Yes,Yes,76,80,NotPlaced,55,62
7085,6.7,1,1,1,77,4.7,Yes,No,69,70,NotPlaced,60,66
7086,7.6,1,2,0,77,4.0,No,Yes,66,73,NotPlaced,33,44
7087,7.4,0,1,0,77,3.8,Yes,Yes,58,66,NotPlaced,67,71
7088,8.3,2,3,2,90,4.8,Yes,Yes,77,86,Placed,36,47
7089,7.6,1,1,0,81,4.2,Yes,No,55,82,NotPlaced,65,70
7090,7.6,1,2,1,90,3.8,Yes,Yes,74,86,NotPlaced,77,80
7091,8.0,0,3,2,81,4.5,Yes,Yes,85,88,Placed,57,64
7092,7.8,1,2,0,76,4.0,Yes,Yes,63,88,NotPlaced,90,90
7093,8.5,0,2,0,89,4.5,Yes,Yes,70,83,NotPlaced,43,52
7094,7.5,1,1,0,87,4.6,No,No,58,65,Placed,82,84
7095,6.5,0,1,0,66,3.5,No,No,61,66,NotPlaced,75,78
7096,7.1,1,1,2,73,4.2,Yes,No,78,62,NotPlaced,39,49
7097,8.2,2,3,2,90,4.8,Yes,Yes,84,88,Placed,100,100
7098,6.8,0,1,0,86,4.0,No,No,55,71,NotPlaced,64,69
7099,7.6,1,3,2,90,4.8,Yes,Yes,60,83,NotPlaced,51,59
7100,8.3,1,3,0,88,4.8,Yes,Yes,73,85,Placed,43,53
7101,6.5,0,2,0,75,4.3,No,Yes,82,70,NotPlaced,61,67
7102,7.8,0,3,3,71,4.8,Yes,Yes,72,66,Placed,63,68
7103,8.5,1,1,0,79,4.1,Yes,Yes,75,66,NotPlaced,66,71
7104,8.6,2,3,2,89,4.8,Yes,Yes,86,86,Placed,60,66
7105,7.0,1,1,0,65,3.8,No,No,62,63,NotPlaced,74,77
7106,8.2,2,3,2,89,4.0,Yes,No,77,82,Placed,59,65
7107,8.4,1,3,2,90,4.8,Yes,Yes,72,87,Placed,35,46
7108,8.0,2,3,2,83,4.5,Yes,Yes,79,87,Placed,62,68
7109,7.5,2,1,0,77,4.3,No,No,69,69,NotPlaced,29,41
7110,6.5,2,2,0,68,4.0,Yes,No,69,69,NotPlaced,70,74
7111,8.5,2,3,0,87,4.8,Yes,Yes,74,86,Placed,50,58
7112,8.2,1,1,0,73,4.5,No,Yes,55,68,NotPlaced,67,71
7113,8.4,1,1,0,80,4.6,No,Yes,71,72,Placed,84,85
7114,8.2,1,3,1,86,4.5,No,Yes,65,82,Placed,50,58
7115,6.9,1,3,2,78,3.8,Yes,Yes,75,74,NotPlaced,80,82
7116,8.0,2,3,2,90,4.7,Yes,Yes,79,83,Placed,58,64
7117,7.8,2,1,1,78,4.1,Yes,Yes,62,61,Placed,91,91
7118,7.6,1,3,1,75,3.9,Yes,Yes,81,66,Placed,59,65
7119,8.4,1,2,0,77,4.1,No,No,56,62,NotPlaced,52,59
7120,7.5,1,1,0,65,3.3,Yes,Yes,55,64,NotPlaced,75,78
7121,8.2,2,3,2,90,4.8,Yes,Yes,86,76,Placed,58,64
7122,7.7,1,3,2,90,4.0,Yes,Yes,80,86,Placed,52,59
7123,7.6,1,3,2,90,4.8,Yes,Yes,72,71,Placed,57,64
7124,8.6,2,3,2,90,4.8,Yes,Yes,80,82,Placed,64,69
7125,7.6,1,3,0,79,4.5,No,No,73,65,NotPlaced,85,86
7126,8.4,2,3,2,87,4.7,Yes,Yes,55,75,Placed,35,46
7127,6.9,0,2,0,65,3.6,No,No,55,67,NotPlaced,65,70
7128,7.4,0,1,1,65,4.1,No,Yes,58,69,NotPlaced,74,77
7129,6.6,1,1,0,77,4.2,No,No,64,59,NotPlaced,67,72
7130,8.4,1,2,2,89,4.8,Yes,Yes,64,79,Placed,84,85
7131,6.6,1,1,0,80,4.2,No,Yes,74,72,NotPlaced,63,69
7132,7.3,1,3,0,81,4.8,Yes,Yes,56,66,Placed,62,67
7133,8.2,1,3,1,85,4.7,Yes,Yes,76,83,Placed,73,77
7134,8.2,2,2,2,90,4.6,Yes,Yes,68,87,Placed,66,71
7135,6.5,0,2,0,84,4.8,No,No,68,69,NotPlaced,59,65
7136,7.4,1,1,1,79,4.3,Yes,Yes,61,68,NotPlaced,72,76
7137,8.8,2,2,0,83,4.4,Yes,Yes,68,84,NotPlaced,55,62
7138,6.6,0,1,2,81,4.0,No,Yes,64,71,NotPlaced,55,62
7139,8.2,1,2,0,90,4.3,Yes,No,84,80,Placed,57,63
7140,7.5,1,1,1,84,4.4,Yes,Yes,64,68,Placed,85,86
7141,7.5,1,1,0,78,4.4,Yes,Yes,77,88,NotPlaced,16,31
7142,8.1,2,3,2,90,4.5,Yes,Yes,81,84,Placed,70,74
7143,8.2,0,2,0,67,3.6,No,No,64,70,NotPlaced,65,70
7144,8.2,2,3,2,90,4.8,Yes,No,83,86,Placed,39,49
7145,8.5,1,3,0,75,4.8,Yes,Yes,78,64,NotPlaced,69,73
7146,8.5,1,3,2,90,4.3,Yes,Yes,76,84,Placed,72,75
7147,7.2,1,2,1,65,4.4,No,No,55,74,NotPlaced,73,77
7148,8.1,0,2,0,82,4.2,Yes,No,68,75,Placed,25,38
7149,8.3,0,3,2,90,4.8,Yes,Yes,85,85,Placed,85,86
7150,8.6,1,3,2,85,4.8,Yes,Yes,82,84,Placed,53,61
7151,8.2,2,3,2,90,4.8,Yes,Yes,73,84,Placed,75,78
7152,6.5,2,1,3,81,4.2,Yes,No,55,68,NotPlaced,76,78
7153,6.7,1,1,0,67,4.6,No,Yes,57,64,NotPlaced,51,59
7154,7.9,2,1,0,88,4.5,Yes,Yes,73,78,NotPlaced,74,77
7155,8.0,1,3,2,90,4.5,Yes,Yes,87,70,Placed,59,65
7156,8.2,1,3,0,86,4.5,Yes,Yes,63,72,Placed,33,45
7157,6.7,2,2,1,71,4.4,No,No,55,67,NotPlaced,82,84
7158,7.6,1,1,0,62,3.4,No,No,67,70,NotPlaced,53,60
7159,7.4,0,1,0,71,3.7,No,No,55,64,NotPlaced,52,59
7160,8.1,2,1,1,78,4.4,Yes,Yes,77,67,NotPlaced,58,65
7161,7.9,2,3,2,84,4.0,Yes,No,88,81,NotPlaced,69,73
7162,8.8,2,3,2,90,4.8,Yes,Yes,66,85,Placed,64,69
7163,7.5,1,2,1,73,4.4,No,Yes,69,79,NotPlaced,73,76
7164,8.7,1,3,0,90,4.5,Yes,Yes,82,85,Placed,44,53
7165,7.2,2,3,0,85,4.8,No,Yes,79,82,NotPlaced,53,61
7166,7.4,1,1,0,87,3.2,No,No,61,72,NotPlaced,63,68
7167,6.5,1,2,0,72,4.3,Yes,Yes,65,68,Placed,93,92
7168,7.8,2,3,0,78,4.8,Yes,No,74,82,Placed,63,68
7169,6.8,1,1,1,77,3.3,No,Yes,55,58,NotPlaced,81,83
7170,8.0,2,1,2,78,4.4,No,Yes,80,66,Placed,65,70
7171,8.7,1,3,3,87,4.7,Yes,Yes,68,84,Placed,57,64
7172,6.5,1,1,0,74,3.9,Yes,Yes,55,72,NotPlaced,61,67
7173,7.3,1,2,0,80,3.7,No,Yes,55,69,Placed,62,67
7174,6.8,0,1,0,84,4.0,No,Yes,80,69,NotPlaced,74,77
7175,7.5,2,3,3,86,4.1,Yes,Yes,69,86,NotPlaced,85,86
7176,7.7,2,1,0,65,3.5,Yes,No,64,62,NotPlaced,70,74
7177,7.3,1,1,0,72,3.7,No,No,60,85,NotPlaced,82,84
7178,6.8,1,1,1,80,3.5,No,Yes,64,70,NotPlaced,50,58
7179,7.5,1,2,1,76,4.1,Yes,Yes,55,62,NotPlaced,58,65
7180,6.6,2,1,2,90,4.8,Yes,No,84,67,NotPlaced,54,61
7181,7.4,0,2,0,69,4.2,No,Yes,59,62,NotPlaced,69,73
7182,7.4,1,3,0,84,4.1,Yes,Yes,55,73,NotPlaced,59,65
7183,8.0,2,2,2,85,4.7,Yes,Yes,75,84,Placed,75,78
7184,7.5,1,1,0,84,4.7,Yes,Yes,79,85,Placed,51,58
7185,7.6,0,1,1,77,4.6,No,Yes,55,68,NotPlaced,65,70
7186,8.2,2,3,2,90,4.8,Yes,Yes,79,79,Placed,75,78
7187,8.0,2,3,2,89,3.7,No,Yes,81,83,Placed,34,45
7188,8.4,2,2,3,82,4.3,Yes,No,75,83,NotPlaced,96,95
7189,7.6,1,1,0,88,3.9,No,Yes,55,68,NotPlaced,60,66
7190,6.5,0,2,0,90,4.5,No,No,55,64,NotPlaced,34,45
7191,7.8,2,3,2,90,4.8,Yes,Yes,87,84,Placed,67,71
7192,7.4,0,1,0,73,4.1,No,No,63,72,NotPlaced,65,70
7193,8.5,2,3,2,90,4.8,Yes,Yes,82,87,Placed,63,69
7194,7.6,1,2,0,73,3.7,No,Yes,67,61,NotPlaced,79,81
7195,7.6,1,1,1,71,4.1,Yes,Yes,62,79,NotPlaced,76,78
7196,8.2,1,2,2,90,4.8,Yes,Yes,71,88,Placed,69,73
7197,8.4,2,3,2,90,4.8,Yes,Yes,73,88,Placed,71,75
7198,6.9,1,1,0,76,4.0,No,Yes,77,76,NotPlaced,63,68
7199,6.5,1,1,0,68,4.0,Yes,No,69,66,NotPlaced,91,91
7200,7.6,2,3,2,77,4.8,Yes,Yes,79,77,NotPlaced,42,52
7201,7.4,1,0,2,73,4.2,No,Yes,90,72,NotPlaced,67,71
7202,6.5,1,1,0,72,4.0,No,No,64,71,NotPlaced,65,70
7203,8.3,1,3,1,90,4.8,Yes,Yes,71,84,NotPlaced,77,79
7204,7.4,1,3,0,77,4.8,No,Yes,56,68,NotPlaced,52,59
7205,7.7,1,1,1,66,3.9,No,No,55,65,NotPlaced,38,49
7206,7.4,1,3,2,74,4.1,Yes,Yes,79,81,Placed,67,71
7207,6.6,0,3,0,84,4.8,Yes,Yes,78,73,Placed,69,73
7208,8.3,1,1,1,70,4.3,No,No,58,67,NotPlaced,87,87
7209,8.3,2,3,2,90,4.6,Yes,Yes,78,79,Placed,45,54
7210,7.9,1,3,0,64,4.1,Yes,Yes,56,70,NotPlaced,82,83
7211,8.1,1,3,2,90,4.8,Yes,Yes,85,82,Placed,100,98
7212,8.0,1,1,2,79,4.6,No,No,58,70,NotPlaced,59,65
7213,7.9,0,3,2,82,4.4,Yes,Yes,74,83,Placed,45,54
7214,7.6,2,1,0,84,4.4,Yes,No,55,83,NotPlaced,58,65
7215,7.5,1,1,3,77,4.4,No,Yes,55,64,NotPlaced,65,70
7216,8.4,1,2,1,87,3.6,No,Yes,55,57,NotPlaced,73,76
7217,8.3,0,1,1,73,4.3,No,Yes,59,71,Placed,56,62
7218,6.5,1,1,0,74,3.5,No,Yes,64,69,NotPlaced,88,88
7219,7.7,1,3,2,90,4.8,Yes,Yes,77,81,Placed,48,56
7220,8.1,0,2,1,85,4.8,Yes,No,87,80,NotPlaced,38,49
7221,6.5,1,1,0,84,4.0,No,Yes,62,75,NotPlaced,81,83
7222,8.3,2,3,0,83,4.8,Yes,Yes,84,79,Placed,30,42
7223,7.3,1,2,0,82,4.4,Yes,No,55,65,NotPlaced,61,67
7224,7.5,1,1,1,67,4.0,No,No,55,71,NotPlaced,100,100
7225,7.7,1,2,0,82,4.4,No,Yes,55,69,NotPlaced,64,69
7226,7.7,0,1,2,68,4.2,Yes,No,75,71,NotPlaced,48,56
7227,8.2,1,3,0,90,4.4,No,Yes,70,84,NotPlaced,64,69
7228,8.7,2,1,2,81,4.5,Yes,Yes,80,80,NotPlaced,64,69
7229,6.5,1,1,1,70,4.3,No,No,55,75,NotPlaced,67,71
7230,6.7,1,2,0,72,4.3,No,Yes,55,72,NotPlaced,74,77
7231,8.0,2,2,3,82,4.0,Yes,Yes,59,82,Placed,49,57
7232,7.1,0,1,0,71,3.8,No,No,55,61,NotPlaced,90,90
7233,7.4,1,1,1,75,3.5,No,No,68,83,NotPlaced,68,72
7234,7.2,0,1,1,75,4.1,No,No,63,80,NotPlaced,75,78
7235,8.4,1,3,0,86,4.7,Yes,Yes,79,84,Placed,55,62
7236,8.3,2,2,2,85,4.8,Yes,Yes,76,88,Placed,84,85
7237,7.7,1,2,0,77,3.9,No,Yes,69,79,NotPlaced,61,66
7238,6.8,1,2,1,79,4.6,No,No,63,78,NotPlaced,69,73
7239,8.2,1,3,0,80,4.6,Yes,Yes,81,71,Placed,51,58
7240,8.2,2,3,2,81,4.8,Yes,Yes,81,83,Placed,50,58
7241,8.3,2,3,2,90,4.7,Yes,Yes,63,87,Placed,75,78
7242,7.6,1,2,1,77,4.6,No,Yes,72,69,NotPlaced,58,64
7243,8.6,1,3,2,88,4.8,Yes,Yes,79,88,Placed,52,59
7244,8.0,1,1,2,82,4.8,No,No,69,68,NotPlaced,55,62
7245,7.6,1,1,1,88,4.0,No,Yes,59,61,NotPlaced,75,78
7246,8.2,1,1,0,76,4.8,No,Yes,82,82,Placed,55,62
7247,6.5,0,1,0,64,3.9,No,Yes,62,66,NotPlaced,63,68
7248,7.6,2,3,2,90,4.8,Yes,Yes,81,84,Placed,65,70
7249,8.4,0,3,2,90,4.8,Yes,Yes,75,83,Placed,36,46
7250,6.5,1,1,1,62,3.5,No,No,55,73,NotPlaced,42,52
7251,7.5,2,2,0,72,4.2,Yes,Yes,77,86,Placed,70,74
7252,8.5,2,2,2,85,4.5,Yes,Yes,68,86,NotPlaced,53,61
7253,7.6,1,2,0,77,4.1,No,Yes,55,58,NotPlaced,80,82
7254,8.5,1,2,0,89,4.8,Yes,Yes,74,82,Placed,79,81
7255,7.5,0,1,0,76,4.0,No,Yes,55,86,NotPlaced,75,78
7256,6.6,2,3,2,79,4.4,Yes,Yes,82,83,Placed,92,91
7257,8.0,2,1,1,77,3.8,No,Yes,83,64,NotPlaced,63,69
7258,6.6,1,1,0,71,3.1,No,Yes,64,67,NotPlaced,74,77
7259,7.5,1,1,1,72,3.8,No,Yes,55,68,NotPlaced,56,62
7260,8.5,2,3,2,90,4.8,Yes,Yes,79,88,Placed,100,99
7261,6.8,2,2,0,76,4.2,No,Yes,59,65,NotPlaced,94,93
7262,8.1,2,3,3,90,4.7,Yes,No,83,82,NotPlaced,65,70
7263,7.6,1,3,0,87,3.9,No,Yes,66,84,NotPlaced,70,74
7264,6.8,1,1,0,60,3.5,No,Yes,55,57,NotPlaced,85,86
7265,7.7,1,1,1,67,3.7,No,No,55,68,NotPlaced,62,68
7266,8.1,1,3,0,88,4.8,Yes,Yes,75,83,Placed,55,62
7267,7.4,1,1,0,85,3.9,No,Yes,62,68,NotPlaced,78,80
7268,7.4,1,1,0,81,4.3,Yes,Yes,67,70,NotPlaced,66,70
7269,7.6,0,1,0,72,3.6,No,No,55,61,NotPlaced,67,72
7270,7.9,1,1,0,70,4.3,Yes,Yes,73,68,NotPlaced,52,59
7271,8.2,1,3,0,90,4.8,Yes,Yes,82,72,Placed,39,49
7272,7.6,1,2,0,66,4.5,No,Yes,55,76,NotPlaced,68,72
7273,6.5,1,3,0,82,4.7,Yes,Yes,55,82,Placed,78,80
7274,6.5,2,3,0,76,3.8,No,Yes,86,70,NotPlaced,61,67
7275,7.6,1,1,0,64,3.4,No,No,55,59,NotPlaced,86,87
7276,8.3,1,2,1,77,3.5,No,Yes,65,68,NotPlaced,54,61
7277,6.5,2,3,2,87,4.8,Yes,Yes,71,84,Placed,49,57
7278,6.8,1,2,0,83,4.3,No,No,57,64,NotPlaced,63,69
7279,7.6,0,3,0,80,4.4,Yes,Yes,83,74,NotPlaced,63,69
7280,8.0,1,1,2,78,4.3,Yes,No,67,69,NotPlaced,76,79
7281,8.2,2,3,2,90,4.8,Yes,Yes,82,84,Placed,53,60
7282,6.5,0,1,0,66,3.8,No,No,55,62,NotPlaced,85,86
7283,8.3,2,3,2,90,4.8,Yes,Yes,78,84,Placed,94,93
7284,7.3,1,1,0,74,4.3,No,No,57,69,NotPlaced,64,69
7285,7.8,1,1,1,76,4.8,No,No,59,70,NotPlaced,83,84
7286,7.8,1,1,1,77,4.1,No,No,69,68,NotPlaced,49,57
7287,8.6,1,3,2,85,4.8,Yes,Yes,78,85,Placed,81,82
7288,6.5,1,2,3,81,4.2,No,Yes,57,67,NotPlaced,80,82
7289,6.9,1,1,1,81,4.0,No,Yes,70,70,Placed,77,80
7290,6.5,1,2,1,68,4.3,Yes,Yes,73,74,NotPlaced,64,69
7291,8.5,2,2,2,90,4.8,Yes,Yes,78,77,Placed,20,34
7292,8.1,1,2,2,84,4.5,Yes,Yes,62,84,Placed,55,62
7293,6.7,0,1,0,76,4.2,Yes,Yes,62,66,NotPlaced,55,62
7294,7.4,2,3,1,81,4.8,Yes,Yes,71,78,NotPlaced,50,58
7295,7.6,1,1,2,81,4.8,No,No,84,67,NotPlaced,66,71
7296,7.7,0,1,1,67,4.4,No,No,55,61,NotPlaced,58,64
7297,8.0,2,3,2,90,4.5,Yes,Yes,85,82,Placed,52,60
7298,8.1,2,3,2,90,4.7,Yes,Yes,78,82,Placed,49,57
7299,6.5,2,1,1,78,3.5,No,Yes,61,67,NotPlaced,54,61
7300,8.4,2,2,0,79,4.6,No,Yes,65,86,Placed,81,83
7301,7.4,1,2,1,69,4.6,No,Yes,55,68,NotPlaced,55,62
7302,7.5,0,2,1,73,3.6,No,Yes,55,65,NotPlaced,57,63
7303,8.1,2,3,1,90,4.7,Yes,No,74,84,Placed,58,64
7304,7.6,0,2,0,61,3.8,No,Yes,55,67,NotPlaced,70,74
7305,7.0,1,1,0,76,4.8,Yes,No,70,63,Placed,71,75
7306,6.8,1,1,0,72,4.2,No,Yes,60,68,NotPlaced,19,33
7307,7.8,2,2,1,79,4.6,Yes,No,79,71,NotPlaced,80,82
7308,8.5,0,3,0,90,4.8,Yes,Yes,79,82,Placed,86,87
7309,6.5,1,1,0,66,4.8,Yes,No,60,64,NotPlaced,49,57
7310,8.5,0,1,0,73,4.3,Yes,Yes,73,67,NotPlaced,50,58
7311,8.5,1,1,2,85,4.3,Yes,Yes,57,61,NotPlaced,58,64
7312,8.5,2,3,2,90,4.8,Yes,Yes,83,88,Placed,53,60
7313,6.5,1,2,0,86,4.4,Yes,Yes,55,66,NotPlaced,68,72
7314,6.6,1,1,0,74,3.6,No,No,55,67,NotPlaced,35,46
7315,8.5,1,3,0,88,4.7,Yes,Yes,76,83,Placed,48,56
7316,6.8,1,3,0,80,3.9,Yes,No,60,70,NotPlaced,88,88
7317,8.3,2,3,2,84,4.7,Yes,Yes,68,80,Placed,51,58
7318,8.4,1,3,0,73,4.5,Yes,Yes,82,83,NotPlaced,83,84
7319,8.4,1,1,2,76,3.7,No,Yes,55,60,NotPlaced,70,74
7320,8.5,0,3,0,90,4.8,Yes,Yes,55,86,Placed,37,48
7321,6.5,1,1,0,71,4.3,Yes,Yes,62,70,NotPlaced,74,77
7322,8.3,1,3,2,82,4.3,Yes,Yes,61,66,NotPlaced,63,68
7323,8.4,1,1,1,70,4.2,No,No,62,68,NotPlaced,58,64
7324,8.1,2,3,0,87,4.4,Yes,Yes,69,78,Placed,68,72
7325,7.3,1,2,1,61,4.7,Yes,Yes,68,72,NotPlaced,72,75
7326,7.5,0,1,0,81,4.2,No,No,67,60,NotPlaced,75,78
7327,7.4,0,2,1,75,4.1,No,Yes,78,65,Placed,82,84
7328,7.7,1,3,2,78,4.6,Yes,Yes,83,81,NotPlaced,71,74
7329,6.6,1,1,0,83,4.4,No,No,55,62,NotPlaced,44,53
7330,7.9,1,3,0,82,4.7,Yes,No,57,72,NotPlaced,57,64
7331,8.4,0,2,2,87,4.3,Yes,Yes,77,67,NotPlaced,100,100
7332,8.0,1,2,1,78,3.6,Yes,Yes,79,83,NotPlaced,75,78
7333,8.0,0,3,2,90,4.1,Yes,Yes,59,86,NotPlaced,100,98
7334,8.3,1,3,2,90,4.8,Yes,Yes,75,85,Placed,85,86
7335,7.8,0,1,0,74,4.5,No,No,55,69,NotPlaced,68,72
7336,7.8,1,2,1,68,3.9,No,No,61,63,NotPlaced,69,73
7337,7.6,1,1,2,89,4.8,No,Yes,76,86,NotPlaced,64,69
7338,6.6,1,2,0,81,4.5,Yes,Yes,62,64,Placed,38,49
7339,7.4,0,3,1,83,4.3,Yes,Yes,82,68,Placed,65,70
7340,7.6,1,3,2,90,4.8,Yes,Yes,74,83,NotPlaced,83,84
7341,6.6,0,1,2,81,4.3,No,Yes,67,72,NotPlaced,56,62
7342,8.3,1,1,0,90,4.3,Yes,Yes,77,80,NotPlaced,71,74
7343,8.5,0,1,1,64,3.8,Yes,No,56,81,NotPlaced,77,80
7344,7.4,1,2,1,61,4.4,Yes,Yes,62,69,Placed,51,59
7345,8.3,2,3,2,90,4.8,Yes,Yes,84,88,Placed,58,64
7346,7.7,1,1,0,82,3.8,Yes,Yes,82,87,Placed,49,57
7347,8.2,2,3,0,76,4.2,Yes,Yes,72,67,Placed,52,60
7348,8.1,2,3,2,90,4.8,Yes,Yes,75,84,Placed,45,54
7349,8.3,2,3,3,89,4.8,Yes,No,74,77,NotPlaced,51,59
7350,7.7,1,1,1,76,4.6,Yes,Yes,59,82,NotPlaced,86,87
7351,8.3,1,3,2,89,4.8,Yes,Yes,81,85,Placed,51,59
7352,7.5,0,3,2,85,4.5,No,Yes,75,73,Placed,66,71
7353,8.3,0,3,0,86,4.3,Yes,No,56,65,NotPlaced,57,63
7354,8.0,1,3,1,75,4.2,Yes,Yes,76,84,NotPlaced,82,84
7355,7.5,1,2,0,66,4.2,No,Yes,55,65,NotPlaced,84,85
7356,8.0,1,1,0,90,4.4,No,Yes,74,62,NotPlaced,77,80
7357,7.7,2,2,2,85,4.7,Yes,Yes,83,82,Placed,69,73
7358,8.1,1,3,0,87,4.7,Yes,Yes,83,85,Placed,61,67
7359,7.3,1,1,0,83,3.7,No,No,55,62,NotPlaced,47,55
7360,6.5,0,2,1,81,4.8,Yes,Yes,55,69,NotPlaced,94,93
7361,7.3,1,1,0,70,4.3,No,Yes,63,76,NotPlaced,53,60
7362,7.8,0,2,2,80,3.9,Yes,Yes,55,67,NotPlaced,74,77
7363,6.7,0,1,0,78,3.0,No,No,55,65,NotPlaced,80,82
7364,7.5,1,1,1,66,4.1,No,Yes,56,69,NotPlaced,56,63
7365,7.6,2,3,1,87,4.4,No,No,63,65,NotPlaced,80,82
7366,6.8,1,1,0,68,4.2,No,Yes,55,63,NotPlaced,76,79
7367,7.2,1,3,3,88,4.6,No,Yes,76,84,Placed,90,90
7368,7.4,1,1,1,73,3.6,No,Yes,62,63,NotPlaced,57,64
7369,8.0,2,3,0,88,4.5,Yes,No,77,84,NotPlaced,45,54
7370,7.3,1,1,1,74,4.8,No,No,55,66,NotPlaced,57,63
7371,6.5,1,1,0,86,4.2,Yes,Yes,65,65,NotPlaced,68,72
7372,8.5,2,3,2,87,4.6,Yes,Yes,73,86,Placed,65,70
7373,6.6,1,1,0,73,4.5,Yes,No,72,66,NotPlaced,59,65
7374,8.4,1,2,0,90,4.8,Yes,Yes,78,86,Placed,36,47
7375,8.4,1,3,1,85,4.8,Yes,Yes,55,80,NotPlaced,72,75
7376,8.3,0,1,2,81,4.4,Yes,Yes,76,81,Placed,94,93
7377,6.6,1,1,0,78,4.6,No,Yes,55,67,NotPlaced,71,75
7378,7.7,2,2,0,71,4.0,No,Yes,55,72,Placed,74,77
7379,8.5,1,3,2,86,4.5,Yes,Yes,89,77,Placed,73,76
7380,7.7,1,2,0,74,4.7,Yes,Yes,69,71,Placed,70,74
7381,8.5,0,3,2,90,4.6,No,Yes,74,72,Placed,78,81
7382,7.5,0,1,1,74,4.0,No,Yes,55,69,NotPlaced,70,74
7383,8.4,2,3,2,90,4.5,Yes,Yes,75,80,Placed,60,66
7384,6.6,1,2,0,70,4.0,No,No,55,62,NotPlaced,53,60
7385,8.6,2,3,2,90,4.8,Yes,Yes,81,87,Placed,61,67
7386,8.7,2,3,2,90,4.8,Yes,Yes,79,87,Placed,69,73
7387,8.2,2,3,2,87,4.8,Yes,Yes,72,88,Placed,60,66
7388,8.0,2,3,2,90,4.7,Yes,Yes,78,80,Placed,69,73
7389,8.4,0,1,1,64,3.6,Yes,Yes,64,65,NotPlaced,71,75
7390,8.2,0,3,1,90,4.8,Yes,No,61,75,NotPlaced,77,79
7391,7.5,1,1,0,71,3.6,No,No,60,65,NotPlaced,84,85
7392,8.5,2,3,2,90,4.7,Yes,Yes,74,86,Placed,66,70
7393,7.8,1,3,1,89,4.8,Yes,Yes,75,85,Placed,45,54
7394,7.7,0,1,0,83,4.7,Yes,Yes,78,84,NotPlaced,59,65
7395,8.3,1,2,0,80,3.6,No,Yes,72,63,NotPlaced,65,70
7396,7.1,1,3,1,77,4.2,Yes,Yes,62,60,NotPlaced,37,47
7397,7.2,1,2,2,75,4.2,No,Yes,65,69,NotPlaced,85,86
7398,8.0,2,3,2,90,4.8,Yes,Yes,81,87,Placed,67,71
7399,7.9,2,3,2,84,4.7,Yes,Yes,72,86,Placed,70,74
7400,7.8,1,3,2,78,4.8,Yes,No,84,66,NotPlaced,85,86
7401,7.9,1,1,0,89,4.5,Yes,Yes,78,81,Placed,55,62
7402,6.7,1,1,0,73,3.5,Yes,Yes,55,63,NotPlaced,73,76
7403,8.1,0,3,2,82,4.8,Yes,No,82,83,Placed,63,68
7404,7.5,2,3,0,81,4.8,Yes,Yes,80,80,Placed,62,67
7405,6.5,1,1,2,68,4.2,No,No,68,64,NotPlaced,53,60
7406,7.5,0,1,0,65,3.9,No,No,55,65,NotPlaced,89,89
7407,6.7,1,1,2,74,4.3,Yes,No,62,72,Placed,59,65
7408,7.6,2,1,0,70,4.4,No,Yes,57,66,NotPlaced,75,78
7409,6.8,1,1,0,82,4.6,No,Yes,58,75,Placed,36,47
7410,7.8,2,2,2,80,4.6,Yes,Yes,90,79,Placed,82,84
7411,7.6,1,1,0,60,3.6,No,No,55,64,NotPlaced,80,82
7412,8.1,2,3,2,90,4.7,Yes,Yes,79,88,Placed,66,71
7413,7.4,0,1,1,69,4.3,No,Yes,55,76,NotPlaced,61,67
7414,7.6,1,1,0,63,3.3,No,No,63,72,NotPlaced,71,74
7415,7.6,1,2,3,81,4.0,No,Yes,55,83,NotPlaced,99,97
7416,8.3,1,3,2,85,4.7,Yes,Yes,71,86,NotPlaced,38,48
7417,8.3,1,3,2,90,4.8,Yes,Yes,69,88,Placed,76,79
7418,7.5,1,1,1,72,4.5,No,Yes,59,65,NotPlaced,51,59
7419,7.5,1,1,1,77,4.4,Yes,No,70,67,NotPlaced,64,69
7420,6.5,1,1,0,67,3.9,No,No,84,66,NotPlaced,61,67
7421,7.7,1,1,0,65,3.9,No,No,55,72,NotPlaced,58,64
7422,8.1,1,3,2,89,4.7,Yes,Yes,71,80,NotPlaced,64,69
7423,7.5,0,1,1,66,4.1,Yes,Yes,58,67,NotPlaced,47,56
7424,6.5,0,3,1,69,4.5,No,No,57,63,NotPlaced,80,82
7425,6.5,1,1,0,60,3.5,No,Yes,59,74,NotPlaced,38,48
7426,7.5,0,1,0,64,4.4,No,Yes,67,69,NotPlaced,73,76
7427,8.2,1,3,2,88,4.8,Yes,Yes,75,82,Placed,60,66
7428,8.1,1,2,2,83,4.8,Yes,Yes,81,82,Placed,47,55
7429,7.4,1,2,0,71,4.6,No,No,63,68,NotPlaced,68,72
7430,8.3,2,3,1,80,4.6,Yes,No,55,80,NotPlaced,41,51
7431,8.0,1,1,1,80,4.2,No,Yes,74,68,NotPlaced,65,70
7432,8.7,2,3,0,82,4.8,Yes,Yes,78,83,Placed,43,52
7433,7.1,1,1,0,69,3.6,Yes,Yes,55,70,NotPlaced,71,75
7434,7.3,1,1,0,69,3.7,No,Yes,56,70,NotPlaced,51,58
7435,7.4,1,1,1,66,3.5,No,Yes,55,70,NotPlaced,58,64
7436,7.7,1,2,1,70,4.8,Yes,Yes,74,85,NotPlaced,69,73
7437,6.5,0,1,0,74,4.2,No,No,64,72,NotPlaced,53,60
7438,8.9,2,3,2,90,4.8,Yes,Yes,72,84,Placed,64,69
7439,8.2,1,3,0,80,4.3,Yes,Yes,79,68,Placed,42,51
7440,8.1,0,2,0,84,4.0,Yes,Yes,68,69,NotPlaced,74,77
7441,7.2,1,1,0,69,4.1,Yes,No,64,73,NotPlaced,91,91
7442,7.9,0,3,1,82,4.0,No,Yes,82,67,Placed,100,100
7443,6.5,1,2,0,61,4.5,No,No,75,68,NotPlaced,66,71
7444,7.6,1,3,3,79,4.2,No,Yes,61,70,NotPlaced,76,79
7445,8.2,2,3,2,85,4.0,Yes,Yes,85,88,Placed,38,48
7446,6.8,1,1,1,64,3.3,No,No,55,68,NotPlaced,87,88
7447,6.5,1,1,0,61,3.5,No,Yes,61,69,NotPlaced,76,79
7448,7.7,1,1,1,75,3.5,No,No,71,66,Placed,57,64
7449,7.6,1,2,1,67,4.6,No,Yes,61,67,NotPlaced,83,84
7450,7.5,1,2,0,78,3.9,No,No,66,68,NotPlaced,61,66
7451,6.5,1,1,1,73,4.5,No,No,55,59,NotPlaced,58,64
7452,7.4,1,1,1,69,4.2,Yes,No,60,69,NotPlaced,72,75
7453,8.0,1,2,1,82,4.8,Yes,Yes,79,80,Placed,49,57
7454,7.5,2,3,0,84,4.5,Yes,Yes,71,68,NotPlaced,80,82
7455,8.7,0,3,2,88,4.7,Yes,Yes,74,86,Placed,49,57
7456,7.8,1,2,0,73,4.5,Yes,Yes,83,75,NotPlaced,49,57
7457,7.4,1,1,0,69,3.9,No,No,62,74,NotPlaced,51,59
7458,8.2,2,3,2,88,4.3,Yes,No,70,88,Placed,76,79
7459,8.9,1,2,1,84,4.1,Yes,Yes,68,62,NotPlaced,55,62
7460,7.5,1,2,2,78,4.5,No,Yes,75,70,Placed,44,53
7461,7.1,1,1,1,71,4.2,Yes,Yes,65,69,NotPlaced,55,62
7462,8.1,0,3,2,90,4.8,Yes,Yes,79,86,Placed,64,69
7463,7.5,0,1,2,72,4.4,No,Yes,55,69,NotPlaced,47,55
7464,7.7,1,3,2,90,4.6,No,Yes,81,79,Placed,47,56
7465,8.3,0,2,0,90,4.6,Yes,Yes,75,82,Placed,96,95
7466,6.5,1,1,1,76,3.8,No,Yes,60,68,NotPlaced,52,59
7467,8.4,1,2,2,86,4.2,Yes,Yes,80,82,NotPlaced,60,66
7468,6.5,2,1,1,86,3.7,Yes,Yes,58,68,NotPlaced,59,65
7469,8.5,0,2,2,85,4.1,Yes,Yes,59,82,Placed,58,64
7470,7.8,1,1,0,86,4.6,No,Yes,59,69,NotPlaced,74,77
7471,8.2,1,3,1,79,4.6,Yes,Yes,73,84,NotPlaced,79,81
7472,7.6,1,2,0,70,3.6,No,Yes,56,66,NotPlaced,60,66
7473,6.5,2,1,0,78,4.4,No,Yes,75,65,NotPlaced,46,55
7474,7.4,1,1,1,62,4.8,Yes,Yes,55,71,NotPlaced,84,85
7475,8.5,1,3,2,86,4.7,Yes,Yes,73,83,Placed,63,68
7476,7.7,1,2,1,76,4.1,No,Yes,56,69,NotPlaced,90,90
7477,8.1,1,2,0,86,4.8,No,Yes,82,63,NotPlaced,31,43
7478,6.9,2,2,0,68,3.2,No,Yes,55,65,NotPlaced,67,72
7479,7.7,0,2,0,72,4.5,No,Yes,63,87,NotPlaced,93,93
7480,7.5,1,1,0,81,3.6,No,Yes,56,71,NotPlaced,59,65
7481,8.3,2,3,2,90,4.2,Yes,Yes,71,81,Placed,61,67
7482,7.6,1,1,0,73,4.2,No,No,56,66,NotPlaced,69,73
7483,7.7,1,2,1,74,4.6,Yes,Yes,64,57,Placed,56,63
7484,8.4,1,2,1,77,4.0,Yes,Yes,79,84,NotPlaced,60,66
7485,7.5,1,2,0,70,4.2,No,Yes,55,72,Placed,59,65
7486,7.4,1,1,0,81,4.6,No,No,83,81,NotPlaced,55,62
7487,6.9,1,1,1,61,4.6,Yes,Yes,55,64,NotPlaced,83,84
7488,8.1,1,2,0,84,4.3,No,No,58,80,Placed,71,75
7489,8.0,0,2,0,85,3.8,Yes,Yes,75,69,NotPlaced,68,73
7490,6.5,1,1,1,81,4.8,No,Yes,58,77,NotPlaced,77,79
7491,8.4,1,1,2,81,4.6,Yes,Yes,70,70,Placed,61,66
7492,7.5,1,1,1,65,4.5,No,No,55,67,NotPlaced,53,60
7493,7.7,1,3,0,74,4.3,Yes,Yes,75,86,NotPlaced,55,62
7494,8.3,2,3,2,90,4.8,Yes,Yes,78,80,Placed,65,70
7495,6.5,0,3,0,77,3.6,Yes,No,60,74,NotPlaced,49,57
7496,7.6,1,1,1,89,4.8,Yes,Yes,55,84,Placed,57,63
7497,7.4,0,1,1,70,4.3,No,Yes,55,69,NotPlaced,57,63
7498,6.6,1,1,0,73,3.1,No,No,58,61,NotPlaced,96,95
7499,6.5,1,1,1,70,4.1,No,No,65,66,NotPlaced,23,36
7500,8.2,1,2,1,79,4.4,Yes,Yes,83,65,Placed,62,67
7501,6.5,1,2,1,74,3.9,No,Yes,56,68,NotPlaced,90,90
7502,6.7,1,1,0,74,4.4,Yes,Yes,55,69,NotPlaced,66,71
7503,8.8,2,3,2,90,4.7,Yes,Yes,74,86,Placed,76,79
7504,8.0,2,3,2,87,3.7,Yes,Yes,72,83,Placed,66,71
7505,6.7,1,2,0,73,3.4,No,Yes,55,59,NotPlaced,54,61
7506,8.8,0,2,1,78,4.5,Yes,Yes,78,71,NotPlaced,31,43
7507,7.5,1,1,0,74,3.5,No,Yes,60,68,Placed,68,72
7508,7.9,1,2,0,64,3.7,Yes,No,62,64,NotPlaced,53,60
7509,8.2,2,2,3,84,4.8,Yes,Yes,79,80,NotPlaced,52,60
7510,7.8,2,2,2,79,4.5,Yes,No,72,86,NotPlaced,57,64
7511,6.5,1,3,2,75,3.8,Yes,Yes,79,67,NotPlaced,91,90
7512,8.2,0,1,1,64,3.9,No,Yes,55,82,NotPlaced,100,98
7513,6.9,1,2,1,74,4.0,Yes,Yes,59,66,NotPlaced,68,72
7514,8.5,0,3,2,88,4.5,Yes,Yes,85,88,Placed,58,64
7515,7.4,1,1,1,70,4.0,Yes,Yes,57,72,NotPlaced,47,55
7516,8.1,2,3,2,90,4.8,Yes,No,79,88,Placed,72,75
7517,7.8,0,1,0,71,3.7,No,No,55,62,NotPlaced,91,91
7518,6.5,1,2,0,81,4.1,Yes,Yes,56,81,NotPlaced,61,67
7519,8.4,0,1,1,78,3.8,Yes,No,64,68,NotPlaced,29,41
7520,7.8,1,1,1,85,4.8,Yes,Yes,82,83,Placed,75,78
7521,7.9,1,3,2,87,4.8,Yes,Yes,82,88,Placed,79,81
7522,6.5,1,1,0,82,4.3,No,Yes,57,70,NotPlaced,41,50
7523,8.0,2,3,0,90,4.5,Yes,Yes,85,79,Placed,67,72
7524,8.1,2,3,2,83,4.5,Yes,Yes,83,82,Placed,71,75
7525,7.4,1,1,2,63,3.6,No,Yes,62,72,NotPlaced,63,69
7526,8.1,2,3,0,89,4.1,Yes,No,81,67,NotPlaced,53,60
7527,7.8,1,3,2,90,4.8,Yes,Yes,58,78,Placed,80,82
7528,6.6,2,1,0,67,3.9,No,No,55,74,NotPlaced,58,65
7529,7.3,1,1,2,82,4.0,Yes,Yes,59,75,NotPlaced,42,52
7530,8.3,1,1,2,90,4.5,Yes,Yes,79,81,Placed,34,45
7531,6.5,1,1,0,70,4.1,No,No,65,72,NotPlaced,83,85
7532,8.4,2,3,2,90,4.8,Yes,Yes,76,85,Placed,74,77
7533,7.7,1,3,0,75,4.0,Yes,Yes,78,81,Placed,66,71
7534,6.5,2,3,2,71,3.8,Yes,Yes,66,80,Placed,58,64
7535,7.6,1,3,2,79,3.8,Yes,Yes,75,88,Placed,57,63
7536,8.5,1,2,0,84,4.5,Yes,Yes,77,81,NotPlaced,48,57
7537,6.5,2,2,2,80,4.6,Yes,Yes,81,72,Placed,58,64
7538,6.7,1,1,0,71,4.1,No,No,60,68,NotPlaced,33,44
7539,7.5,1,1,1,66,4.0,No,Yes,61,72,NotPlaced,53,61
7540,7.5,0,2,1,82,4.2,Yes,Yes,80,85,NotPlaced,60,66
7541,7.9,1,2,0,77,4.2,No,Yes,75,63,NotPlaced,74,77
7542,7.7,1,3,2,85,4.5,Yes,Yes,76,81,NotPlaced,64,69
7543,7.8,2,3,1,90,4.0,Yes,Yes,81,84,NotPlaced,76,79
7544,8.6,2,3,2,90,4.8,Yes,Yes,73,68,Placed,85,86
7545,8.1,2,3,2,85,4.8,Yes,Yes,83,84,Placed,80,82
7546,6.6,1,1,0,77,3.8,No,Yes,59,71,NotPlaced,72,75
7547,8.0,2,3,2,87,4.8,Yes,Yes,75,81,Placed,65,70
7548,8.6,1,3,2,90,4.5,Yes,Yes,72,83,Placed,50,58
7549,8.3,1,3,2,90,4.7,Yes,Yes,76,80,Placed,76,78
7550,8.0,2,1,0,90,4.7,Yes,Yes,83,85,Placed,90,90
7551,7.5,1,2,0,82,4.1,No,No,64,61,NotPlaced,70,74
7552,7.8,0,1,0,63,4.2,No,Yes,56,70,NotPlaced,93,93
7553,7.5,0,2,0,81,3.6,No,Yes,55,68,Placed,42,51
7554,7.8,1,1,1,63,4.1,No,Yes,55,67,NotPlaced,47,56
7555,6.7,1,1,0,66,4.3,Yes,No,55,71,NotPlaced,77,80
7556,7.6,1,3,1,81,3.9,Yes,Yes,82,84,Placed,68,73
7557,7.6,0,2,1,77,4.7,Yes,Yes,76,65,NotPlaced,84,85
7558,8.1,1,3,2,85,4.5,Yes,No,76,87,NotPlaced,64,69
7559,8.2,1,2,2,81,4.8,Yes,Yes,75,87,Placed,51,59
7560,7.6,1,2,0,74,4.1,No,Yes,67,69,NotPlaced,61,67
7561,7.5,1,1,1,69,3.9,No,Yes,59,66,NotPlaced,42,51
7562,7.3,1,2,1,88,4.8,No,No,55,74,NotPlaced,48,56
7563,6.7,0,2,0,75,4.2,No,Yes,55,64,NotPlaced,79,81
7564,8.7,0,1,0,87,4.8,Yes,No,77,79,Placed,78,80
7565,8.0,2,1,2,88,4.7,Yes,Yes,62,66,Placed,70,74
7566,8.3,0,1,0,69,4.3,Yes,No,68,63,NotPlaced,39,49
7567,7.6,0,3,1,81,4.6,Yes,Yes,61,71,NotPlaced,59,65
7568,6.5,2,1,0,86,3.4,No,Yes,55,64,NotPlaced,46,55
7569,7.4,1,1,1,70,3.5,No,Yes,57,61,NotPlaced,82,84
7570,8.7,2,3,2,76,4.3,Yes,Yes,82,83,Placed,56,62
7571,6.5,1,1,0,79,3.7,No,No,63,62,NotPlaced,48,56
7572,8.4,1,3,2,70,3.8,Yes,No,75,86,NotPlaced,65,70
7573,7.4,1,1,0,67,3.7,No,No,65,65,NotPlaced,55,62
7574,7.4,0,1,0,63,4.2,No,Yes,58,66,NotPlaced,87,87
7575,6.7,0,2,0,70,3.0,No,Yes,55,69,NotPlaced,53,61
7576,8.3,2,3,2,90,4.4,Yes,Yes,90,84,Placed,44,53
7577,8.3,2,3,0,90,4.8,Yes,Yes,79,82,Placed,32,44
7578,6.5,1,2,0,60,4.3,No,No,55,70,NotPlaced,64,69
7579,7.4,1,2,0,80,4.7,No,Yes,59,64,NotPlaced,56,63
7580,7.1,0,1,0,90,4.5,Yes,No,79,78,NotPlaced,43,52
7581,6.5,0,3,2,73,4.5,Yes,Yes,74,84,Placed,82,84
7582,8.6,2,3,2,90,4.5,Yes,Yes,79,84,Placed,75,78
7583,6.5,2,1,0,69,3.7,No,No,55,68,NotPlaced,64,69
7584,8.5,1,3,0,90,4.5,Yes,Yes,74,83,Placed,85,86
7585,6.9,1,1,0,75,3.8,Yes,Yes,55,66,NotPlaced,74,77
7586,6.5,1,1,2,84,4.5,No,Yes,78,68,NotPlaced,52,60
7587,8.1,2,3,2,87,4.8,Yes,No,84,86,Placed,49,57
7588,7.5,0,1,1,70,4.4,No,No,55,66,NotPlaced,77,79
7589,6.8,1,2,1,75,4.0,No,Yes,62,76,NotPlaced,70,74
7590,7.9,1,0,3,90,4.8,Yes,Yes,68,88,NotPlaced,67,72
7591,8.2,1,3,0,82,4.7,Yes,Yes,76,84,NotPlaced,52,59
7592,7.7,1,1,0,75,4.0,No,Yes,61,71,Placed,74,77
7593,8.3,2,2,0,81,4.7,Yes,Yes,78,86,NotPlaced,53,60
7594,6.8,0,2,0,78,4.1,No,Yes,57,88,NotPlaced,63,68
7595,7.7,1,1,0,69,4.4,No,No,59,66,NotPlaced,86,87
7596,6.5,2,1,3,83,4.5,Yes,Yes,55,68,NotPlaced,55,62
7597,8.2,1,1,2,89,4.8,Yes,Yes,87,84,Placed,41,51
7598,7.0,1,1,2,83,4.8,Yes,Yes,83,80,Placed,49,57
7599,7.5,1,1,0,66,3.9,No,No,55,71,NotPlaced,79,81
7600,7.3,1,1,0,60,3.2,No,No,61,70,NotPlaced,68,73
7601,7.3,1,1,0,80,3.8,Yes,Yes,59,58,Placed,63,68
7602,7.0,1,2,1,61,4.0,No,Yes,70,65,NotPlaced,57,63
7603,7.4,1,1,0,86,4.5,Yes,Yes,69,86,NotPlaced,72,75
7604,6.7,1,3,1,86,4.8,Yes,Yes,75,80,Placed,52,59
7605,8.0,0,3,2,90,4.8,Yes,Yes,84,82,Placed,69,73
7606,8.0,2,3,2,80,4.8,Yes,No,72,63,Placed,54,61
7607,8.4,1,3,2,90,4.8,Yes,Yes,79,87,Placed,51,59
7608,7.6,1,1,0,69,4.0,No,Yes,59,65,NotPlaced,55,62
7609,8.2,1,2,0,81,4.4,No,Yes,55,62,NotPlaced,59,65
7610,7.5,1,1,0,71,4.0,No,No,63,64,NotPlaced,64,69
7611,8.2,2,1,2,90,4.6,Yes,Yes,74,79,Placed,68,72
7612,8.1,0,2,0,77,3.8,Yes,Yes,84,62,NotPlaced,9,25
7613,7.7,1,2,0,80,3.5,Yes,Yes,79,84,NotPlaced,52,60
7614,7.4,1,2,0,74,4.5,No,Yes,70,68,Placed,59,65
7615,8.4,2,3,2,90,4.8,Yes,Yes,80,80,Placed,87,88
7616,7.4,1,1,0,74,3.9,No,Yes,55,69,NotPlaced,48,57
7617,7.6,0,2,0,75,3.6,No,No,56,70,NotPlaced,67,71
7618,7.7,1,2,0,81,4.4,No,Yes,75,83,NotPlaced,87,87
7619,7.4,2,3,2,79,4.7,Yes,No,87,84,Placed,45,54
7620,7.7,1,2,0,80,4.0,No,Yes,57,67,NotPlaced,70,74
7621,7.6,0,2,0,84,4.0,Yes,Yes,70,86,Placed,52,60
7622,8.5,1,3,2,90,4.7,Yes,Yes,69,86,Placed,57,63
7623,7.5,0,2,0,81,4.1,No,No,63,64,NotPlaced,52,60
7624,7.4,1,1,1,73,4.2,Yes,No,66,87,NotPlaced,54,61
7625,6.5,1,1,0,73,4.0,Yes,No,59,67,Placed,100,100
7626,8.3,2,1,2,75,3.9,No,No,55,64,NotPlaced,77,80
7627,7.4,1,2,0,73,4.2,No,No,55,61,NotPlaced,81,83
7628,8.7,1,3,2,80,4.1,Yes,Yes,70,88,Placed,72,75
7629,8.4,2,3,2,84,3.7,No,No,81,82,NotPlaced,40,50
7630,7.6,0,1,0,75,4.2,Yes,No,55,59,NotPlaced,70,74
7631,8.5,1,3,3,84,4.6,Yes,Yes,69,88,Placed,81,82
7632,7.5,1,1,0,71,3.7,No,Yes,73,71,NotPlaced,52,59
7633,7.5,1,1,0,77,4.0,No,Yes,55,63,NotPlaced,79,81
7634,7.6,0,2,0,70,3.8,No,Yes,63,69,NotPlaced,75,78
7635,8.1,1,2,0,90,4.5,No,No,70,61,NotPlaced,92,92
7636,7.7,1,2,1,80,4.4,No,Yes,81,57,NotPlaced,58,64
7637,7.5,1,1,1,80,4.1,Yes,Yes,73,69,NotPlaced,48,56
7638,8.5,1,2,0,87,4.3,Yes,Yes,72,83,Placed,59,65
7639,7.6,0,1,1,71,4.3,No,No,59,66,NotPlaced,86,87
7640,6.5,0,1,1,69,3.9,No,No,55,62,NotPlaced,37,48
7641,8.2,2,3,3,82,4.0,Yes,Yes,83,80,Placed,33,45
7642,6.9,1,2,0,70,4.8,Yes,Yes,78,88,NotPlaced,66,71
7643,8.4,2,3,2,84,4.7,Yes,No,85,85,NotPlaced,58,64
7644,7.6,1,2,2,76,4.5,Yes,Yes,80,85,Placed,65,70
7645,7.7,1,1,0,81,4.6,No,Yes,76,68,NotPlaced,79,81
7646,8.0,1,2,2,90,4.7,Yes,Yes,77,88,NotPlaced,56,63
7647,8.3,2,3,0,90,4.8,Yes,Yes,84,86,Placed,36,47
7648,8.3,2,3,2,90,4.8,Yes,Yes,86,85,Placed,95,94
7649,7.5,1,1,0,61,3.9,No,No,55,74,NotPlaced,50,58
7650,8.3,1,3,2,89,3.4,Yes,Yes,77,85,Placed,49,57
7651,6.5,0,1,0,66,4.0,No,Yes,66,72,NotPlaced,81,83
7652,8.6,1,1,2,90,4.7,Yes,Yes,76,85,Placed,59,65
7653,7.3,0,1,1,70,3.9,No,No,55,71,NotPlaced,64,69
7654,8.2,2,3,2,87,4.8,Yes,Yes,83,83,Placed,72,75
7655,8.5,1,1,2,78,4.5,No,Yes,58,73,NotPlaced,81,83
7656,7.7,0,2,0,74,4.2,No,Yes,55,71,NotPlaced,59,65
7657,8.4,1,3,2,80,4.5,Yes,Yes,71,64,NotPlaced,87,88
7658,8.6,1,1,2,90,4.7,Yes,Yes,87,66,Placed,32,44
7659,7.3,0,2,2,86,4.8,Yes,Yes,74,86,Placed,76,79
7660,8.3,0,3,3,89,4.8,Yes,Yes,74,74,Placed,52,59
7661,6.5,1,1,0,66,3.9,No,No,55,73,NotPlaced,85,86
7662,6.8,0,1,0,72,4.2,No,No,55,69,NotPlaced,67,71
7663,8.3,0,3,2,90,4.5,Yes,Yes,74,83,Placed,54,61
7664,8.5,1,2,0,81,4.4,Yes,Yes,79,75,Placed,74,77
7665,6.5,1,1,1,71,4.5,No,No,55,74,NotPlaced,78,80
7666,7.9,2,3,2,83,4.5,Yes,Yes,72,84,NotPlaced,74,77
7667,6.7,0,1,1,71,4.2,No,No,55,69,NotPlaced,49,57
7668,8.1,1,1,0,70,4.3,Yes,Yes,76,69,NotPlaced,57,64
7669,7.5,0,2,0,70,4.1,No,Yes,55,67,NotPlaced,64,69
7670,6.7,0,2,1,71,3.7,No,No,55,67,NotPlaced,64,69
7671,8.4,2,3,2,90,4.8,Yes,Yes,72,84,Placed,76,78
7672,6.7,2,1,0,78,4.4,No,Yes,56,62,NotPlaced,34,45
7673,6.5,1,1,1,75,3.8,No,Yes,56,64,NotPlaced,70,74
7674,6.5,1,2,0,71,4.0,Yes,Yes,75,74,NotPlaced,60,66
7675,7.7,1,3,2,88,4.5,Yes,Yes,79,70,NotPlaced,52,59
7676,7.3,0,3,1,82,3.8,No,No,84,62,NotPlaced,53,61
7677,7.6,0,1,2,72,3.7,No,No,55,61,NotPlaced,61,67
7678,6.8,1,1,1,73,3.9,No,Yes,78,67,NotPlaced,10,26
7679,7.6,1,2,3,81,4.6,Yes,Yes,73,82,NotPlaced,54,61
7680,6.5,1,2,0,61,4.0,No,No,56,61,NotPlaced,51,59
7681,6.9,1,1,1,74,4.1,No,Yes,55,61,NotPlaced,72,76
7682,6.8,1,1,0,74,4.3,No,Yes,59,67,Placed,52,60
7683,7.4,1,1,0,82,4.7,Yes,Yes,84,87,NotPlaced,61,67
7684,8.2,2,3,1,90,3.9,Yes,Yes,76,82,Placed,88,88
7685,7.9,0,2,0,81,4.5,Yes,Yes,74,87,NotPlaced,79,81
7686,6.7,1,2,1,81,4.5,Yes,Yes,71,83,Placed,78,80
7687,8.2,1,1,0,71,4.4,Yes,Yes,77,68,NotPlaced,57,64
7688,7.6,1,1,1,71,3.8,No,No,62,71,NotPlaced,73,76
7689,7.3,1,3,0,71,4.5,No,No,58,70,NotPlaced,61,67
7690,8.4,1,2,2,73,4.3,Yes,No,71,79,Placed,62,67
7691,7.6,1,1,0,83,4.1,No,No,68,63,NotPlaced,71,74
7692,6.5,0,1,1,70,4.4,No,Yes,55,62,NotPlaced,56,62
7693,8.3,1,1,1,75,4.8,No,No,56,65,NotPlaced,87,87
7694,8.2,2,1,2,90,4.5,Yes,No,66,83,NotPlaced,62,68
7695,7.4,1,1,1,80,4.2,Yes,Yes,75,65,Placed,74,77
7696,8.1,2,3,0,79,4.8,Yes,Yes,70,82,NotPlaced,86,87
7697,7.5,0,3,0,73,4.5,Yes,No,68,83,NotPlaced,80,82
7698,6.6,0,1,1,71,3.4,No,No,56,70,NotPlaced,43,53
7699,7.6,1,2,1,69,4.2,No,No,63,60,NotPlaced,71,75
7700,7.5,1,2,1,85,4.8,No,Yes,61,84,NotPlaced,77,80
7701,8.2,1,2,0,88,4.3,No,No,76,81,Placed,78,80
7702,8.4,1,1,2,76,4.6,Yes,Yes,74,85,NotPlaced,48,56
7703,8.5,2,3,2,90,4.8,Yes,Yes,85,88,Placed,55,62
7704,6.8,1,1,0,74,4.0,Yes,No,62,83,NotPlaced,79,81
7705,6.5,1,3,1,76,4.6,Yes,Yes,74,76,Placed,53,60
7706,8.0,1,2,0,78,4.8,No,Yes,79,70,NotPlaced,60,66
7707,8.4,1,1,2,85,4.8,Yes,Yes,75,84,Placed,88,88
7708,6.6,1,1,1,85,4.1,Yes,Yes,80,85,NotPlaced,64,69
7709,8.2,2,3,0,65,4.3,Yes,Yes,78,83,Placed,54,61
7710,7.7,1,1,2,83,4.5,Yes,Yes,71,82,Placed,51,59
7711,8.3,2,3,1,85,4.8,Yes,Yes,79,86,Placed,69,73
7712,6.5,1,1,0,67,4.0,No,No,60,67,NotPlaced,45,54
7713,8.4,1,3,2,77,4.5,Yes,Yes,75,72,NotPlaced,61,67
7714,8.3,1,3,0,84,4.6,Yes,Yes,71,80,Placed,69,73
7715,6.5,1,2,1,84,4.7,Yes,Yes,77,72,NotPlaced,84,85
7716,7.6,0,2,0,84,4.4,No,Yes,55,69,NotPlaced,75,78
7717,7.4,0,2,1,66,3.7,No,No,73,68,NotPlaced,54,61
7718,8.2,1,2,2,69,4.0,Yes,No,58,63,NotPlaced,82,84
7719,6.5,1,2,0,81,3.5,No,Yes,62,63,Placed,60,66
7720,8.8,1,2,0,76,4.2,Yes,No,61,67,NotPlaced,46,55
7721,8.5,1,0,2,77,4.6,Yes,Yes,73,83,Placed,62,67
7722,8.3,1,2,0,78,4.6,Yes,Yes,74,60,NotPlaced,86,87
7723,8.0,0,3,2,90,4.8,Yes,Yes,80,85,Placed,67,71
7724,8.5,2,3,0,86,4.6,Yes,Yes,69,85,Placed,65,70
7725,8.5,1,3,2,90,4.8,Yes,Yes,84,81,Placed,89,89
7726,8.1,1,3,2,81,4.5,No,Yes,70,85,NotPlaced,43,52
7727,8.6,1,3,2,90,4.6,Yes,Yes,88,85,Placed,45,54
7728,8.2,2,3,2,90,4.7,Yes,No,81,87,Placed,40,50
7729,7.5,0,1,0,82,4.1,Yes,Yes,58,69,NotPlaced,70,74
7730,8.3,2,3,0,90,4.8,Yes,Yes,75,86,Placed,67,71
7731,7.7,1,1,2,79,3.9,No,Yes,56,66,NotPlaced,88,88
7732,7.4,1,1,1,73,4.8,Yes,Yes,61,69,NotPlaced,68,72
7733,8.3,2,3,2,90,4.8,Yes,Yes,79,88,Placed,58,65
7734,7.4,1,1,0,75,4.5,No,Yes,57,66,Placed,65,70
7735,8.3,1,2,1,70,4.8,Yes,Yes,87,85,Placed,66,71
7736,6.6,0,1,1,64,4.6,Yes,Yes,64,71,NotPlaced,39,49
7737,7.8,1,2,1,66,3.7,Yes,Yes,64,67,NotPlaced,100,100
7738,6.6,0,3,1,90,4.4,No,Yes,55,71,NotPlaced,72,76
7739,7.7,0,3,1,74,4.3,Yes,Yes,78,65,NotPlaced,68,72
7740,7.4,1,1,0,80,3.4,No,No,55,63,NotPlaced,74,77
7741,7.5,2,3,1,79,4.4,Yes,Yes,68,71,Placed,75,78
7742,8.4,1,3,3,90,4.8,Yes,Yes,76,86,Placed,62,68
7743,8.7,1,1,0,85,3.8,Yes,Yes,71,69,NotPlaced,55,62
7744,8.4,1,2,0,82,4.5,Yes,Yes,76,85,NotPlaced,73,77
7745,8.0,1,2,1,80,4.7,Yes,Yes,70,81,NotPlaced,70,74
7746,7.5,0,1,1,70,3.9,No,Yes,55,69,NotPlaced,52,60
7747,6.5,0,2,0,74,4.5,No,No,62,68,NotPlaced,86,87
7748,6.7,0,1,1,76,3.9,No,Yes,55,65,NotPlaced,69,73
7749,7.4,0,1,0,73,4.4,No,No,55,72,NotPlaced,75,78
7750,8.4,2,3,1,83,4.4,Yes,Yes,77,79,NotPlaced,85,86
7751,8.0,1,3,0,79,4.3,Yes,Yes,79,78,NotPlaced,65,70
7752,8.7,2,3,0,82,4.1,Yes,Yes,72,79,Placed,69,73
7753,7.5,1,2,0,79,4.4,Yes,No,62,69,NotPlaced,77,79
7754,7.4,1,2,1,82,3.9,No,Yes,55,70,NotPlaced,54,61
7755,7.7,0,2,0,77,4.1,No,No,65,69,NotPlaced,65,70
7756,7.6,0,3,0,85,4.7,Yes,Yes,70,75,Placed,66,71
7757,7.5,0,3,1,74,4.8,Yes,Yes,76,71,NotPlaced,50,58
7758,8.1,1,3,0,76,4.0,Yes,Yes,75,73,Placed,99,97
7759,8.4,0,3,0,90,4.8,Yes,Yes,78,66,Placed,43,53
7760,7.5,1,1,1,60,4.8,Yes,Yes,75,70,NotPlaced,45,54
7761,8.0,1,3,0,86,4.2,Yes,Yes,73,88,Placed,84,85
7762,7.5,1,1,0,67,4.1,No,No,57,67,NotPlaced,75,78
7763,6.5,1,2,1,69,4.3,No,No,55,61,NotPlaced,49,57
7764,8.4,0,1,2,80,4.0,Yes,Yes,62,85,Placed,74,77
7765,7.7,2,3,3,84,4.2,Yes,Yes,72,79,NotPlaced,87,87
7766,8.0,1,3,0,90,4.8,Yes,Yes,72,88,Placed,64,69
7767,6.5,1,3,2,85,4.8,Yes,Yes,55,70,NotPlaced,100,100
7768,6.8,0,1,0,60,3.9,No,No,67,61,NotPlaced,39,49
7769,7.4,1,3,0,75,4.6,No,No,78,86,NotPlaced,75,78
7770,7.7,1,1,1,73,4.0,No,Yes,58,67,NotPlaced,82,83
7771,8.1,1,1,0,84,3.7,Yes,No,64,64,NotPlaced,78,80
7772,7.9,2,1,0,75,3.4,Yes,Yes,55,63,NotPlaced,61,67
7773,8.5,1,2,3,77,4.8,Yes,Yes,66,85,NotPlaced,60,66
7774,8.3,1,2,0,75,3.8,No,Yes,55,67,NotPlaced,71,75
7775,6.6,1,3,1,79,3.2,No,Yes,62,69,NotPlaced,77,79
7776,8.6,2,3,2,90,4.8,Yes,Yes,85,81,Placed,74,77
7777,8.1,1,3,2,87,4.5,Yes,Yes,81,88,Placed,80,82
7778,6.5,1,2,0,76,3.8,No,Yes,62,68,NotPlaced,49,57
7779,8.4,1,1,1,74,3.8,Yes,No,69,76,NotPlaced,61,67
7780,8.1,1,3,2,78,3.7,Yes,Yes,73,83,Placed,50,58
7781,8.1,1,3,0,87,4.1,No,Yes,78,85,Placed,59,65
7782,8.0,1,3,2,90,4.8,Yes,Yes,77,88,Placed,80,82
7783,7.4,0,1,1,80,4.2,No,No,55,69,NotPlaced,66,71
7784,8.2,1,3,2,90,4.4,Yes,Yes,71,81,Placed,100,100
7785,8.4,0,3,1,86,4.0,Yes,Yes,85,67,NotPlaced,67,72
7786,7.3,0,1,2,74,4.0,No,No,69,73,NotPlaced,65,70
7787,6.7,1,1,1,81,4.1,No,No,64,72,NotPlaced,66,71
7788,6.5,0,2,1,72,3.0,No,Yes,59,76,NotPlaced,55,62
7789,6.5,0,1,3,76,4.4,Yes,No,64,70,NotPlaced,64,69
7790,7.9,2,1,1,70,4.7,No,No,61,63,NotPlaced,81,83
7791,7.4,1,1,0,60,4.2,No,Yes,55,65,NotPlaced,66,71
7792,7.3,1,1,1,71,4.4,No,Yes,69,72,NotPlaced,53,60
7793,6.5,1,3,0,74,4.0,No,Yes,69,68,Placed,51,58
7794,6.5,1,1,0,66,4.2,No,No,78,62,NotPlaced,58,64
7795,8.2,2,3,2,90,4.8,Yes,Yes,83,82,Placed,66,70
7796,8.5,2,3,2,90,4.8,Yes,Yes,83,85,Placed,82,84
7797,7.8,2,3,2,90,4.8,Yes,No,81,87,NotPlaced,44,53
7798,7.5,1,1,0,76,4.7,No,No,55,64,NotPlaced,60,66
7799,7.5,1,1,0,82,4.1,No,No,76,70,NotPlaced,67,71
7800,6.9,1,3,0,81,4.6,Yes,Yes,62,76,Placed,37,47
7801,8.6,2,3,2,90,4.8,Yes,Yes,72,86,Placed,52,59
7802,8.5,2,3,1,84,4.4,Yes,Yes,87,84,Placed,54,61
7803,8.5,2,3,2,85,4.7,Yes,Yes,78,68,Placed,53,60
7804,8.1,1,2,1,86,4.8,Yes,Yes,69,85,Placed,67,72
7805,6.6,2,3,1,85,4.1,No,No,74,69,NotPlaced,62,68
7806,8.2,1,1,2,79,4.7,Yes,Yes,67,86,Placed,56,63
7807,6.5,1,1,1,65,3.0,No,No,61,79,NotPlaced,71,75
7808,7.5,1,2,3,73,3.5,No,Yes,55,66,NotPlaced,90,90
7809,7.4,1,1,1,79,4.4,Yes,Yes,66,65,NotPlaced,89,89
7810,7.2,1,1,0,61,4.4,No,Yes,57,77,NotPlaced,36,46
7811,7.6,1,1,0,71,4.1,No,Yes,58,59,NotPlaced,73,76
7812,8.4,1,1,1,79,4.1,No,No,59,66,NotPlaced,62,67
7813,7.7,2,3,0,79,3.9,Yes,Yes,82,86,Placed,67,71
7814,7.7,2,3,0,90,4.6,Yes,No,55,80,NotPlaced,59,65
7815,8.1,2,2,1,76,4.8,Yes,Yes,71,81,NotPlaced,66,71
7816,8.5,1,3,2,90,4.7,Yes,Yes,75,81,Placed,67,71
7817,7.6,1,3,2,90,4.5,Yes,No,87,71,Placed,56,63
7818,7.4,1,3,1,87,4.6,No,No,69,83,NotPlaced,51,59
7819,6.6,1,1,0,74,4.7,Yes,No,68,64,NotPlaced,58,64
7820,8.3,2,3,2,90,4.8,Yes,Yes,87,81,NotPlaced,68,72
7821,8.3,2,3,0,85,4.8,Yes,Yes,75,83,Placed,73,77
7822,8.0,2,3,2,90,4.8,Yes,Yes,80,87,Placed,77,80
7823,8.3,1,3,1,81,4.8,Yes,Yes,65,83,NotPlaced,57,64
7824,7.8,1,2,0,79,4.4,Yes,Yes,71,81,NotPlaced,69,73
7825,6.9,0,1,2,72,4.8,Yes,Yes,58,85,Placed,79,81
7826,7.8,1,1,1,67,3.5,No,No,60,70,NotPlaced,82,83
7827,8.8,2,3,2,90,4.7,Yes,Yes,81,79,Placed,64,69
7828,7.5,0,2,0,67,3.1,No,No,55,70,NotPlaced,61,67
7829,7.0,0,1,3,86,4.2,No,Yes,62,81,NotPlaced,67,72
7830,8.4,1,1,0,75,3.7,Yes,No,59,65,NotPlaced,47,56
7831,6.5,1,1,1,78,4.3,No,Yes,77,69,NotPlaced,62,67
7832,7.4,1,2,2,80,3.9,No,Yes,77,88,Placed,76,78
7833,7.6,1,1,2,81,3.9,No,Yes,62,78,NotPlaced,74,77
7834,6.5,1,2,0,78,4.7,No,Yes,76,72,NotPlaced,60,66
7835,6.5,1,3,1,76,4.1,Yes,Yes,55,74,NotPlaced,68,72
7836,6.5,1,1,0,78,4.4,No,Yes,66,74,NotPlaced,52,60
7837,8.5,1,2,2,81,3.8,Yes,Yes,78,85,NotPlaced,75,78
7838,6.5,1,1,0,78,4.4,No,No,64,68,NotPlaced,63,69
7839,7.4,1,3,2,90,4.0,Yes,Yes,71,83,Placed,60,66
7840,7.7,1,1,1,71,4.2,No,No,71,59,NotPlaced,59,65
7841,7.7,1,1,1,78,4.8,No,No,65,72,NotPlaced,64,69
7842,6.5,1,3,1,70,4.2,Yes,Yes,69,71,NotPlaced,58,64
7843,7.9,2,3,2,76,4.5,Yes,No,87,82,Placed,74,77
7844,8.0,2,3,2,79,4.8,Yes,Yes,85,85,Placed,59,65
7845,8.6,2,2,1,77,4.5,Yes,Yes,87,82,NotPlaced,88,89
7846,7.5,0,1,1,83,4.4,No,Yes,59,66,NotPlaced,86,87
7847,8.4,0,1,0,84,4.8,No,Yes,78,81,Placed,51,59
7848,7.2,2,3,0,86,4.8,Yes,Yes,81,82,Placed,66,70
7849,6.9,0,1,0,78,4.5,No,Yes,55,63,NotPlaced,55,62
7850,8.0,1,3,0,82,3.8,No,No,55,66,NotPlaced,60,66
7851,6.9,0,1,0,71,3.6,No,No,55,70,NotPlaced,95,94
7852,7.9,0,2,1,72,4.3,Yes,Yes,60,72,NotPlaced,60,66
7853,8.4,1,1,2,90,4.8,Yes,Yes,83,86,Placed,70,74
7854,8.4,1,3,2,90,4.8,Yes,Yes,75,87,Placed,73,76
7855,6.7,1,2,1,85,4.8,Yes,Yes,75,83,Placed,49,57
7856,8.0,0,3,2,86,4.3,Yes,Yes,81,88,Placed,52,59
7857,8.3,1,3,0,84,4.4,Yes,Yes,73,84,NotPlaced,46,55
7858,8.1,1,3,1,78,4.1,Yes,Yes,66,73,NotPlaced,51,59
7859,6.8,1,2,0,79,4.0,No,Yes,69,68,NotPlaced,22,35
7860,7.5,1,3,0,78,4.5,Yes,Yes,75,82,NotPlaced,73,76
7861,7.7,1,1,0,74,4.2,Yes,Yes,86,64,NotPlaced,95,94
7862,8.0,2,3,2,86,4.8,Yes,Yes,78,85,Placed,67,71
7863,7.5,1,2,1,82,4.0,No,No,63,63,NotPlaced,43,53
7864,6.6,1,3,1,82,4.6,No,Yes,59,87,NotPlaced,55,62
7865,6.5,1,1,1,69,4.3,No,No,55,69,NotPlaced,58,64
7866,8.3,1,2,2,89,4.8,Yes,Yes,75,83,Placed,49,57
7867,6.8,1,1,0,71,4.4,No,No,60,68,NotPlaced,77,80
7868,8.1,1,1,1,79,4.5,No,No,62,67,NotPlaced,77,79
7869,8.9,1,3,0,85,4.8,Yes,Yes,73,81,Placed,47,56
7870,8.3,2,3,2,90,4.7,Yes,Yes,77,81,Placed,75,78
7871,8.5,2,3,2,86,4.7,Yes,Yes,71,79,Placed,87,88
7872,7.8,1,1,0,83,3.8,No,Yes,69,66,NotPlaced,93,92
7873,8.2,1,1,0,80,3.9,Yes,Yes,61,84,NotPlaced,100,100
7874,7.9,1,2,2,87,3.6,Yes,No,80,88,Placed,51,59
7875,7.6,0,1,0,83,4.0,No,Yes,79,86,NotPlaced,100,100
7876,7.3,0,1,0,75,3.4,No,No,55,70,NotPlaced,59,65
7877,6.6,0,2,0,68,3.8,No,No,66,70,NotPlaced,56,62
7878,8.5,1,2,0,87,4.0,Yes,Yes,78,70,Placed,69,73
7879,8.3,1,1,0,73,3.6,No,Yes,74,68,NotPlaced,56,63
7880,7.4,1,2,1,73,4.0,No,Yes,60,67,NotPlaced,70,74
7881,8.4,0,1,0,80,4.5,Yes,Yes,87,78,NotPlaced,45,54
7882,8.5,2,1,0,83,4.7,No,Yes,70,71,NotPlaced,61,67
7883,6.5,1,1,0,66,4.1,No,No,55,62,NotPlaced,84,85
7884,7.5,1,3,1,87,4.6,Yes,Yes,81,86,Placed,64,69
7885,8.4,2,3,2,90,4.8,Yes,Yes,67,82,Placed,67,71
7886,7.6,1,3,2,72,4.8,Yes,Yes,75,70,NotPlaced,72,75
7887,8.2,2,3,2,90,4.8,Yes,Yes,73,88,Placed,82,84
7888,6.5,1,3,2,84,4.5,No,Yes,70,75,Placed,40,50
7889,8.5,2,3,2,90,4.8,Yes,Yes,83,86,Placed,73,77
7890,7.6,1,1,1,73,3.7,No,No,55,72,NotPlaced,60,66
7891,7.6,1,1,1,66,3.8,No,No,56,67,NotPlaced,67,71
7892,8.1,2,3,2,90,4.8,Yes,Yes,85,88,Placed,80,82
7893,7.3,1,3,2,90,4.5,Yes,Yes,77,85,Placed,47,55
7894,6.6,2,3,0,77,4.4,Yes,Yes,78,76,Placed,49,57
7895,8.9,2,3,2,88,4.8,Yes,Yes,73,83,NotPlaced,35,46
7896,7.9,2,2,1,90,4.8,Yes,Yes,82,87,Placed,56,63
7897,7.7,1,2,0,87,4.0,Yes,Yes,73,84,Placed,84,85
7898,7.1,1,1,1,64,4.5,No,No,66,64,NotPlaced,63,68
7899,7.6,1,2,0,80,4.6,No,Yes,69,69,NotPlaced,44,53
7900,7.9,1,3,0,71,3.9,Yes,Yes,55,72,NotPlaced,57,64
7901,7.6,1,2,1,67,3.9,No,No,55,65,NotPlaced,42,52
7902,8.0,1,2,0,90,4.5,Yes,Yes,75,83,NotPlaced,48,56
7903,7.4,2,1,0,73,4.1,Yes,Yes,78,79,NotPlaced,70,74
7904,6.5,0,1,1,68,3.5,No,Yes,62,69,NotPlaced,47,55
7905,8.1,2,3,2,83,4.3,Yes,Yes,83,79,Placed,81,83
7906,8.2,1,3,2,83,4.4,Yes,Yes,77,85,Placed,63,69
7907,7.9,1,2,1,80,4.3,No,No,58,70,NotPlaced,66,71
7908,7.8,2,3,2,90,4.7,Yes,Yes,85,82,Placed,60,66
7909,7.3,0,1,0,78,3.7,No,Yes,79,86,NotPlaced,76,79
7910,8.1,1,2,2,86,4.8,Yes,Yes,76,85,Placed,76,79
7911,7.6,1,2,0,79,4.1,No,Yes,69,65,Placed,70,74
7912,7.6,1,2,1,68,4.0,Yes,Yes,70,65,NotPlaced,73,76
7913,7.8,2,2,2,81,4.5,Yes,Yes,85,57,Placed,61,67
7914,7.6,0,2,0,69,4.2,No,No,55,63,NotPlaced,73,76
7915,7.5,1,3,2,80,4.6,No,No,73,80,Placed,59,65
7916,8.0,1,3,3,85,4.7,Yes,Yes,79,84,NotPlaced,65,70
7917,8.0,2,3,2,85,4.8,Yes,Yes,74,87,Placed,60,66
7918,8.3,0,3,1,73,4.4,Yes,Yes,76,75,NotPlaced,58,64
7919,6.8,1,1,0,79,4.3,No,Yes,56,70,Placed,54,61
7920,7.2,1,3,2,84,4.4,Yes,Yes,88,85,NotPlaced,72,75
7921,8.6,1,1,2,89,4.3,Yes,Yes,65,67,NotPlaced,84,85
7922,7.5,2,1,3,79,3.4,Yes,No,90,64,NotPlaced,82,84
7923,8.7,2,3,3,90,4.7,Yes,Yes,84,81,Placed,46,54
7924,6.6,0,2,1,67,4.2,No,Yes,55,66,NotPlaced,84,85
7925,8.3,2,2,2,75,3.8,No,Yes,71,66,NotPlaced,60,66
7926,7.6,1,1,0,74,3.8,No,No,55,72,NotPlaced,74,77
7927,6.7,1,1,1,72,4.2,No,Yes,55,63,NotPlaced,51,59
7928,6.7,1,2,1,86,4.8,Yes,Yes,59,86,Placed,67,71
7929,7.3,1,2,0,80,4.5,Yes,Yes,55,64,Placed,69,73
7930,8.5,1,2,2,77,4.3,Yes,Yes,80,77,Placed,42,52
7931,8.3,2,3,2,90,4.8,Yes,Yes,90,81,Placed,74,77
7932,7.5,1,1,0,84,4.5,No,No,55,68,NotPlaced,85,86
7933,7.9,1,1,0,71,4.4,Yes,Yes,82,88,Placed,62,67
7934,8.0,0,2,0,60,4.2,No,No,55,70,NotPlaced,85,86
7935,8.0,2,3,2,90,4.8,Yes,Yes,82,78,Placed,62,67
7936,7.7,1,1,1,65,3.5,No,No,60,69,NotPlaced,77,80
7937,8.9,1,3,2,90,4.8,Yes,Yes,75,84,Placed,31,43
7938,8.2,2,3,2,85,4.8,Yes,No,84,76,NotPlaced,100,99
7939,8.3,1,2,0,76,4.5,No,Yes,83,81,Placed,87,87
7940,7.6,1,2,1,72,4.4,No,No,74,73,NotPlaced,60,66
7941,7.8,0,2,0,79,4.3,Yes,Yes,65,70,Placed,35,46
7942,7.4,0,2,1,71,4.7,No,Yes,69,81,NotPlaced,69,73
7943,7.9,1,1,1,76,3.8,Yes,Yes,80,67,Placed,43,52
7944,8.1,1,2,1,88,4.8,No,Yes,77,88,Placed,71,75
7945,8.1,2,3,2,90,4.8,Yes,Yes,84,87,Placed,71,74
7946,8.0,1,3,2,90,4.8,Yes,Yes,70,84,Placed,50,58
7947,7.5,1,1,1,82,4.6,No,Yes,59,74,NotPlaced,81,83
7948,8.5,0,3,2,90,4.6,Yes,Yes,74,87,Placed,77,79
7949,7.6,1,2,0,88,4.8,Yes,Yes,62,80,NotPlaced,79,81
7950,8.3,1,3,1,90,4.5,Yes,Yes,88,77,Placed,65,70
7951,8.3,1,3,2,88,4.8,Yes,Yes,76,86,Placed,43,53
7952,8.2,2,3,2,90,4.7,Yes,Yes,89,78,Placed,79,81
7953,8.5,2,3,0,89,4.5,Yes,Yes,81,80,Placed,60,66
7954,6.6,1,1,2,67,4.0,No,No,55,67,NotPlaced,44,53
7955,8.2,1,1,2,71,4.2,Yes,Yes,77,83,NotPlaced,85,86
7956,8.6,1,2,2,77,4.3,No,No,55,59,Placed,96,95
7957,6.7,0,1,1,77,3.7,No,No,63,67,NotPlaced,64,69
7958,7.6,1,1,0,69,4.5,No,No,73,71,NotPlaced,97,95
7959,8.1,1,3,2,90,4.7,Yes,Yes,80,84,Placed,66,71
7960,7.7,0,1,1,72,3.5,No,Yes,64,67,NotPlaced,59,65
7961,7.6,1,2,0,72,4.8,No,Yes,63,65,NotPlaced,55,62
7962,8.0,0,3,3,84,4.8,Yes,Yes,90,84,Placed,89,89
7963,8.3,0,1,0,87,4.5,No,Yes,74,69,Placed,53,60
7964,7.2,1,2,0,80,4.6,No,Yes,65,58,NotPlaced,76,78
7965,7.4,1,1,0,67,4.1,No,No,67,66,NotPlaced,56,63
7966,7.3,1,2,1,68,4.3,Yes,Yes,62,71,NotPlaced,58,64
7967,6.5,0,1,0,64,4.1,No,No,63,70,NotPlaced,80,82
7968,8.7,1,3,2,90,4.7,Yes,Yes,79,80,Placed,59,65
7969,7.7,1,1,1,75,4.0,No,Yes,60,67,NotPlaced,58,65
7970,8.4,2,3,2,90,4.8,Yes,Yes,82,88,Placed,81,83
7971,6.6,1,1,0,76,4.2,Yes,No,55,65,NotPlaced,88,89
7972,7.7,1,3,0,80,4.8,Yes,Yes,76,86,Placed,74,77
7973,8.2,1,2,3,84,4.0,Yes,Yes,82,63,NotPlaced,55,62
7974,6.5,2,3,2,80,4.2,No,Yes,75,72,NotPlaced,57,63
7975,8.1,1,1,0,81,3.5,Yes,Yes,78,84,NotPlaced,66,70
7976,8.7,2,3,2,90,4.8,Yes,Yes,77,82,Placed,69,73
7977,7.5,0,1,0,68,4.1,No,No,57,58,NotPlaced,50,58
7978,6.7,0,1,1,80,3.7,Yes,Yes,75,70,NotPlaced,75,78
7979,8.4,2,2,0,90,4.5,Yes,Yes,76,85,NotPlaced,66,71
7980,6.7,1,1,0,76,3.8,Yes,Yes,57,66,Placed,39,49
7981,8.3,0,3,0,90,4.6,Yes,Yes,81,88,Placed,51,58
7982,6.8,1,3,0,66,3.6,Yes,Yes,55,61,Placed,57,63
7983,6.5,1,2,0,85,4.7,No,Yes,55,59,Placed,63,69
7984,7.5,0,1,0,64,3.7,No,Yes,55,71,Placed,93,92
7985,8.3,1,3,2,82,4.8,Yes,Yes,77,88,Placed,68,72
7986,7.3,0,1,3,81,4.8,Yes,Yes,76,87,NotPlaced,52,59
7987,6.7,0,1,1,70,4.6,Yes,Yes,64,73,NotPlaced,68,72
7988,7.2,0,1,0,63,3.8,No,No,66,66,NotPlaced,59,65
7989,8.7,2,2,2,90,4.8,Yes,Yes,74,84,Placed,69,73
7990,7.7,1,2,0,77,4.3,Yes,Yes,73,80,Placed,73,76
7991,7.9,0,2,0,80,3.6,No,No,60,86,NotPlaced,83,84
7992,6.5,0,3,2,84,4.6,Yes,Yes,90,84,Placed,64,69
7993,8.9,2,3,2,90,4.8,Yes,Yes,77,82,Placed,89,89
7994,7.3,1,2,1,83,4.2,No,No,61,64,NotPlaced,78,80
7995,8.3,0,1,0,71,4.1,Yes,Yes,55,59,Placed,54,61
7996,6.5,0,1,0,80,3.9,No,Yes,75,69,NotPlaced,98,96
7997,7.5,2,3,0,85,4.3,No,No,55,69,Placed,69,73
7998,8.5,2,2,0,79,3.7,Yes,Yes,55,83,NotPlaced,52,59
7999,7.6,1,1,0,80,3.9,No,No,56,67,NotPlaced,89,89
8000,7.4,1,2,0,76,4.4,No,Yes,61,69,NotPlaced,96,94
8001,8.6,2,3,2,90,4.8,Yes,Yes,85,78,Placed,64,69
8002,8.1,2,3,2,90,4.6,Yes,Yes,79,84,Placed,57,63
8003,7.5,1,1,0,88,4.3,No,No,86,84,NotPlaced,62,67
8004,7.5,1,1,1,67,4.5,No,No,55,61,NotPlaced,75,78
8005,7.4,1,2,0,80,4.2,Yes,Yes,62,79,NotPlaced,84,85
8006,8.6,1,3,0,89,4.8,Yes,Yes,74,61,Placed,73,76
8007,6.8,1,1,1,75,3.8,No,Yes,57,67,NotPlaced,66,71
8008,8.6,2,1,2,90,4.8,Yes,Yes,81,80,Placed,87,87
8009,8.0,1,3,1,76,4.6,No,No,70,67,NotPlaced,60,66
8010,7.9,1,3,1,82,4.3,Yes,Yes,76,81,Placed,80,82
8011,8.1,1,3,2,89,4.6,Yes,Yes,80,85,Placed,60,66
8012,6.5,1,3,2,81,4.5,No,No,72,82,Placed,71,75
8013,7.0,1,2,0,69,4.3,No,Yes,55,68,NotPlaced,63,68
8014,8.0,2,3,2,88,4.8,Yes,Yes,82,81,Placed,64,69
8015,6.9,1,2,1,90,3.9,Yes,Yes,78,85,NotPlaced,59,65
8016,8.3,2,3,2,90,4.8,Yes,No,75,80,Placed,85,86
8017,7.8,1,2,0,84,3.0,Yes,Yes,62,70,NotPlaced,54,61
8018,7.4,0,1,0,76,4.0,No,No,60,70,NotPlaced,53,61
8019,6.7,1,2,0,67,3.9,No,No,59,69,NotPlaced,96,95
8020,6.6,1,3,0,62,3.8,Yes,Yes,57,72,NotPlaced,79,81
8021,6.6,1,3,2,81,4.5,Yes,No,72,77,NotPlaced,29,41
8022,7.5,1,1,1,74,3.9,No,Yes,60,62,NotPlaced,56,63
8023,7.2,1,2,2,75,4.3,No,Yes,75,75,NotPlaced,37,48
8024,7.5,1,2,0,69,3.5,No,No,55,62,NotPlaced,50,58
8025,8.1,1,3,2,81,4.5,Yes,Yes,83,84,Placed,17,32
8026,8.3,2,3,2,90,4.7,Yes,Yes,80,83,Placed,62,68
8027,8.1,1,1,1,77,4.1,Yes,Yes,62,75,Placed,47,56
8028,8.2,1,2,1,84,4.8,Yes,Yes,68,88,NotPlaced,65,70
8029,8.1,2,2,0,83,4.7,Yes,Yes,78,86,Placed,40,50
8030,7.5,0,1,0,71,4.1,No,Yes,73,66,NotPlaced,66,70
8031,8.3,0,1,2,85,4.7,Yes,Yes,83,68,Placed,58,65
8032,6.9,0,1,1,65,4.1,Yes,Yes,70,61,Placed,87,88
8033,8.0,1,3,2,90,4.7,Yes,Yes,74,84,Placed,86,86
8034,8.1,1,3,0,88,4.0,No,Yes,81,87,Placed,76,79
8035,8.3,0,3,2,83,4.3,Yes,Yes,76,84,Placed,60,66
8036,8.4,2,3,1,73,4.2,No,Yes,75,86,NotPlaced,94,93
8037,7.6,1,2,1,68,4.1,No,Yes,55,68,NotPlaced,41,51
8038,8.1,1,2,0,83,4.1,Yes,No,66,66,NotPlaced,43,53
8039,8.4,0,1,2,74,4.2,Yes,Yes,55,68,NotPlaced,63,68
8040,8.2,2,3,2,86,4.8,Yes,Yes,77,83,Placed,98,97
8041,6.5,1,1,1,76,4.1,No,Yes,55,58,NotPlaced,61,67
8042,8.4,0,1,2,89,4.8,Yes,Yes,62,87,Placed,62,67
8043,8.1,2,3,2,90,4.8,Yes,Yes,83,84,Placed,43,52
8044,8.2,0,3,2,90,4.5,Yes,Yes,81,85,Placed,79,81
8045,6.9,1,1,0,75,4.1,Yes,Yes,55,76,NotPlaced,79,81
8046,8.2,1,2,2,89,4.8,Yes,Yes,73,70,Placed,76,79
8047,7.6,0,1,1,66,4.2,Yes,Yes,55,67,NotPlaced,55,62
8048,8.3,1,1,0,83,4.0,No,Yes,65,66,NotPlaced,54,61
8049,8.3,1,1,1,72,4.7,Yes,Yes,66,71,NotPlaced,45,54
8050,7.9,0,3,2,83,4.8,Yes,Yes,73,79,Placed,66,71
8051,6.5,0,2,0,73,3.7,No,Yes,64,72,NotPlaced,48,57
8052,6.5,1,1,0,80,3.8,No,Yes,64,69,NotPlaced,47,55
8053,6.6,0,1,0,74,3.9,No,Yes,63,63,NotPlaced,58,64
8054,7.6,1,1,0,84,4.1,Yes,Yes,72,72,NotPlaced,57,64
8055,7.9,1,2,2,63,3.8,Yes,Yes,55,62,NotPlaced,56,63
8056,7.6,2,3,2,90,4.8,Yes,Yes,89,84,Placed,71,75
8057,6.6,0,2,0,75,3.9,No,Yes,55,69,Placed,66,70
8058,8.3,1,3,2,90,4.7,Yes,Yes,69,80,Placed,60,66
8059,8.4,2,3,2,90,4.8,Yes,Yes,79,84,Placed,67,72
8060,6.5,0,2,0,80,4.2,No,No,57,71,NotPlaced,50,58
8061,7.4,2,3,0,81,4.6,No,No,80,69,NotPlaced,66,71
8062,7.7,0,1,1,70,3.6,No,Yes,55,68,NotPlaced,67,71
8063,8.2,1,1,1,69,4.2,No,Yes,76,65,NotPlaced,42,51
8064,6.5,1,1,1,83,4.2,No,No,58,76,NotPlaced,79,81
8065,7.0,1,1,1,68,3.7,No,No,55,68,NotPlaced,51,59
8066,8.7,2,3,2,90,4.8,Yes,Yes,80,79,Placed,66,71
8067,8.5,2,3,2,81,4.5,Yes,Yes,78,84,Placed,82,83
8068,6.7,1,1,0,64,3.7,No,Yes,55,60,NotPlaced,78,81
8069,8.9,1,3,2,90,4.6,Yes,Yes,71,81,Placed,65,70
8070,7.4,1,1,1,73,3.6,No,Yes,59,64,NotPlaced,59,65
8071,8.8,1,3,2,90,4.8,Yes,Yes,75,82,Placed,79,81
8072,7.4,0,1,0,65,4.2,No,No,55,70,NotPlaced,75,78
8073,7.5,2,3,2,90,4.7,Yes,Yes,83,85,Placed,55,62
8074,8.3,1,2,2,89,4.6,Yes,Yes,79,84,Placed,53,60
8075,8.5,2,1,2,87,4.8,Yes,Yes,78,85,Placed,33,45
8076,8.0,2,3,2,90,4.8,Yes,Yes,77,86,Placed,67,71
8077,8.2,2,3,2,88,4.5,Yes,Yes,77,83,Placed,63,69
8078,8.4,1,2,2,84,4.7,Yes,Yes,76,71,NotPlaced,82,83
8079,8.1,2,3,2,87,4.6,No,Yes,73,85,Placed,70,74
8080,6.7,1,2,2,68,4.1,Yes,No,79,70,NotPlaced,85,86
8081,8.1,1,3,3,77,4.1,Yes,Yes,74,85,Placed,54,61
8082,7.6,1,3,2,90,4.8,Yes,Yes,85,80,Placed,82,83
8083,7.3,1,1,0,82,3.9,No,No,81,60,NotPlaced,57,63
8084,7.9,1,1,0,75,4.3,No,No,75,75,Placed,76,79
8085,6.5,1,2,0,67,4.1,No,Yes,57,71,NotPlaced,43,52
8086,7.7,1,1,0,70,4.4,Yes,Yes,65,70,NotPlaced,68,72
8087,8.5,2,3,2,90,4.8,Yes,Yes,85,86,Placed,35,46
8088,8.2,1,2,0,71,4.7,No,Yes,68,66,NotPlaced,60,66
8089,8.3,2,3,2,90,4.8,Yes,Yes,72,88,Placed,71,75
8090,8.2,2,3,2,90,4.4,Yes,Yes,88,87,Placed,57,63
8091,8.7,1,1,2,82,4.2,Yes,Yes,74,87,NotPlaced,49,57
8092,8.5,1,1,1,84,4.6,No,Yes,71,81,NotPlaced,77,80
8093,7.6,1,1,0,82,3.7,No,Yes,55,67,NotPlaced,63,68
8094,8.1,1,3,0,90,4.8,Yes,Yes,75,81,Placed,57,64
8095,8.6,1,3,0,86,3.8,Yes,Yes,78,72,NotPlaced,65,70
8096,7.5,1,1,1,76,3.6,No,No,58,70,NotPlaced,100,100
8097,7.4,1,1,1,79,4.3,No,No,61,76,NotPlaced,82,83
8098,8.2,1,3,0,86,4.7,Yes,Yes,81,88,Placed,82,83
8099,7.6,1,1,0,71,3.3,No,Yes,64,72,NotPlaced,71,75
8100,7.4,1,1,0,74,4.0,No,Yes,55,61,NotPlaced,67,71
8101,8.3,2,3,2,84,4.4,Yes,Yes,83,84,Placed,29,41
8102,7.8,1,3,0,81,4.3,Yes,Yes,76,82,Placed,54,61
8103,8.5,2,3,1,86,4.5,Yes,Yes,75,81,Placed,57,64
8104,8.1,1,1,1,67,3.8,No,No,59,57,NotPlaced,36,47
8105,7.4,0,2,1,72,4.4,No,Yes,60,70,Placed,47,56
8106,8.1,1,3,0,69,3.9,No,No,82,69,NotPlaced,35,46
8107,7.6,1,1,1,76,3.8,No,Yes,68,83,Placed,64,69
8108,7.6,1,3,1,73,4.8,No,Yes,62,73,Placed,77,79
8109,7.8,2,1,0,70,3.5,No,No,70,66,NotPlaced,81,83
8110,7.3,1,1,1,68,4.7,No,Yes,68,58,NotPlaced,71,74
8111,8.6,1,3,2,72,4.0,Yes,Yes,80,64,Placed,50,58
8112,8.3,2,3,2,90,4.8,Yes,Yes,87,81,Placed,36,46
8113,8.2,2,3,2,90,4.6,Yes,Yes,85,85,Placed,38,48
8114,7.9,1,2,0,90,4.1,Yes,Yes,77,78,Placed,45,54
8115,6.5,0,1,0,73,3.7,No,No,57,67,NotPlaced,51,59
8116,7.7,0,1,0,66,4.2,Yes,Yes,56,69,NotPlaced,62,68
8117,8.1,2,3,0,83,3.8,Yes,No,67,60,Placed,49,57
8118,7.5,2,3,2,77,4.8,Yes,Yes,58,73,Placed,70,74
8119,7.2,0,2,0,69,4.1,Yes,Yes,71,83,NotPlaced,61,67
8120,7.7,2,1,1,80,4.7,No,No,56,65,NotPlaced,65,70
8121,8.0,1,3,1,89,4.8,Yes,No,72,81,Placed,82,83
8122,7.8,1,3,0,75,4.2,Yes,Yes,82,82,Placed,47,55
8123,8.2,1,1,0,77,3.8,No,No,57,67,NotPlaced,71,75
8124,7.6,1,3,0,77,4.3,Yes,Yes,70,83,NotPlaced,64,69
8125,8.5,1,3,1,84,4.8,Yes,Yes,73,84,Placed,59,65
8126,8.4,1,3,2,90,4.8,Yes,Yes,82,88,Placed,78,80
8127,7.6,0,3,0,79,4.6,Yes,Yes,63,61,NotPlaced,78,80
8128,8.2,2,3,2,90,4.8,Yes,Yes,70,86,NotPlaced,50,58
8129,7.4,1,3,0,80,4.6,No,Yes,71,72,NotPlaced,62,67
8130,6.6,1,1,0,82,3.9,Yes,No,73,78,NotPlaced,69,73
8131,7.4,2,2,2,86,4.0,No,Yes,74,68,NotPlaced,60,66
8132,6.5,0,1,0,67,3.5,No,Yes,55,67,NotPlaced,73,77
8133,7.7,2,2,2,90,4.8,Yes,Yes,81,88,Placed,69,73
8134,7.5,1,2,0,69,4.1,No,Yes,55,68,NotPlaced,92,91
8135,7.4,0,2,1,89,4.3,Yes,Yes,79,70,NotPlaced,42,51
8136,8.2,0,3,0,77,4.0,Yes,No,69,85,NotPlaced,63,68
8137,7.5,0,3,0,83,3.8,Yes,Yes,75,65,Placed,51,59
8138,8.1,2,3,1,85,4.8,Yes,Yes,74,84,Placed,74,77
8139,7.9,0,1,1,61,4.4,No,No,55,64,NotPlaced,40,50
8140,7.7,1,1,0,64,3.8,No,No,60,68,NotPlaced,70,74
8141,8.3,2,3,2,90,4.4,Yes,Yes,78,87,Placed,55,62
8142,7.4,2,1,1,80,4.1,Yes,No,55,71,NotPlaced,53,61
8143,7.9,2,3,2,85,4.8,Yes,Yes,75,81,Placed,43,52
8144,7.4,1,2,1,86,4.5,No,Yes,82,65,NotPlaced,58,64
8145,7.7,1,2,0,71,4.4,No,Yes,59,74,NotPlaced,81,83
8146,8.5,1,3,2,90,4.8,No,No,82,63,Placed,64,69
8147,7.7,1,1,2,76,4.0,No,Yes,59,62,Placed,74,77
8148,7.5,1,2,1,66,4.0,No,Yes,58,76,NotPlaced,89,89
8149,8.2,2,3,2,87,4.8,Yes,Yes,74,87,Placed,68,73
8150,7.9,1,2,1,85,4.8,No,No,81,79,Placed,56,63
8151,7.5,0,1,1,72,4.6,Yes,Yes,55,64,NotPlaced,72,75
8152,7.8,1,3,1,75,4.6,Yes,Yes,83,80,Placed,56,63
8153,7.6,1,2,1,87,4.3,No,No,60,80,NotPlaced,57,63
8154,7.5,1,1,1,66,4.3,No,No,57,63,NotPlaced,42,51
8155,7.8,2,3,2,90,4.7,Yes,Yes,78,82,Placed,78,81
8156,8.3,1,1,0,86,4.2,No,Yes,55,71,Placed,59,65
8157,8.3,2,3,3,90,4.8,Yes,Yes,76,77,Placed,67,72
8158,8.2,2,3,2,90,4.6,Yes,Yes,76,85,Placed,49,57
8159,7.0,1,1,0,79,4.3,No,No,55,70,NotPlaced,71,75
8160,6.6,1,1,0,73,3.9,No,Yes,55,61,NotPlaced,53,60
8161,8.6,2,3,2,90,4.8,Yes,Yes,79,87,Placed,62,68
8162,8.0,2,3,0,90,4.8,No,Yes,65,86,NotPlaced,78,80
8163,7.7,2,3,2,87,4.8,Yes,Yes,80,82,Placed,76,79
8164,8.2,0,3,0,81,4.2,Yes,Yes,68,85,Placed,64,69
8165,8.4,2,3,2,90,4.8,Yes,Yes,70,82,Placed,38,48
8166,6.5,0,1,0,76,4.7,No,Yes,59,68,NotPlaced,100,100
8167,6.9,0,1,0,60,4.6,No,No,80,67,NotPlaced,91,90
8168,8.1,2,3,2,90,4.8,Yes,Yes,89,84,Placed,75,78
8169,6.6,1,1,1,75,3.9,Yes,Yes,63,69,NotPlaced,53,60
8170,7.9,1,1,2,87,4.2,No,Yes,80,75,NotPlaced,63,68
8171,7.5,1,2,0,83,4.7,No,Yes,62,83,Placed,56,63
8172,8.6,0,3,3,90,4.8,Yes,Yes,70,84,Placed,83,85
8173,8.4,1,3,2,78,4.5,Yes,Yes,78,73,Placed,68,73
8174,7.9,2,3,2,90,4.6,Yes,Yes,75,87,Placed,53,60
8175,7.5,0,2,0,70,3.5,Yes,Yes,80,76,Placed,57,64
8176,9.0,2,3,0,90,4.8,Yes,Yes,85,80,Placed,81,83
8177,7.9,0,3,2,80,4.7,Yes,Yes,77,83,Placed,89,89
8178,6.5,1,1,0,88,3.9,No,No,69,67,NotPlaced,87,88
8179,7.3,1,1,1,67,4.4,No,Yes,57,58,NotPlaced,76,79
8180,7.9,0,3,1,86,4.6,Yes,Yes,76,88,Placed,61,66
8181,7.0,1,1,0,74,4.5,No,No,57,61,NotPlaced,16,31
8182,7.1,1,1,3,75,4.4,Yes,Yes,74,82,NotPlaced,69,73
8183,7.3,1,2,0,83,4.5,Yes,Yes,56,71,Placed,64,69
8184,6.7,0,1,0,70,4.7,Yes,Yes,61,85,Placed,67,71
8185,8.6,1,2,1,90,4.2,No,Yes,71,68,Placed,65,70
8186,8.4,0,3,2,88,4.3,Yes,Yes,84,84,Placed,45,54
8187,8.4,2,3,0,89,4.8,Yes,Yes,71,85,NotPlaced,73,76
8188,7.9,0,2,0,69,4.0,No,Yes,57,73,NotPlaced,74,77
8189,7.6,1,1,1,74,3.9,Yes,No,55,65,NotPlaced,75,78
8190,7.9,1,3,1,90,4.8,Yes,Yes,77,85,Placed,79,81
8191,7.6,1,2,0,67,4.2,No,Yes,74,75,NotPlaced,74,77
8192,6.5,1,2,0,89,4.5,No,Yes,61,70,NotPlaced,58,65
8193,7.4,1,2,1,84,4.6,No,Yes,55,70,NotPlaced,63,69
8194,8.2,0,2,2,86,4.5,Yes,No,78,65,NotPlaced,66,71
8195,8.1,2,3,2,77,4.5,Yes,Yes,84,68,NotPlaced,66,71
8196,7.6,1,1,1,70,4.4,No,No,58,63,NotPlaced,79,81
8197,8.4,2,3,2,90,4.8,Yes,Yes,79,83,Placed,74,77
8198,8.6,2,3,2,87,4.7,Yes,Yes,86,84,Placed,96,94
8199,7.4,1,1,0,74,3.8,No,No,73,70,NotPlaced,98,96
8200,7.6,1,1,1,71,4.2,No,No,64,71,NotPlaced,66,70
8201,7.6,0,1,0,77,3.0,No,No,55,69,NotPlaced,7,23
8202,8.0,2,3,3,90,4.8,Yes,Yes,78,85,Placed,83,84
8203,6.5,1,2,0,67,3.9,No,No,55,67,NotPlaced,56,63
8204,7.6,1,2,1,77,4.4,Yes,Yes,76,87,NotPlaced,52,60
8205,7.3,0,2,0,82,4.5,No,Yes,57,82,NotPlaced,59,65
8206,6.5,1,1,2,69,4.2,Yes,No,57,65,NotPlaced,58,64
8207,8.4,2,3,0,90,4.8,Yes,Yes,80,86,Placed,74,77
8208,8.3,0,1,1,72,3.8,No,No,58,67,NotPlaced,41,51
8209,6.9,1,2,0,80,3.4,No,No,55,71,NotPlaced,48,57
8210,7.5,0,2,1,70,3.8,Yes,Yes,78,87,Placed,70,74
8211,8.1,2,3,0,84,4.8,Yes,Yes,83,82,Placed,74,77
8212,8.0,2,1,2,90,4.6,Yes,Yes,87,85,NotPlaced,74,77
8213,7.7,1,1,1,75,4.5,No,Yes,65,74,NotPlaced,53,60
8214,8.3,2,3,2,86,4.6,Yes,Yes,79,84,Placed,50,58
8215,8.4,2,3,2,90,4.8,Yes,Yes,76,87,Placed,57,63
8216,7.7,2,3,1,85,4.2,Yes,Yes,74,82,NotPlaced,68,72
8217,6.5,1,1,1,80,3.6,No,No,57,67,NotPlaced,87,87
8218,8.3,2,1,1,71,3.9,No,Yes,58,66,NotPlaced,34,45
8219,7.7,1,2,1,61,3.7,No,Yes,55,63,NotPlaced,61,67
8220,7.4,0,2,1,79,3.6,No,Yes,55,65,NotPlaced,45,54
8221,8.0,2,1,2,77,4.4,Yes,Yes,56,75,NotPlaced,40,50
8222,6.8,1,3,0,61,4.3,No,No,59,68,NotPlaced,79,81
8223,7.5,1,1,0,75,4.1,Yes,Yes,83,57,NotPlaced,73,76
8224,7.6,1,1,0,84,4.2,Yes,Yes,62,64,NotPlaced,71,75
8225,7.7,1,1,0,69,4.0,No,No,55,69,NotPlaced,78,81
8226,7.8,1,1,0,61,3.4,No,No,63,63,NotPlaced,57,64
8227,8.3,1,1,2,83,4.0,Yes,Yes,76,67,Placed,58,64
8228,8.3,2,1,2,83,4.4,Yes,Yes,59,86,NotPlaced,97,96
8229,8.5,1,3,2,90,4.7,Yes,Yes,76,87,Placed,61,67
8230,6.5,1,1,0,70,4.0,No,Yes,59,71,NotPlaced,76,78
8231,8.7,2,3,2,90,4.8,Yes,Yes,90,86,Placed,65,70
8232,6.6,0,1,3,84,3.7,No,No,75,67,NotPlaced,37,47
8233,6.7,0,1,1,78,4.3,No,No,60,66,NotPlaced,34,45
8234,8.3,1,2,1,80,4.3,Yes,Yes,71,84,Placed,56,63
8235,7.4,1,1,1,70,4.0,No,No,56,67,NotPlaced,80,82
8236,7.7,1,1,2,88,4.2,No,Yes,65,88,Placed,76,79
8237,6.8,0,1,1,67,3.4,No,Yes,59,68,NotPlaced,78,80
8238,8.0,1,2,0,88,4.4,Yes,Yes,78,76,Placed,50,58
8239,7.4,1,1,1,72,4.0,No,No,55,69,NotPlaced,89,89
8240,6.6,0,1,1,66,3.8,No,No,62,58,NotPlaced,50,58
8241,7.5,1,1,0,64,4.3,No,No,59,69,NotPlaced,68,72
8242,8.3,0,3,1,80,4.8,Yes,Yes,75,67,Placed,64,69
8243,7.5,1,3,2,72,4.5,Yes,Yes,65,86,NotPlaced,62,67
8244,8.0,2,2,2,88,4.4,No,No,75,80,NotPlaced,85,86
8245,8.4,1,3,2,84,4.8,Yes,Yes,81,84,NotPlaced,54,61
8246,7.7,1,3,2,86,4.7,Yes,Yes,69,88,Placed,44,53
8247,7.7,1,2,0,86,4.5,No,Yes,72,79,Placed,65,70
8248,7.8,1,2,2,85,4.3,No,Yes,68,78,Placed,59,65
8249,8.4,1,3,2,80,4.5,Yes,Yes,72,73,Placed,100,100
8250,6.7,0,1,1,68,4.3,No,No,68,62,NotPlaced,75,78
8251,7.5,1,1,1,79,3.9,No,No,55,73,NotPlaced,58,65
8252,7.5,2,1,1,78,4.3,No,Yes,55,71,NotPlaced,49,57
8253,8.5,2,3,2,90,4.8,Yes,Yes,79,82,Placed,36,47
8254,8.3,0,3,1,86,4.3,Yes,Yes,55,88,Placed,49,57
8255,8.3,2,3,0,73,4.5,Yes,Yes,71,87,NotPlaced,66,71
8256,8.5,1,3,2,89,4.8,Yes,Yes,77,88,Placed,86,87
8257,8.0,0,3,0,88,4.4,Yes,Yes,78,83,NotPlaced,81,83
8258,8.7,1,3,2,90,4.8,Yes,Yes,68,81,Placed,68,72
8259,8.1,0,3,0,76,3.9,Yes,Yes,66,83,NotPlaced,60,66
8260,8.0,2,3,2,86,3.8,Yes,Yes,87,86,Placed,69,73
8261,8.5,2,3,0,85,4.5,Yes,Yes,86,84,Placed,57,63
8262,8.5,2,3,3,90,4.7,Yes,Yes,80,80,Placed,90,90
8263,7.5,1,3,3,90,4.8,Yes,No,64,82,Placed,62,67
8264,8.1,2,3,2,90,3.8,Yes,Yes,90,77,Placed,63,68
8265,8.3,1,3,2,76,4.5,Yes,Yes,76,65,Placed,31,43
8266,8.3,2,3,2,89,4.8,Yes,No,82,84,Placed,62,67
8267,7.5,1,3,1,79,3.8,Yes,Yes,58,67,NotPlaced,77,80
8268,7.5,0,1,1,75,4.3,No,No,80,82,NotPlaced,48,57
8269,7.0,1,1,0,70,4.1,No,No,56,62,NotPlaced,53,60
8270,7.8,0,2,2,82,4.8,Yes,Yes,77,68,NotPlaced,76,79
8271,7.4,1,3,2,73,4.1,Yes,Yes,86,78,Placed,42,52
8272,8.1,2,3,2,90,4.7,No,No,67,76,NotPlaced,80,82
8273,7.6,2,2,2,80,4.8,Yes,Yes,75,83,Placed,57,63
8274,6.7,1,1,0,74,3.5,No,No,65,62,NotPlaced,59,65
8275,8.0,2,3,2,90,4.8,Yes,Yes,79,86,Placed,48,56
8276,7.6,1,2,1,81,4.4,Yes,Yes,75,88,Placed,70,74
8277,8.6,1,3,2,90,4.8,Yes,Yes,85,87,Placed,100,99
8278,8.6,0,3,2,90,4.7,Yes,Yes,71,88,Placed,76,79
8279,7.8,1,3,2,78,4.8,Yes,Yes,78,67,NotPlaced,52,59
8280,7.5,1,3,0,83,4.8,Yes,Yes,75,84,Placed,82,83
8281,8.7,2,3,2,90,4.6,Yes,Yes,81,82,Placed,60,66
8282,7.7,1,2,1,74,4.5,No,No,55,68,NotPlaced,85,86
8283,7.4,1,1,1,70,4.3,No,Yes,72,75,NotPlaced,77,79
8284,7.8,2,1,1,87,4.4,Yes,Yes,82,79,NotPlaced,20,34
8285,6.7,1,3,2,86,4.1,Yes,Yes,86,82,Placed,49,57
8286,6.5,1,2,0,81,4.1,No,No,55,85,NotPlaced,79,81
8287,8.4,2,3,2,90,4.3,Yes,Yes,87,85,Placed,67,71
8288,7.5,1,1,0,71,4.1,No,Yes,66,74,NotPlaced,49,57
8289,7.9,1,2,2,86,4.8,No,Yes,87,84,NotPlaced,55,62
8290,7.4,0,2,2,82,4.8,Yes,Yes,88,66,Placed,36,47
8291,7.5,1,1,0,77,4.1,No,Yes,58,70,NotPlaced,63,68
8292,7.7,1,3,2,87,4.5,Yes,Yes,82,81,Placed,98,96
8293,6.5,1,1,1,83,4.4,No,No,55,65,NotPlaced,77,79
8294,8.3,2,1,2,84,4.8,Yes,Yes,69,85,Placed,97,96
8295,7.6,1,1,1,80,3.7,No,Yes,61,58,NotPlaced,78,80
8296,6.7,2,2,1,76,3.9,Yes,Yes,55,84,Placed,80,82
8297,7.6,0,1,1,83,3.4,No,Yes,55,64,Placed,94,93
8298,7.7,1,2,3,78,4.4,No,No,71,68,NotPlaced,70,74
8299,8.4,0,1,0,78,4.5,No,Yes,55,66,NotPlaced,62,67
8300,6.8,2,1,0,65,4.6,Yes,Yes,55,63,NotPlaced,80,82
8301,8.2,2,3,2,73,4.3,Yes,Yes,55,70,NotPlaced,86,87
8302,7.5,0,1,0,72,4.5,Yes,Yes,55,70,NotPlaced,57,64
8303,7.8,1,2,0,84,4.4,No,Yes,60,65,NotPlaced,54,61
8304,8.4,2,3,2,90,4.7,Yes,Yes,74,84,Placed,67,71
8305,7.7,1,1,0,71,3.9,No,No,65,67,NotPlaced,77,79
8306,7.8,1,3,2,83,4.6,No,Yes,70,82,Placed,76,79
8307,8.3,2,3,2,85,4.8,Yes,Yes,73,80,NotPlaced,43,52
8308,7.5,0,1,0,82,4.6,Yes,Yes,62,69,Placed,93,92
8309,6.5,0,2,1,65,4.2,Yes,No,57,62,NotPlaced,55,62
8310,7.9,1,3,2,75,4.6,No,Yes,82,84,Placed,61,66
8311,7.7,0,2,1,75,4.1,Yes,Yes,79,66,Placed,51,59
8312,8.4,2,3,2,90,4.7,Yes,Yes,69,88,Placed,100,100
8313,8.1,0,3,2,77,4.8,No,No,62,81,NotPlaced,68,72
8314,7.6,2,3,2,87,4.3,Yes,Yes,76,82,Placed,52,59
8315,8.0,1,3,2,78,3.7,No,No,55,71,NotPlaced,77,80
8316,7.6,1,2,1,74,4.7,No,Yes,77,85,NotPlaced,76,79
8317,6.5,1,2,1,69,4.5,No,Yes,61,68,NotPlaced,62,67
8318,6.7,0,1,0,74,4.0,No,No,60,63,NotPlaced,77,80
8319,7.9,0,2,2,81,4.3,Yes,No,84,61,NotPlaced,52,60
8320,8.5,1,3,0,90,4.8,Yes,Yes,79,88,Placed,57,64
8321,6.5,1,1,0,78,4.5,No,Yes,75,68,NotPlaced,34,45
8322,7.9,2,3,2,90,4.8,Yes,Yes,77,83,Placed,45,54
8323,6.5,1,2,1,65,4.6,No,Yes,62,87,NotPlaced,92,91
8324,7.0,1,1,1,86,3.8,No,No,57,72,NotPlaced,89,89
8325,6.5,1,2,1,79,3.1,No,Yes,63,69,Placed,65,70
8326,8.7,1,3,2,79,4.6,Yes,Yes,76,88,NotPlaced,89,89
8327,7.6,1,2,2,76,4.5,Yes,Yes,82,63,Placed,62,68
8328,8.2,2,3,2,90,4.8,Yes,Yes,74,88,Placed,61,67
8329,6.5,1,1,1,66,3.3,No,No,55,60,NotPlaced,65,70
8330,6.7,1,2,1,76,4.6,Yes,Yes,71,68,NotPlaced,63,68
8331,8.6,2,3,2,84,4.6,Yes,Yes,80,85,Placed,61,67
8332,7.4,1,2,0,64,4.7,Yes,Yes,77,65,NotPlaced,82,83
8333,6.5,1,1,2,85,4.3,No,Yes,73,71,NotPlaced,67,71
8334,7.5,1,1,0,75,3.6,No,No,55,62,NotPlaced,75,78
8335,6.5,2,3,0,81,3.5,No,Yes,55,62,NotPlaced,80,82
8336,8.6,1,3,0,89,4.5,Yes,Yes,80,72,Placed,70,74
8337,7.9,2,3,2,82,4.8,Yes,Yes,90,84,Placed,50,58
8338,7.5,1,1,1,68,4.4,Yes,No,62,69,NotPlaced,44,53
8339,7.9,2,3,2,90,4.6,Yes,No,65,84,NotPlaced,67,71
8340,8.3,1,3,2,90,4.8,Yes,Yes,73,83,Placed,62,67
8341,7.5,0,1,0,63,3.6,Yes,No,71,70,NotPlaced,66,71
8342,8.5,1,3,1,72,3.8,No,Yes,55,65,Placed,64,69
8343,7.6,0,3,2,87,4.8,No,Yes,79,62,Placed,100,100
8344,6.5,1,2,2,81,3.6,Yes,Yes,89,80,Placed,45,54
8345,8.4,1,3,0,75,4.4,Yes,Yes,68,86,Placed,35,46
8346,7.9,0,3,1,84,4.3,Yes,No,83,84,Placed,69,73
8347,7.6,0,1,1,62,4.1,No,No,55,68,NotPlaced,59,65
8348,8.4,2,3,1,86,4.7,Yes,Yes,90,80,Placed,69,73
8349,7.2,2,3,2,90,4.7,Yes,Yes,83,86,Placed,73,77
8350,7.9,0,1,0,79,4.4,Yes,No,55,85,NotPlaced,84,85
8351,6.6,0,1,0,71,4.3,No,Yes,56,64,NotPlaced,42,51
8352,8.3,0,3,2,79,3.7,Yes,Yes,68,84,Placed,56,63
8353,8.1,2,3,0,81,4.7,Yes,Yes,84,83,Placed,71,75
8354,8.6,2,3,2,90,4.8,Yes,Yes,89,84,Placed,76,79
8355,7.7,1,3,1,82,4.5,Yes,Yes,68,79,NotPlaced,97,96
8356,6.5,1,1,0,77,4.7,No,No,55,83,NotPlaced,79,81
8357,8.6,2,2,1,90,4.6,Yes,Yes,81,80,Placed,64,69
8358,7.2,1,2,2,70,4.1,No,No,61,69,NotPlaced,51,59
8359,7.8,1,2,0,77,4.4,Yes,Yes,69,80,NotPlaced,56,63
8360,6.5,1,3,2,78,4.2,No,Yes,78,71,NotPlaced,56,62
8361,7.5,0,1,2,78,4.6,No,Yes,68,71,NotPlaced,74,77
8362,8.3,2,2,2,90,4.6,Yes,Yes,80,83,Placed,68,73
8363,8.3,1,3,2,89,4.7,Yes,Yes,70,86,Placed,45,54
8364,8.5,2,3,0,90,4.8,No,Yes,76,80,Placed,58,64
8365,6.6,1,2,0,71,4.6,No,No,55,67,NotPlaced,78,80
8366,8.1,2,3,1,90,4.7,Yes,Yes,74,88,NotPlaced,70,74
8367,7.3,0,1,1,71,4.6,No,No,57,67,NotPlaced,73,76
8368,7.6,0,1,1,72,4.4,No,Yes,69,76,NotPlaced,70,74
8369,8.6,1,3,3,84,4.5,Yes,Yes,73,85,Placed,89,89
8370,6.9,1,1,0,68,3.7,No,No,55,64,NotPlaced,68,72
8371,7.5,1,2,0,65,4.1,No,Yes,55,69,NotPlaced,59,65
8372,8.3,2,3,2,90,4.3,Yes,Yes,75,82,NotPlaced,51,59
8373,8.4,1,1,2,69,4.4,No,No,76,65,NotPlaced,68,72
8374,8.5,2,3,2,90,4.1,Yes,Yes,77,78,Placed,28,40
8375,8.5,1,1,2,88,4.5,Yes,Yes,76,79,Placed,62,67
8376,9.0,2,3,2,90,4.8,Yes,Yes,76,83,Placed,61,67
8377,8.4,2,3,1,83,4.8,Yes,No,64,64,Placed,44,53
8378,8.4,0,3,0,90,4.8,Yes,Yes,80,82,Placed,51,58
8379,8.6,2,3,2,90,4.8,Yes,Yes,80,85,NotPlaced,77,79
8380,8.3,2,3,1,79,4.4,Yes,Yes,75,85,NotPlaced,68,72
8381,7.6,1,1,0,79,4.2,Yes,No,57,61,NotPlaced,66,71
8382,7.6,1,1,1,77,4.8,No,Yes,63,68,NotPlaced,69,73
8383,7.5,1,1,1,68,4.5,No,Yes,59,63,NotPlaced,66,71
8384,7.4,1,3,2,80,4.4,Yes,Yes,73,72,Placed,83,84
8385,6.5,1,1,0,79,4.3,No,Yes,60,73,NotPlaced,66,71
8386,6.5,0,2,2,82,4.3,Yes,Yes,82,88,NotPlaced,43,52
8387,7.7,1,1,0,72,4.5,No,Yes,72,63,Placed,89,89
8388,8.4,1,3,2,90,4.8,Yes,Yes,72,85,NotPlaced,70,74
8389,7.4,1,1,0,72,4.1,No,Yes,76,74,NotPlaced,56,62
8390,8.3,1,3,2,90,4.7,Yes,Yes,80,85,Placed,46,54
8391,6.8,1,3,2,78,4.5,Yes,Yes,76,85,NotPlaced,70,74
8392,6.7,2,3,0,85,4.4,Yes,Yes,84,83,Placed,63,68
8393,7.4,1,2,3,83,4.7,Yes,Yes,59,81,Placed,88,88
8394,7.3,0,2,1,70,3.7,Yes,Yes,55,74,Placed,59,65
8395,7.8,1,2,2,90,4.5,Yes,Yes,80,64,Placed,52,59
8396,8.3,2,3,2,90,4.8,Yes,Yes,76,86,Placed,78,80
8397,7.6,1,1,1,66,4.3,No,No,56,71,NotPlaced,78,81
8398,6.5,1,2,0,76,4.5,Yes,Yes,75,82,NotPlaced,67,72
8399,8.4,1,0,0,75,4.7,Yes,Yes,76,76,Placed,75,78
8400,8.2,2,3,2,90,4.8,Yes,Yes,80,88,Placed,64,69
8401,8.2,1,3,0,82,4.7,Yes,Yes,78,85,Placed,68,72
8402,8.2,0,3,2,83,4.7,Yes,Yes,72,86,NotPlaced,82,83
8403,7.0,1,2,0,77,4.1,No,Yes,66,73,NotPlaced,74,77
8404,8.0,2,3,2,90,4.8,Yes,Yes,84,84,Placed,62,67
8405,7.5,1,2,1,77,4.7,Yes,Yes,86,88,Placed,85,86
8406,8.0,2,1,2,80,4.6,Yes,No,77,61,Placed,29,41
8407,8.5,2,3,2,82,4.4,Yes,Yes,76,65,Placed,95,94
8408,8.2,1,3,2,88,4.8,Yes,Yes,85,80,Placed,39,49
8409,8.2,1,3,2,81,4.8,Yes,Yes,75,83,Placed,55,62
8410,8.2,0,3,2,90,4.2,Yes,No,80,84,NotPlaced,64,69
8411,8.3,2,3,2,90,4.3,Yes,Yes,82,80,Placed,62,68
8412,7.7,1,3,2,76,4.4,Yes,Yes,61,83,NotPlaced,80,82
8413,7.5,2,3,1,73,4.3,Yes,Yes,78,86,NotPlaced,49,57
8414,7.4,1,1,0,72,3.6,No,No,55,71,NotPlaced,68,73
8415,7.9,1,3,0,85,4.8,Yes,Yes,78,87,Placed,56,63
8416,7.7,2,3,2,90,4.8,Yes,No,78,81,Placed,69,73
8417,7.4,2,1,0,80,4.0,Yes,Yes,69,67,NotPlaced,64,69
8418,7.6,1,3,0,78,3.9,Yes,Yes,72,85,NotPlaced,66,71
8419,7.8,1,1,1,83,3.7,No,Yes,64,71,NotPlaced,56,63
8420,7.0,0,3,0,75,3.9,No,No,56,70,Placed,57,63
8421,8.0,1,3,1,90,4.4,No,Yes,82,67,NotPlaced,69,73
8422,8.3,2,3,2,90,4.8,Yes,Yes,78,85,Placed,79,81
8423,8.3,0,1,0,90,4.1,No,No,63,66,NotPlaced,56,62
8424,7.4,1,1,0,88,4.0,No,Yes,56,66,NotPlaced,51,59
8425,8.3,1,2,0,78,4.6,Yes,Yes,75,82,Placed,74,77
8426,7.3,1,2,1,73,4.0,No,No,56,75,NotPlaced,64,69
8427,7.9,0,3,2,80,4.2,Yes,Yes,79,85,Placed,77,79
8428,8.7,2,3,2,90,4.8,Yes,Yes,74,81,Placed,51,59
8429,6.9,1,1,1,64,4.6,No,No,55,61,NotPlaced,38,48
8430,7.6,0,1,1,60,3.2,No,No,56,63,NotPlaced,57,63
8431,6.5,0,1,1,66,4.6,No,No,62,66,NotPlaced,53,60
8432,7.5,1,1,0,88,4.6,No,No,55,60,NotPlaced,63,69
8433,7.0,1,1,1,73,4.6,No,No,56,62,NotPlaced,55,62
8434,7.5,0,1,0,89,4.5,No,No,71,62,NotPlaced,76,78
8435,7.9,0,1,0,80,4.8,No,Yes,83,69,NotPlaced,60,66
8436,7.4,1,3,0,70,3.8,No,No,78,86,NotPlaced,67,71
8437,6.5,1,2,1,84,3.8,No,Yes,81,62,NotPlaced,67,71
8438,7.5,1,3,1,84,4.6,No,No,81,62,NotPlaced,67,72
8439,6.8,1,1,0,69,3.9,No,No,62,60,NotPlaced,64,69
8440,7.6,1,2,0,70,4.2,No,No,56,74,NotPlaced,72,76
8441,8.5,2,3,2,90,4.8,Yes,Yes,70,86,Placed,53,60
8442,6.5,1,1,0,68,4.0,No,Yes,55,69,NotPlaced,85,86
8443,7.4,2,2,0,65,3.9,No,No,55,67,NotPlaced,61,67
8444,6.6,1,3,3,65,4.2,Yes,Yes,55,86,Placed,45,54
8445,6.5,1,2,0,78,4.5,No,No,64,69,NotPlaced,67,72
8446,8.1,1,3,2,80,4.5,Yes,No,83,84,Placed,52,59
8447,6.6,2,1,0,74,4.3,No,Yes,56,73,NotPlaced,74,77
8448,8.0,2,3,2,90,4.7,Yes,Yes,76,84,NotPlaced,98,96
8449,6.6,1,1,0,69,3.9,No,Yes,65,66,NotPlaced,53,60
8450,8.4,2,3,3,89,4.6,Yes,Yes,77,85,Placed,69,73
8451,7.5,1,1,0,74,4.7,No,No,55,64,NotPlaced,38,48
8452,7.4,0,1,0,68,4.1,No,Yes,81,73,NotPlaced,71,75
8453,8.2,2,3,2,90,4.8,Yes,No,76,88,Placed,51,59
8454,7.6,1,1,0,74,4.5,No,Yes,70,66,NotPlaced,55,62
8455,8.3,0,2,0,85,4.2,No,No,56,67,NotPlaced,48,56
8456,7.4,1,3,2,76,3.7,Yes,Yes,74,83,NotPlaced,75,78
8457,7.6,1,1,0,77,3.7,No,Yes,55,67,Placed,80,82
8458,7.3,1,2,1,83,3.2,No,Yes,68,71,NotPlaced,65,70
8459,8.3,1,3,3,88,4.0,No,Yes,77,63,Placed,52,59
8460,7.4,2,0,0,69,4.4,Yes,No,63,60,NotPlaced,88,89
8461,8.2,1,3,2,85,4.6,Yes,Yes,79,86,Placed,53,60
8462,8.5,1,3,2,90,4.8,Yes,Yes,82,88,Placed,32,44
8463,8.2,1,3,0,88,4.2,Yes,Yes,66,88,Placed,71,75
8464,6.5,2,3,1,76,4.3,Yes,No,76,77,NotPlaced,48,56
8465,7.1,0,1,0,73,4.1,No,Yes,55,64,NotPlaced,79,81
8466,7.6,0,1,1,65,4.1,No,No,65,63,NotPlaced,59,65
8467,8.4,2,3,2,90,4.8,Yes,No,82,82,Placed,74,77
8468,8.5,1,3,2,85,4.6,Yes,Yes,71,84,Placed,86,86
8469,6.6,0,1,0,68,4.8,No,No,55,71,Placed,46,55
8470,7.9,1,1,0,90,4.5,Yes,Yes,73,82,Placed,56,63
8471,7.6,1,2,1,88,4.2,Yes,Yes,73,86,Placed,63,69
8472,8.4,1,3,2,90,4.2,Yes,Yes,89,88,Placed,88,88
8473,6.5,1,1,0,77,4.3,No,No,55,66,NotPlaced,55,62
8474,7.3,0,3,0,72,4.4,No,No,66,71,NotPlaced,56,62
8475,8.3,1,3,2,88,4.8,Yes,Yes,77,85,Placed,72,75
8476,6.5,1,1,0,83,4.6,No,Yes,69,70,NotPlaced,56,63
8477,7.6,1,1,1,63,3.8,No,No,62,60,NotPlaced,67,71
8478,7.2,0,2,0,82,4.8,No,Yes,55,66,NotPlaced,41,51
8479,8.3,2,2,2,87,4.7,Yes,Yes,86,85,Placed,98,96
8480,7.6,1,2,0,70,3.7,Yes,Yes,63,71,Placed,44,53
8481,8.2,1,3,2,90,4.6,Yes,Yes,83,74,Placed,60,66
8482,6.5,1,1,0,89,3.7,No,Yes,55,71,NotPlaced,64,69
8483,8.2,2,3,2,90,4.5,Yes,Yes,86,81,Placed,93,92
8484,8.2,0,3,2,81,4.6,Yes,Yes,77,81,NotPlaced,45,54
8485,8.5,2,3,2,90,4.8,Yes,Yes,77,88,Placed,94,93
8486,7.8,1,3,1,82,4.8,Yes,Yes,76,83,Placed,76,79
8487,7.4,1,1,0,60,4.3,Yes,Yes,61,75,Placed,71,75
8488,7.3,1,2,1,80,4.3,Yes,Yes,55,72,Placed,50,58
8489,7.8,1,1,0,73,4.6,No,Yes,64,69,NotPlaced,73,76
8490,7.6,0,3,1,70,4.1,Yes,No,55,63,NotPlaced,54,61
8491,6.5,1,1,0,65,3.6,No,No,55,76,NotPlaced,83,85
8492,8.5,2,2,2,87,4.8,Yes,Yes,88,86,Placed,50,58
8493,8.3,1,1,0,88,4.1,No,No,64,74,NotPlaced,63,68
8494,6.5,0,3,0,66,3.5,No,No,55,67,NotPlaced,56,63
8495,8.5,2,3,0,87,4.6,Yes,Yes,86,85,Placed,50,58
8496,8.2,2,2,2,87,4.8,Yes,Yes,88,85,Placed,76,78
8497,8.2,2,3,2,90,4.6,Yes,Yes,75,83,Placed,73,76
8498,8.3,1,2,2,76,4.0,Yes,Yes,74,62,NotPlaced,83,84
8499,7.4,2,2,1,82,4.6,Yes,Yes,73,88,NotPlaced,38,48
8500,7.8,0,1,1,90,4.2,Yes,Yes,55,73,Placed,80,82
8501,6.7,1,1,0,74,3.7,No,Yes,55,67,NotPlaced,100,100
8502,8.1,2,2,1,79,4.5,Yes,Yes,72,81,NotPlaced,58,64
8503,7.5,1,1,0,78,3.8,No,No,64,66,NotPlaced,93,92
8504,6.5,1,2,0,77,4.0,No,No,65,74,NotPlaced,61,66
8505,8.3,2,2,2,73,3.9,Yes,Yes,86,71,NotPlaced,44,53
8506,6.5,1,3,2,87,4.7,Yes,Yes,77,70,Placed,60,66
8507,7.7,0,1,1,67,3.4,No,No,65,64,NotPlaced,80,82
8508,6.5,0,3,1,82,4.6,No,No,57,66,NotPlaced,52,59
8509,7.3,1,1,0,80,3.6,Yes,Yes,78,80,Placed,55,62
8510,8.4,1,3,0,75,4.6,Yes,Yes,81,84,NotPlaced,73,77
8511,7.9,2,3,2,88,4.6,Yes,Yes,69,81,Placed,65,70
8512,6.8,1,3,1,86,4.8,Yes,Yes,76,79,NotPlaced,73,77
8513,7.5,1,2,2,68,4.0,Yes,Yes,69,68,Placed,68,72
8514,7.4,1,1,1,69,3.9,No,No,55,66,NotPlaced,72,75
8515,7.7,0,1,0,89,4.2,No,No,55,70,NotPlaced,58,64
8516,7.7,0,1,0,81,3.8,Yes,Yes,82,64,NotPlaced,68,72
8517,7.4,2,3,2,80,4.8,Yes,Yes,70,67,NotPlaced,51,58
8518,7.7,1,2,0,75,4.4,No,No,60,73,NotPlaced,84,85
8519,7.5,1,1,1,74,4.5,Yes,Yes,62,78,NotPlaced,55,62
8520,6.5,1,1,0,73,4.1,No,Yes,55,66,NotPlaced,81,83
8521,8.2,2,3,2,90,4.8,Yes,Yes,77,82,Placed,61,67
8522,7.4,1,1,3,70,4.5,No,Yes,55,65,NotPlaced,68,72
8523,8.5,2,3,2,90,4.8,Yes,Yes,75,88,Placed,57,64
8524,7.5,1,1,1,81,4.0,No,Yes,75,61,NotPlaced,49,57
8525,7.9,2,2,0,77,4.4,No,Yes,68,68,Placed,38,49
8526,7.9,1,2,2,83,4.8,Yes,Yes,77,85,Placed,49,57
8527,8.2,2,3,2,88,4.5,Yes,No,79,84,Placed,60,66
8528,7.6,1,3,2,90,4.0,Yes,Yes,73,84,NotPlaced,68,72
8529,6.5,1,1,0,82,4.6,Yes,Yes,67,71,NotPlaced,80,82
8530,6.5,1,1,1,72,3.8,No,Yes,55,66,NotPlaced,58,64
8531,8.0,0,1,2,89,4.7,Yes,Yes,72,84,Placed,51,59
8532,7.5,0,2,0,80,3.8,Yes,Yes,77,69,NotPlaced,43,52
8533,7.6,1,2,1,83,4.8,Yes,Yes,55,62,NotPlaced,72,75
8534,6.5,1,1,1,66,3.7,No,Yes,56,57,NotPlaced,85,86
8535,8.3,2,2,1,87,4.5,Yes,Yes,82,80,NotPlaced,83,85
8536,6.5,1,1,1,66,3.8,Yes,Yes,62,75,NotPlaced,75,78
8537,8.2,1,2,0,88,4.8,Yes,Yes,71,69,Placed,74,77
8538,7.6,1,1,3,76,3.8,No,Yes,59,60,NotPlaced,90,90
8539,7.7,1,2,0,81,4.8,No,No,55,66,NotPlaced,69,73
8540,8.3,1,3,2,87,4.7,Yes,Yes,77,81,Placed,74,77
8541,7.1,1,3,1,74,4.3,No,Yes,72,81,Placed,60,66
8542,7.8,1,3,2,90,4.8,Yes,Yes,80,84,NotPlaced,44,53
8543,7.4,1,2,1,90,4.4,Yes,Yes,81,86,NotPlaced,54,61
8544,6.6,1,1,0,74,3.8,No,Yes,64,76,Placed,64,69
8545,8.7,2,3,2,90,4.8,Yes,Yes,78,85,Placed,65,70
8546,6.5,2,3,2,84,4.5,Yes,No,81,68,NotPlaced,93,93
8547,8.1,1,2,0,79,4.3,No,Yes,55,67,NotPlaced,66,70
8548,7.4,0,2,2,80,4.8,No,Yes,61,88,Placed,82,84
8549,8.6,2,3,2,89,4.7,Yes,Yes,69,79,Placed,58,64
8550,7.7,2,3,2,82,4.8,Yes,Yes,80,87,NotPlaced,60,66
8551,6.9,1,1,0,78,4.3,Yes,Yes,55,72,NotPlaced,45,54
8552,6.9,1,2,0,69,4.0,No,Yes,55,58,NotPlaced,53,61
8553,7.7,2,2,0,80,3.8,Yes,Yes,62,72,NotPlaced,72,76
8554,8.1,0,3,2,90,4.8,Yes,Yes,78,86,Placed,65,70
8555,8.6,2,3,2,90,4.8,No,Yes,71,85,Placed,79,81
8556,7.4,1,2,1,71,4.7,No,Yes,69,73,NotPlaced,67,72
8557,7.5,1,1,1,76,4.0,No,Yes,55,70,NotPlaced,59,65
8558,7.6,1,3,1,85,4.4,No,Yes,75,82,NotPlaced,97,95
8559,7.9,0,2,0,80,4.2,No,Yes,66,60,NotPlaced,63,68
8560,7.7,1,2,1,72,4.5,No,Yes,55,65,NotPlaced,82,83
8561,6.6,1,1,0,72,3.2,No,Yes,55,68,NotPlaced,58,65
8562,7.6,1,2,2,86,4.3,Yes,Yes,70,80,NotPlaced,75,78
8563,7.9,1,1,1,75,4.5,Yes,Yes,71,67,NotPlaced,78,81
8564,8.2,2,2,0,74,4.1,No,No,60,74,NotPlaced,68,72
8565,7.3,0,1,0,76,4.0,No,No,63,70,NotPlaced,29,41
8566,8.4,1,3,0,86,3.6,Yes,Yes,76,87,Placed,65,70
8567,8.0,2,3,2,89,4.5,Yes,Yes,76,87,Placed,83,84
8568,8.0,1,3,2,90,4.8,Yes,Yes,79,84,Placed,72,76
8569,7.9,1,2,0,68,3.6,No,Yes,65,61,NotPlaced,71,75
8570,7.3,1,1,2,71,4.0,No,Yes,55,69,NotPlaced,39,49
8571,7.7,1,3,1,83,4.8,Yes,Yes,73,68,Placed,54,61
8572,8.7,2,3,2,90,4.8,Yes,Yes,80,84,Placed,71,74
8573,8.7,0,3,2,90,4.8,Yes,Yes,71,83,Placed,71,74
8574,6.7,1,1,1,75,3.7,No,No,63,71,NotPlaced,83,84
8575,8.3,1,2,0,73,4.8,Yes,Yes,74,86,NotPlaced,62,68
8576,8.2,1,3,2,73,4.5,Yes,Yes,82,64,Placed,71,74
8577,8.4,2,3,2,90,4.7,Yes,Yes,75,82,Placed,65,70
8578,6.5,1,2,1,72,4.5,No,No,60,69,NotPlaced,50,58
8579,7.7,1,1,2,70,3.9,Yes,No,72,65,NotPlaced,31,42
8580,6.8,2,3,0,80,4.4,No,Yes,74,85,Placed,71,75
8581,8.5,0,1,0,71,4.0,Yes,No,73,69,NotPlaced,67,72
8582,8.1,1,2,2,90,4.0,No,Yes,74,86,NotPlaced,55,62
8583,7.8,2,1,2,90,4.8,Yes,Yes,73,83,Placed,40,50
8584,7.8,0,1,0,74,3.3,No,No,55,63,NotPlaced,74,77
8585,8.8,2,3,2,90,4.8,Yes,Yes,83,86,Placed,61,66
8586,8.2,2,3,2,88,4.8,Yes,Yes,79,86,Placed,73,76
8587,8.1,1,3,0,74,4.0,Yes,Yes,62,83,Placed,92,92
8588,8.1,1,2,0,89,4.7,Yes,Yes,75,85,Placed,32,44
8589,7.5,1,1,3,78,4.5,No,No,69,73,NotPlaced,54,61
8590,8.1,2,1,2,78,4.7,Yes,Yes,78,71,Placed,61,67
8591,7.2,1,2,0,60,4.6,No,No,58,63,NotPlaced,86,87
8592,7.8,0,3,1,90,3.8,No,Yes,55,71,NotPlaced,40,50
8593,6.5,2,3,2,80,4.8,Yes,Yes,78,82,NotPlaced,94,93
8594,7.4,1,1,0,62,3.6,No,No,57,72,NotPlaced,67,71
8595,7.6,1,1,2,69,3.9,No,Yes,63,69,NotPlaced,63,68
8596,7.5,0,1,1,83,4.0,No,Yes,56,67,NotPlaced,62,67
8597,8.0,0,3,2,76,4.8,Yes,Yes,80,84,Placed,58,64
8598,8.3,2,2,0,90,4.8,Yes,Yes,80,72,Placed,80,82
8599,7.2,2,2,2,87,4.7,Yes,Yes,65,87,Placed,48,57
8600,7.7,1,3,2,90,4.4,No,Yes,87,84,Placed,70,74
8601,7.9,1,3,2,90,4.5,Yes,Yes,87,85,Placed,59,65
8602,8.5,2,3,2,90,4.6,Yes,Yes,81,88,Placed,53,60
8603,8.0,1,1,0,90,4.5,Yes,Yes,69,74,Placed,100,100
8604,8.0,2,3,0,90,4.8,Yes,Yes,80,69,Placed,71,75
8605,8.2,1,1,0,69,4.5,No,Yes,55,70,NotPlaced,74,77
8606,7.5,1,1,0,76,4.0,Yes,No,55,67,NotPlaced,82,83
8607,6.5,1,1,1,68,4.4,Yes,No,60,60,NotPlaced,43,52
8608,8.4,1,2,1,79,3.8,Yes,Yes,76,82,Placed,91,91
8609,7.4,0,1,0,79,3.8,No,No,55,67,NotPlaced,27,39
8610,7.0,2,1,1,88,4.8,Yes,Yes,75,81,Placed,53,60
8611,8.3,1,3,2,77,4.0,No,Yes,76,82,NotPlaced,58,64
8612,7.7,0,1,1,64,3.9,No,Yes,55,63,NotPlaced,73,76
8613,8.1,2,2,2,87,4.8,Yes,Yes,75,85,Placed,68,72
8614,7.3,1,2,1,86,4.3,No,Yes,68,64,NotPlaced,62,67
8615,8.6,1,3,0,90,4.8,Yes,Yes,55,70,Placed,64,69
8616,8.5,1,3,1,90,4.8,Yes,Yes,80,67,NotPlaced,50,58
8617,8.6,2,3,0,84,4.8,Yes,Yes,86,87,Placed,42,52
8618,7.6,1,0,1,75,4.8,Yes,Yes,83,80,Placed,75,78
8619,8.3,2,3,2,85,4.7,Yes,No,80,85,Placed,75,78
8620,8.2,1,1,2,90,4.8,Yes,Yes,71,87,Placed,88,89
8621,8.5,2,3,2,90,4.8,Yes,Yes,81,82,Placed,53,60
8622,7.7,0,2,0,79,4.0,No,No,58,72,NotPlaced,75,78
8623,7.6,1,2,1,61,3.2,No,No,61,57,NotPlaced,60,66
8624,7.5,1,3,2,82,4.8,Yes,No,81,88,Placed,82,84
8625,7.8,0,3,0,89,4.8,Yes,Yes,83,79,Placed,80,82
8626,8.4,0,3,0,83,4.0,Yes,No,77,66,NotPlaced,68,72
8627,8.2,2,3,2,90,4.8,Yes,Yes,68,86,Placed,59,65
8628,8.5,2,3,2,90,4.8,Yes,Yes,81,88,Placed,79,81
8629,8.0,1,1,2,87,4.1,Yes,Yes,74,68,Placed,74,77
8630,6.5,2,3,2,80,4.0,Yes,Yes,72,86,Placed,54,61
8631,6.5,1,1,1,73,4.0,Yes,No,55,62,NotPlaced,45,54
8632,7.3,1,3,0,80,4.2,No,No,67,64,NotPlaced,60,66
8633,7.8,0,2,1,62,3.6,No,No,55,66,NotPlaced,87,88
8634,8.4,2,3,2,90,4.6,Yes,Yes,74,88,Placed,82,83
8635,8.5,2,3,2,90,4.5,Yes,Yes,85,88,Placed,48,56
8636,7.3,0,1,0,75,4.7,Yes,Yes,67,72,Placed,47,55
8637,8.5,2,3,2,90,4.8,Yes,Yes,76,86,Placed,84,85
8638,8.3,1,3,1,87,4.5,Yes,No,70,82,NotPlaced,47,56
8639,6.9,1,2,0,67,3.7,No,Yes,76,71,NotPlaced,72,76
8640,7.4,0,2,1,71,4.7,No,Yes,79,67,NotPlaced,55,62
8641,8.3,1,3,2,90,4.5,Yes,Yes,76,81,Placed,89,89
8642,6.8,1,2,0,74,3.9,No,No,55,62,NotPlaced,53,60
8643,8.4,0,3,3,85,4.8,Yes,Yes,63,69,Placed,82,83
8644,6.5,1,1,0,74,4.7,Yes,Yes,82,78,NotPlaced,67,72
8645,8.5,2,3,0,90,3.8,Yes,Yes,87,84,Placed,68,73
8646,7.5,1,2,0,76,4.0,No,Yes,59,62,Placed,35,46
8647,7.3,0,1,1,69,4.6,No,Yes,68,64,NotPlaced,31,43
8648,8.0,1,2,2,83,4.3,Yes,Yes,72,88,NotPlaced,61,67
8649,8.2,1,2,3,83,4.2,Yes,Yes,78,80,NotPlaced,68,72
8650,8.0,0,2,1,74,4.1,Yes,Yes,57,87,Placed,48,56
8651,8.4,1,2,1,73,4.5,No,Yes,75,84,NotPlaced,48,56
8652,7.7,0,2,1,68,4.0,Yes,Yes,57,83,Placed,73,76
8653,7.6,1,2,1,80,3.9,No,Yes,80,66,NotPlaced,73,76
8654,7.7,2,2,1,84,4.7,Yes,Yes,78,82,Placed,62,68
8655,8.5,2,3,2,88,4.8,Yes,Yes,68,88,Placed,76,79
8656,8.0,2,3,0,83,4.1,Yes,Yes,67,83,NotPlaced,47,55
8657,7.6,2,2,0,77,4.4,No,Yes,72,74,NotPlaced,59,65
8658,7.8,2,3,0,86,4.6,Yes,Yes,74,86,Placed,89,89
8659,7.9,1,3,3,83,4.7,Yes,Yes,69,81,Placed,66,70
8660,6.5,1,1,0,87,4.8,No,No,63,66,Placed,66,71
8661,7.3,1,3,0,84,4.6,Yes,No,61,66,NotPlaced,99,97
8662,8.5,2,3,2,90,4.8,Yes,Yes,75,88,Placed,44,53
8663,8.5,0,3,0,81,4.4,Yes,Yes,82,83,NotPlaced,76,79
8664,8.6,2,3,2,88,4.8,Yes,Yes,83,80,Placed,89,89
8665,6.5,0,1,2,89,3.8,No,No,72,72,Placed,60,66
8666,8.3,1,2,2,86,4.8,Yes,Yes,58,72,Placed,77,80
8667,8.0,1,3,1,90,4.8,Yes,Yes,79,87,Placed,50,58
8668,6.7,0,1,1,75,3.2,No,No,55,71,NotPlaced,54,61
8669,7.7,1,1,2,76,4.7,Yes,No,71,65,NotPlaced,70,74
8670,6.6,1,3,2,90,4.6,Yes,Yes,73,65,NotPlaced,76,79
8671,7.6,0,3,0,87,4.1,Yes,Yes,77,71,Placed,81,83
8672,8.3,1,2,0,72,3.9,Yes,Yes,74,79,Placed,88,88
8673,6.5,1,1,0,70,4.2,No,No,60,67,NotPlaced,63,69
8674,8.2,0,3,2,76,4.7,Yes,Yes,83,85,NotPlaced,82,84
8675,6.5,1,1,0,77,4.2,No,Yes,55,70,NotPlaced,59,65
8676,8.4,1,2,0,79,3.4,Yes,Yes,72,88,Placed,78,80
8677,6.6,1,1,0,71,3.0,No,No,65,62,NotPlaced,68,72
8678,7.7,1,3,0,80,4.8,Yes,Yes,73,82,NotPlaced,71,75
8679,7.9,2,3,1,75,4.5,Yes,Yes,79,80,NotPlaced,71,75
8680,8.0,0,3,2,87,4.7,Yes,Yes,78,70,Placed,40,50
8681,7.6,1,1,1,79,4.1,No,Yes,55,68,Placed,48,56
8682,8.1,0,2,0,73,4.7,Yes,Yes,78,67,NotPlaced,66,71
8683,8.6,1,2,0,68,3.9,Yes,Yes,72,83,Placed,39,49
8684,8.1,1,3,0,75,4.5,No,Yes,71,68,Placed,77,79
8685,8.6,2,3,2,90,4.8,Yes,Yes,77,82,Placed,78,80
8686,8.5,2,3,2,85,4.7,Yes,No,85,83,Placed,69,73
8687,8.6,2,2,1,78,4.0,Yes,Yes,81,77,NotPlaced,48,56
8688,6.8,1,2,2,70,3.8,No,Yes,55,67,NotPlaced,85,86
8689,7.2,0,1,0,70,3.5,No,No,58,69,NotPlaced,95,94
8690,8.7,1,2,2,84,4.8,Yes,Yes,84,77,Placed,67,71
8691,6.7,0,1,1,68,3.4,No,No,65,69,NotPlaced,72,76
8692,7.8,2,3,2,90,4.5,Yes,Yes,78,83,Placed,68,72
8693,8.3,0,3,0,90,4.7,Yes,Yes,69,82,Placed,72,76
8694,7.7,1,2,0,78,4.6,Yes,Yes,73,78,Placed,63,68
8695,6.6,0,1,0,70,4.3,No,No,63,64,NotPlaced,64,69
8696,7.5,1,1,0,90,4.6,No,Yes,68,73,NotPlaced,78,80
8697,6.8,2,1,0,77,4.0,No,No,60,77,NotPlaced,100,98
8698,8.4,0,3,2,69,4.5,Yes,Yes,55,84,Placed,43,53
8699,8.2,1,3,2,79,4.8,Yes,Yes,76,81,Placed,63,68
8700,7.8,2,2,1,84,4.0,No,Yes,86,73,NotPlaced,47,55
8701,8.7,2,3,2,90,4.8,Yes,Yes,85,86,Placed,88,89
8702,7.9,0,3,1,81,4.6,No,No,66,70,NotPlaced,56,62
8703,7.5,1,2,2,80,4.3,Yes,Yes,65,80,Placed,43,52
8704,6.5,0,1,0,62,4.6,No,No,61,66,NotPlaced,74,77
8705,8.4,2,3,1,86,4.4,Yes,Yes,57,80,Placed,91,90
8706,6.6,1,1,1,68,3.5,No,No,64,73,Placed,74,77
8707,6.7,0,1,0,79,4.4,No,No,76,66,NotPlaced,68,72
8708,6.7,2,1,2,71,4.0,No,Yes,55,65,NotPlaced,71,74
8709,6.5,1,1,0,67,3.1,No,No,65,68,NotPlaced,86,86
8710,7.5,1,1,2,67,3.5,Yes,Yes,55,64,NotPlaced,51,59
8711,8.5,1,2,2,74,4.0,No,Yes,83,79,NotPlaced,63,68
8712,6.7,0,1,0,63,3.8,No,No,62,63,NotPlaced,58,64
8713,8.2,1,1,1,68,3.9,No,Yes,70,66,Placed,47,55
8714,8.7,2,1,2,80,3.9,No,No,68,82,NotPlaced,60,66
8715,8.4,2,3,2,87,4.7,Yes,Yes,79,86,Placed,81,83
8716,6.9,0,2,1,82,3.9,No,Yes,78,59,NotPlaced,73,76
8717,7.1,0,1,0,70,4.4,No,No,77,67,NotPlaced,74,77
8718,7.3,0,1,0,72,4.3,No,No,55,68,NotPlaced,67,71
8719,8.3,1,1,1,73,4.1,No,No,78,83,NotPlaced,72,76
8720,6.5,0,1,1,85,4.2,No,Yes,60,77,Placed,52,60
8721,8.6,2,2,2,76,4.7,Yes,No,67,84,Placed,60,66
8722,7.5,0,1,1,82,3.8,No,Yes,62,70,NotPlaced,67,72
8723,7.0,0,1,0,69,4.4,Yes,Yes,71,72,Placed,69,73
8724,7.5,1,2,1,73,4.2,Yes,Yes,72,64,NotPlaced,69,73
8725,8.3,2,3,2,90,4.6,Yes,No,74,84,Placed,62,68
8726,6.5,2,1,0,75,4.0,No,No,55,70,NotPlaced,59,65
8727,8.0,2,3,2,89,4.8,Yes,Yes,79,80,NotPlaced,100,100
8728,7.5,1,1,0,77,4.0,No,Yes,62,67,NotPlaced,78,80
8729,8.5,1,3,2,90,4.8,Yes,Yes,76,85,Placed,71,74
8730,9.0,2,3,2,90,4.8,Yes,Yes,83,88,Placed,61,67
8731,6.6,1,2,1,67,4.1,Yes,Yes,73,69,NotPlaced,58,64
8732,7.7,1,2,1,69,3.3,Yes,Yes,68,68,NotPlaced,63,68
8733,8.0,2,3,2,90,4.8,Yes,Yes,77,85,Placed,69,73
8734,6.5,2,1,0,74,4.5,No,No,63,83,NotPlaced,36,47
8735,6.5,1,3,0,81,3.8,No,Yes,63,57,NotPlaced,41,51
8736,7.2,2,2,2,87,4.4,Yes,Yes,72,70,Placed,55,62
8737,8.3,1,3,1,88,4.8,No,Yes,72,69,Placed,68,72
8738,7.3,1,1,0,71,4.4,No,No,55,74,Placed,61,67
8739,7.3,1,1,0,77,4.0,No,Yes,55,59,NotPlaced,87,87
8740,7.9,2,3,2,90,4.8,Yes,Yes,82,88,Placed,42,52
8741,7.3,1,1,0,79,4.5,No,Yes,55,67,NotPlaced,53,60
8742,7.7,1,1,1,64,4.5,No,No,55,65,NotPlaced,87,88
8743,7.5,1,1,1,70,3.3,No,No,59,58,NotPlaced,66,71
8744,7.7,0,1,2,72,4.3,Yes,No,82,72,NotPlaced,78,80
8745,7.6,0,1,1,80,3.9,No,No,55,66,NotPlaced,95,94
8746,7.0,1,1,1,73,4.3,Yes,No,74,81,NotPlaced,54,61
8747,6.5,0,3,0,72,4.2,Yes,Yes,75,69,NotPlaced,63,68
8748,8.0,2,3,2,90,4.8,Yes,Yes,80,88,Placed,60,66
8749,6.5,1,2,2,76,4.8,No,Yes,81,85,NotPlaced,35,46
8750,7.5,0,2,0,68,4.0,No,Yes,67,71,Placed,60,66
8751,7.3,0,1,0,78,3.6,No,No,56,70,NotPlaced,78,80
8752,7.5,2,2,1,68,3.7,No,No,59,62,NotPlaced,73,76
8753,8.6,1,2,1,78,4.3,Yes,Yes,70,67,Placed,74,77
8754,8.6,2,3,2,82,4.4,Yes,Yes,64,83,Placed,59,65
8755,8.4,2,3,2,90,4.8,Yes,Yes,80,87,Placed,55,62
8756,7.5,2,1,0,69,4.5,Yes,No,71,69,NotPlaced,84,85
8757,8.3,1,1,2,82,4.2,Yes,No,55,87,Placed,57,64
8758,8.4,0,2,0,71,3.8,Yes,Yes,56,63,NotPlaced,69,73
8759,8.3,2,3,2,90,4.8,Yes,Yes,83,85,Placed,67,71
8760,6.5,1,1,0,67,4.3,No,Yes,72,67,NotPlaced,86,87
8761,8.3,2,3,0,88,4.8,Yes,Yes,77,81,NotPlaced,79,81
8762,7.7,1,3,2,78,4.4,Yes,No,83,85,NotPlaced,45,54
8763,8.1,1,2,0,87,4.3,Yes,Yes,76,66,NotPlaced,47,55
8764,7.9,1,2,0,77,3.8,Yes,Yes,58,78,NotPlaced,73,76
8765,8.8,2,3,2,90,4.7,Yes,Yes,80,86,Placed,64,69
8766,7.4,1,2,1,76,4.4,Yes,Yes,79,70,NotPlaced,58,64
8767,8.3,1,0,0,85,4.3,Yes,Yes,87,83,Placed,80,82
8768,6.5,0,3,0,77,4.2,No,No,78,61,NotPlaced,67,72
8769,7.6,1,2,0,82,3.9,No,No,58,68,NotPlaced,65,70
8770,8.3,1,3,2,90,4.8,Yes,Yes,88,73,Placed,76,79
8771,8.2,1,1,1,79,4.1,Yes,Yes,58,83,NotPlaced,59,65
8772,6.8,1,2,0,80,4.5,Yes,Yes,56,67,Placed,88,88
8773,7.5,2,2,1,74,4.4,No,Yes,82,62,NotPlaced,53,60
8774,7.6,0,1,0,71,3.9,No,No,59,64,NotPlaced,74,77
8775,8.4,1,2,1,74,4.3,No,No,57,68,NotPlaced,86,87
8776,8.4,2,3,2,90,4.5,Yes,Yes,69,81,NotPlaced,44,53
8777,8.2,2,3,0,90,4.8,Yes,Yes,68,82,Placed,59,65
8778,7.6,0,3,2,82,4.5,No,No,78,64,Placed,82,83
8779,6.9,0,1,0,79,4.8,Yes,No,62,67,NotPlaced,82,83
8780,8.4,0,1,0,85,3.7,Yes,Yes,57,71,Placed,62,67
8781,7.4,1,2,1,74,4.3,No,No,56,70,NotPlaced,53,61
8782,7.5,1,2,0,81,4.7,No,Yes,56,69,NotPlaced,79,81
8783,8.4,0,1,0,90,4.8,No,Yes,55,65,Placed,82,84
8784,8.3,1,3,0,90,4.7,Yes,Yes,71,86,Placed,47,56
8785,7.9,1,1,2,72,4.8,Yes,No,64,69,Placed,46,55
8786,8.4,0,3,2,75,4.8,Yes,Yes,55,63,NotPlaced,68,72
8787,7.7,0,1,1,85,4.4,No,Yes,61,65,Placed,74,77
8788,6.8,1,1,1,78,3.8,No,No,58,68,NotPlaced,60,66
8789,8.6,2,3,2,90,4.6,Yes,Yes,74,88,Placed,75,78
8790,7.7,2,3,0,81,4.7,Yes,Yes,66,80,Placed,54,61
8791,8.4,1,0,2,81,4.2,Yes,Yes,74,88,Placed,33,44
8792,6.5,1,1,1,76,4.8,Yes,No,57,79,NotPlaced,58,64
8793,8.3,2,2,3,87,4.8,Yes,Yes,81,84,NotPlaced,65,70
8794,7.3,2,1,0,83,3.7,Yes,Yes,60,65,Placed,60,66
8795,6.5,0,2,0,85,4.8,No,No,89,67,Placed,47,56
8796,8.2,1,2,2,80,4.4,Yes,Yes,72,83,Placed,37,48
8797,7.6,1,1,1,71,4.2,No,No,57,68,NotPlaced,57,63
8798,8.5,2,2,2,82,4.5,Yes,Yes,55,81,NotPlaced,78,80
8799,7.4,2,3,2,89,4.8,Yes,No,88,82,NotPlaced,83,85
8800,7.0,2,3,2,90,4.8,Yes,Yes,90,80,Placed,82,84
8801,8.2,1,1,1,78,4.0,No,Yes,56,70,NotPlaced,52,60
8802,6.9,1,3,2,80,4.6,Yes,Yes,73,83,Placed,47,56
8803,6.8,0,1,0,63,3.6,No,No,55,67,NotPlaced,72,75
8804,8.5,0,3,2,90,4.8,Yes,Yes,74,64,Placed,74,77
8805,8.2,1,3,2,90,4.8,No,Yes,71,83,Placed,71,74
8806,6.5,1,1,1,69,3.7,Yes,No,62,65,NotPlaced,34,45
8807,7.4,1,1,0,74,4.5,No,No,64,71,Placed,51,59
8808,7.9,0,2,2,87,3.9,No,Yes,63,69,NotPlaced,64,69
8809,8.1,2,3,2,86,4.7,Yes,Yes,76,80,Placed,72,75
8810,8.7,2,3,0,87,4.8,Yes,Yes,76,88,Placed,76,79
8811,7.5,1,2,0,78,4.4,Yes,Yes,61,71,NotPlaced,67,71
8812,8.2,2,3,2,90,4.7,Yes,Yes,80,86,Placed,69,73
8813,7.8,1,3,0,76,4.4,Yes,Yes,74,74,NotPlaced,66,71
8814,6.5,1,2,0,69,4.8,No,Yes,56,72,NotPlaced,75,78
8815,8.1,1,2,2,78,4.7,Yes,Yes,57,83,NotPlaced,69,73
8816,8.3,2,3,3,89,4.5,Yes,Yes,77,88,Placed,65,70
8817,8.0,1,3,0,80,4.0,Yes,Yes,83,68,NotPlaced,60,66
8818,7.8,1,1,0,66,3.7,Yes,Yes,62,67,Placed,66,70
8819,6.6,1,1,2,86,4.7,No,No,55,69,Placed,72,75
8820,6.8,1,3,0,83,4.4,No,Yes,58,63,NotPlaced,69,73
8821,7.9,2,3,2,80,4.5,Yes,Yes,77,85,Placed,70,74
8822,7.4,1,2,0,75,3.9,No,Yes,69,70,Placed,85,86
8823,8.1,0,2,1,88,3.8,Yes,Yes,72,82,NotPlaced,68,73
8824,8.2,2,3,2,82,4.4,Yes,Yes,80,83,Placed,55,62
8825,8.6,0,3,0,86,4.5,Yes,No,70,83,NotPlaced,78,80
8826,8.2,2,3,0,89,4.4,Yes,Yes,84,86,NotPlaced,44,53
8827,8.1,2,2,0,80,4.8,Yes,No,55,82,Placed,48,57
8828,7.4,1,3,1,84,4.5,Yes,Yes,81,73,Placed,70,74
8829,8.2,2,3,2,85,4.8,Yes,Yes,73,85,Placed,72,76
8830,8.3,1,3,2,88,4.8,Yes,Yes,74,88,Placed,46,55
8831,8.0,2,3,2,82,4.3,Yes,Yes,77,84,Placed,59,65
8832,6.5,1,2,1,69,3.8,No,Yes,56,71,NotPlaced,55,62
8833,8.3,2,3,2,90,4.8,Yes,Yes,62,84,NotPlaced,57,64
8834,6.5,1,2,0,76,4.3,No,No,58,66,NotPlaced,79,81
8835,7.9,1,1,0,77,4.7,No,Yes,75,70,NotPlaced,75,78
8836,8.0,2,3,2,90,4.8,Yes,Yes,75,83,Placed,64,69
8837,7.9,1,2,1,86,4.4,Yes,Yes,83,67,NotPlaced,56,63
8838,6.5,1,1,0,69,3.5,No,Yes,55,72,NotPlaced,44,53
8839,6.9,1,1,0,78,4.2,Yes,Yes,66,69,Placed,86,87
8840,7.9,1,3,2,90,4.8,Yes,No,78,83,NotPlaced,73,77
8841,6.5,0,1,1,81,4.1,No,No,71,69,NotPlaced,54,61
8842,8.7,2,3,2,90,4.8,Yes,Yes,71,84,Placed,75,78
8843,6.5,1,2,0,77,4.2,No,No,55,59,NotPlaced,63,69
8844,7.4,1,2,2,82,4.3,Yes,Yes,77,72,NotPlaced,60,66
8845,7.4,1,2,1,77,3.9,No,Yes,55,64,NotPlaced,71,75
8846,7.6,1,1,1,76,3.4,No,No,55,59,NotPlaced,53,61
8847,8.7,2,3,2,79,4.4,Yes,Yes,78,80,Placed,59,65
8848,6.5,0,1,0,73,3.6,No,No,67,70,NotPlaced,66,71
8849,8.1,2,1,2,72,4.1,Yes,No,59,69,NotPlaced,57,64
8850,8.6,1,3,2,90,4.8,Yes,Yes,78,85,Placed,75,78
8851,7.7,1,2,1,76,3.7,No,Yes,72,69,NotPlaced,93,92
8852,8.4,2,3,2,89,4.1,Yes,Yes,83,80,Placed,53,60
8853,8.2,2,3,2,90,4.8,Yes,Yes,71,80,Placed,40,50
8854,7.6,2,1,0,79,4.8,Yes,Yes,55,70,NotPlaced,34,45
8855,8.0,0,2,2,90,4.8,Yes,Yes,68,85,Placed,62,68
8856,8.6,1,3,0,82,4.5,No,Yes,55,74,NotPlaced,55,62
8857,7.9,2,3,2,90,4.7,Yes,Yes,80,88,Placed,68,72
8858,6.7,1,1,0,80,3.8,No,Yes,62,64,NotPlaced,66,71
8859,7.4,1,1,0,66,4.4,No,No,55,65,NotPlaced,40,50
8860,7.8,1,2,1,74,4.8,Yes,Yes,69,81,NotPlaced,37,48
8861,8.4,1,1,2,86,4.7,Yes,No,69,71,NotPlaced,69,73
8862,8.0,2,3,2,89,4.6,Yes,Yes,80,87,Placed,67,71
8863,7.8,1,3,2,80,3.4,Yes,No,55,67,NotPlaced,58,64
8864,7.4,1,1,0,79,3.6,No,Yes,57,71,NotPlaced,40,50
8865,7.5,0,1,2,74,4.0,No,Yes,55,72,NotPlaced,72,75
8866,7.7,2,3,2,90,4.8,Yes,Yes,87,88,Placed,84,85
8867,8.3,1,3,2,88,4.6,Yes,Yes,77,88,Placed,69,73
8868,8.0,2,3,3,85,4.8,Yes,Yes,77,81,NotPlaced,52,59
8869,6.5,0,2,2,85,4.1,No,Yes,71,72,NotPlaced,65,70
8870,8.6,2,1,0,70,4.2,No,Yes,56,64,NotPlaced,44,53
8871,8.2,2,3,2,83,4.6,Yes,Yes,69,77,Placed,80,82
8872,7.6,2,2,2,60,4.4,No,No,55,61,NotPlaced,66,70
8873,8.3,2,3,3,88,4.8,Yes,Yes,84,87,Placed,38,48
8874,8.1,2,3,2,90,4.8,Yes,Yes,75,86,Placed,60,66
8875,6.5,0,2,0,77,4.4,No,Yes,55,65,NotPlaced,71,75
8876,7.8,0,1,2,68,4.5,No,No,82,85,Placed,60,66
8877,8.0,1,3,2,90,4.7,Yes,Yes,74,88,Placed,60,66
8878,8.2,1,3,2,90,4.8,Yes,Yes,66,84,Placed,46,55
8879,7.9,1,3,2,78,4.3,Yes,Yes,89,86,Placed,73,76
8880,8.4,1,3,0,81,3.6,Yes,Yes,78,86,Placed,55,62
8881,7.7,1,2,2,82,4.7,No,Yes,84,85,NotPlaced,32,44
8882,7.8,1,2,1,70,3.9,No,Yes,58,70,NotPlaced,59,65
8883,6.6,1,3,2,79,4.6,Yes,Yes,78,75,Placed,79,81
8884,7.7,1,2,0,76,4.1,Yes,Yes,60,72,NotPlaced,59,65
8885,7.7,1,1,1,86,4.3,No,Yes,60,63,NotPlaced,91,90
8886,8.0,1,2,1,77,4.5,No,No,61,70,NotPlaced,71,75
8887,7.5,1,2,1,78,4.7,No,No,55,66,NotPlaced,70,74
8888,8.3,1,2,2,85,4.6,Yes,Yes,75,81,Placed,63,68
8889,8.4,1,3,2,90,4.8,Yes,Yes,82,87,Placed,63,69
8890,7.6,0,2,1,77,4.4,Yes,Yes,64,63,Placed,61,66
8891,7.5,1,2,2,87,3.9,Yes,Yes,81,70,NotPlaced,60,66
8892,8.3,2,3,0,90,4.7,Yes,Yes,73,77,Placed,72,76
8893,7.0,1,1,1,62,3.4,No,No,55,63,NotPlaced,50,58
8894,7.9,2,3,2,90,4.8,Yes,Yes,81,86,Placed,48,57
8895,8.4,2,3,2,88,4.8,Yes,Yes,84,87,Placed,48,56
8896,7.6,1,1,0,74,4.3,No,No,58,71,NotPlaced,95,94
8897,8.2,1,3,2,90,4.3,Yes,Yes,76,82,Placed,72,76
8898,8.1,0,3,3,88,4.3,No,Yes,84,83,Placed,69,73
8899,8.6,1,2,2,64,4.0,No,No,59,70,NotPlaced,49,57
8900,7.7,1,1,0,77,3.7,No,No,55,64,NotPlaced,74,77
8901,8.3,2,3,2,88,4.8,Yes,Yes,83,86,Placed,63,68
8902,6.9,2,2,2,90,4.8,No,Yes,85,85,Placed,68,72
8903,7.4,1,1,2,90,4.3,Yes,Yes,72,85,Placed,50,58
8904,8.3,1,1,1,71,3.9,Yes,No,55,59,NotPlaced,67,71
8905,7.5,1,2,0,78,3.4,Yes,Yes,55,65,NotPlaced,58,64
8906,6.5,1,1,1,79,4.7,No,Yes,59,64,NotPlaced,53,60
8907,7.5,1,2,1,79,4.5,No,Yes,64,68,NotPlaced,76,78
8908,7.4,1,3,1,68,3.4,Yes,Yes,60,74,NotPlaced,41,51
8909,8.6,1,3,2,87,4.8,Yes,Yes,82,88,Placed,73,76
8910,8.1,2,3,2,68,4.5,Yes,Yes,76,85,NotPlaced,75,78
8911,7.7,1,3,0,71,4.2,No,Yes,80,82,NotPlaced,51,59
8912,6.8,1,1,1,71,4.3,No,Yes,55,62,NotPlaced,52,60
8913,8.2,1,2,2,90,4.8,Yes,No,70,85,NotPlaced,61,67
8914,6.5,0,2,0,83,4.6,Yes,Yes,55,65,NotPlaced,69,73
8915,7.6,1,1,1,75,3.6,No,Yes,59,62,NotPlaced,62,68
8916,7.5,0,1,0,74,4.5,Yes,Yes,71,80,NotPlaced,71,75
8917,6.6,1,2,0,78,4.1,Yes,No,74,64,NotPlaced,91,91
8918,8.2,0,1,3,84,4.8,Yes,Yes,88,69,Placed,57,63
8919,7.4,2,3,1,78,4.7,No,Yes,55,84,NotPlaced,39,49
8920,8.7,2,2,0,89,4.5,No,Yes,78,71,Placed,77,79
8921,8.6,2,1,0,86,4.4,Yes,Yes,82,79,Placed,90,90
8922,8.5,1,3,2,89,4.6,Yes,Yes,79,82,NotPlaced,70,74
8923,8.4,1,3,0,90,4.8,Yes,No,75,82,Placed,48,56
8924,8.2,0,2,3,90,4.8,Yes,Yes,81,88,Placed,63,68
8925,8.2,1,2,3,86,3.9,Yes,Yes,76,88,Placed,48,56
8926,8.3,2,3,2,90,4.8,Yes,Yes,76,83,Placed,74,77
8927,7.4,1,1,0,72,4.2,Yes,Yes,55,66,Placed,44,53
8928,8.3,2,3,0,82,4.5,Yes,Yes,74,70,NotPlaced,60,66
8929,8.5,2,1,1,78,4.4,Yes,Yes,66,86,Placed,49,57
8930,8.6,0,3,2,78,4.2,Yes,No,62,74,NotPlaced,66,71
8931,7.6,1,1,1,84,3.3,Yes,Yes,75,60,Placed,59,65
8932,7.4,0,2,2,83,4.5,Yes,Yes,82,71,NotPlaced,67,72
8933,8.4,1,1,2,84,4.0,Yes,Yes,68,83,NotPlaced,65,70
8934,7.2,1,1,0,73,3.8,No,No,59,65,NotPlaced,50,58
8935,7.5,1,2,1,80,3.7,No,Yes,55,66,NotPlaced,74,77
8936,6.9,0,2,0,77,4.2,No,No,70,68,NotPlaced,64,69
8937,7.7,0,2,0,85,4.0,No,Yes,55,64,Placed,50,58
8938,8.5,1,2,2,82,4.0,Yes,No,55,74,Placed,98,96
8939,8.3,1,3,1,85,4.3,Yes,Yes,65,82,NotPlaced,72,75
8940,8.3,0,3,2,82,4.8,Yes,Yes,73,79,Placed,62,68
8941,7.6,1,2,1,86,4.4,Yes,Yes,64,68,Placed,86,86
8942,8.0,2,3,0,84,4.6,Yes,Yes,88,81,NotPlaced,92,92
8943,7.0,1,1,0,74,4.3,No,Yes,66,71,NotPlaced,62,68
8944,7.2,1,1,1,74,3.9,No,Yes,57,69,NotPlaced,70,74
8945,6.7,1,1,0,75,3.7,No,No,58,66,NotPlaced,50,58
8946,7.3,1,2,1,68,4.6,No,Yes,65,70,NotPlaced,62,68
8947,8.0,1,3,0,81,4.3,Yes,Yes,80,71,NotPlaced,62,67
8948,8.0,2,3,2,81,3.9,Yes,Yes,79,81,NotPlaced,67,72
8949,7.6,1,1,1,72,4.6,No,Yes,78,66,NotPlaced,69,73
8950,7.4,0,2,0,75,4.4,No,Yes,57,67,NotPlaced,73,76
8951,8.4,2,3,2,83,4.7,Yes,Yes,83,84,Placed,68,72
8952,6.5,1,2,1,72,4.0,Yes,Yes,68,76,Placed,46,55
8953,8.2,2,3,2,81,4.8,Yes,Yes,84,64,NotPlaced,50,58
8954,8.4,2,3,2,87,4.6,Yes,No,83,87,Placed,56,63
8955,8.6,2,3,2,90,4.7,Yes,Yes,83,88,Placed,60,66
8956,8.6,2,3,3,83,4.6,Yes,No,86,84,NotPlaced,80,82
8957,7.9,1,2,0,67,4.4,Yes,No,73,72,Placed,47,56
8958,8.3,2,3,2,88,4.8,Yes,Yes,66,83,Placed,59,65
8959,7.7,1,1,1,74,4.5,No,No,55,62,NotPlaced,79,81
8960,8.0,0,2,0,76,4.6,Yes,Yes,56,87,Placed,60,66
8961,7.9,1,3,3,80,4.1,Yes,Yes,71,84,Placed,71,75
8962,7.8,1,3,0,79,4.8,Yes,Yes,72,79,NotPlaced,62,68
8963,8.5,1,2,0,73,4.2,No,Yes,55,61,NotPlaced,68,73
8964,7.7,2,2,2,75,4.2,No,Yes,71,83,NotPlaced,61,67
8965,8.4,2,2,2,84,4.7,Yes,Yes,85,82,Placed,75,78
8966,7.5,1,3,0,83,4.2,Yes,Yes,75,80,NotPlaced,41,51
8967,7.9,1,2,0,82,4.2,Yes,Yes,79,86,Placed,59,65
8968,7.4,1,1,0,80,4.3,No,Yes,58,69,Placed,69,73
8969,6.9,1,1,1,72,3.6,No,No,61,59,NotPlaced,73,76
8970,7.9,1,2,1,81,4.8,No,Yes,74,65,NotPlaced,87,87
8971,8.4,2,3,2,90,4.8,Yes,Yes,82,79,Placed,59,65
8972,8.4,1,3,0,73,4.7,Yes,Yes,72,73,NotPlaced,87,87
8973,7.8,1,3,2,90,4.8,Yes,Yes,75,86,Placed,55,62
8974,7.7,0,1,1,72,4.1,No,Yes,55,64,NotPlaced,84,85
8975,8.3,1,3,1,79,4.3,Yes,Yes,55,84,NotPlaced,77,79
8976,8.5,1,3,2,80,4.6,Yes,Yes,74,68,Placed,51,59
8977,8.3,2,3,2,90,4.8,Yes,Yes,81,88,Placed,69,73
8978,7.5,1,3,1,72,4.2,Yes,No,90,80,NotPlaced,64,69
8979,6.5,1,3,2,77,4.5,No,Yes,73,67,Placed,74,77
8980,8.6,2,3,0,87,4.7,Yes,Yes,76,73,NotPlaced,61,67
8981,6.9,1,2,2,77,4.2,Yes,Yes,77,86,NotPlaced,60,66
8982,8.2,2,3,0,81,4.8,Yes,No,85,80,Placed,85,86
8983,8.2,2,3,2,76,4.8,Yes,No,71,83,NotPlaced,63,68
8984,7.4,1,3,0,84,4.6,No,No,64,84,NotPlaced,77,79
8985,8.4,0,3,2,83,4.0,Yes,No,62,64,Placed,61,67
8986,7.7,0,1,0,67,4.0,No,No,57,69,NotPlaced,89,89
8987,8.1,1,2,0,83,3.9,No,No,85,60,NotPlaced,54,61
8988,8.6,0,2,2,83,3.9,Yes,Yes,70,85,NotPlaced,55,62
8989,8.5,1,1,1,77,4.5,Yes,Yes,57,66,NotPlaced,87,88
8990,8.2,2,3,2,90,4.8,Yes,Yes,85,88,Placed,58,64
8991,8.2,2,3,2,90,4.8,Yes,Yes,82,88,Placed,89,89
8992,8.7,2,3,2,81,4.6,Yes,Yes,79,85,Placed,78,80
8993,7.3,2,3,2,78,4.7,No,Yes,70,88,NotPlaced,62,68
8994,7.9,2,3,0,90,4.8,Yes,Yes,89,86,Placed,37,48
8995,7.9,1,1,0,73,4.0,No,Yes,62,64,NotPlaced,64,69
8996,8.4,1,2,0,81,4.0,No,Yes,55,59,Placed,66,71
8997,6.5,1,2,1,72,4.4,No,No,55,63,NotPlaced,82,84
8998,7.5,1,2,0,60,3.6,No,Yes,55,67,NotPlaced,88,89
8999,7.8,0,2,2,87,4.6,Yes,Yes,85,86,Placed,54,61
9000,8.1,2,1,0,90,4.5,Yes,Yes,88,84,NotPlaced,77,79
9001,7.8,1,3,2,90,4.8,Yes,Yes,83,88,Placed,76,79
9002,7.5,1,1,0,77,4.6,No,No,79,72,NotPlaced,81,82
9003,6.6,1,1,1,67,4.1,No,Yes,63,67,NotPlaced,72,75
9004,6.9,1,1,0,74,4.5,No,Yes,57,63,NotPlaced,35,46
9005,6.8,1,1,1,75,4.3,No,Yes,55,67,NotPlaced,62,68
9006,7.7,1,1,0,80,3.3,No,No,55,67,NotPlaced,47,56
9007,7.5,1,3,2,78,4.8,No,Yes,68,69,NotPlaced,61,67
9008,6.7,0,1,1,85,4.2,Yes,Yes,68,64,Placed,79,81
9009,6.5,1,3,1,75,4.5,No,No,60,64,NotPlaced,69,73
9010,8.3,1,3,0,90,4.8,Yes,Yes,81,86,Placed,82,83
9011,8.6,2,3,2,90,4.8,Yes,Yes,82,81,Placed,70,74
9012,6.5,1,2,1,61,3.9,No,Yes,55,66,NotPlaced,45,54
9013,6.8,1,1,0,77,4.2,Yes,Yes,64,64,NotPlaced,27,39
9014,6.7,1,2,0,74,4.6,Yes,Yes,55,68,Placed,67,71
9015,7.6,1,1,0,81,4.1,No,Yes,55,68,NotPlaced,61,67
9016,8.4,2,3,2,89,4.5,Yes,Yes,78,82,Placed,50,58
9017,6.5,1,2,1,83,4.1,No,Yes,77,72,NotPlaced,39,49
9018,8.4,2,3,0,90,4.7,Yes,No,76,83,Placed,53,61
9019,8.2,1,2,0,81,4.8,No,Yes,55,70,NotPlaced,62,67
9020,7.6,1,1,1,73,3.9,No,No,65,70,NotPlaced,74,77
9021,7.5,1,1,0,82,4.5,No,Yes,62,72,NotPlaced,67,72
9022,8.3,2,3,2,85,4.8,Yes,Yes,80,88,Placed,89,89
9023,6.5,1,2,1,76,4.1,Yes,No,56,70,NotPlaced,49,57
9024,7.8,1,1,1,72,4.6,Yes,Yes,60,60,NotPlaced,78,80
9025,6.8,1,1,0,73,3.1,No,Yes,72,66,NotPlaced,65,70
9026,8.6,1,3,2,82,4.8,Yes,Yes,90,85,Placed,75,78
9027,7.8,1,2,1,83,4.6,No,Yes,79,66,Placed,58,64
9028,6.8,2,3,2,84,4.8,Yes,Yes,81,88,Placed,81,82
9029,8.0,1,3,0,85,4.8,Yes,Yes,86,75,NotPlaced,69,73
9030,7.7,1,1,2,76,4.6,No,Yes,76,66,NotPlaced,54,61
9031,8.6,2,3,2,76,4.2,Yes,Yes,81,84,Placed,64,69
9032,8.0,2,3,2,83,4.5,Yes,No,79,81,NotPlaced,61,67
9033,7.3,1,1,0,77,3.7,No,No,55,65,NotPlaced,72,75
9034,8.9,1,3,0,83,4.8,Yes,Yes,77,76,Placed,47,55
9035,7.7,1,1,1,73,4.2,No,No,55,67,NotPlaced,64,69
9036,8.2,0,2,1,75,4.4,Yes,Yes,73,67,Placed,70,74
9037,6.9,1,1,1,84,4.7,Yes,No,55,73,NotPlaced,65,70
9038,8.8,1,3,2,89,4.5,Yes,Yes,73,85,Placed,85,86
9039,6.8,1,1,1,69,3.7,No,No,63,65,NotPlaced,76,79
9040,6.5,1,2,0,83,4.6,No,Yes,55,73,NotPlaced,64,69
9041,8.1,2,3,0,90,4.7,Yes,Yes,86,88,Placed,68,72
9042,7.7,1,1,0,78,3.8,No,Yes,55,68,NotPlaced,69,73
9043,8.6,1,3,3,88,4.6,Yes,Yes,79,85,Placed,71,74
9044,6.5,1,1,0,68,3.8,No,Yes,59,59,NotPlaced,37,48
9045,7.9,2,3,2,79,4.3,Yes,No,68,82,Placed,60,66
9046,8.3,2,3,2,90,4.3,Yes,Yes,75,84,NotPlaced,42,52
9047,7.1,1,2,1,84,4.3,Yes,Yes,75,82,NotPlaced,84,85
9048,6.5,1,2,0,84,4.6,Yes,Yes,57,66,NotPlaced,64,69
9049,7.8,0,1,2,74,4.3,No,Yes,59,84,NotPlaced,62,67
9050,8.3,2,3,2,87,4.7,Yes,Yes,79,80,Placed,78,80
9051,7.1,1,1,0,63,4.2,No,Yes,55,69,NotPlaced,71,75
9052,8.3,1,3,2,90,4.5,Yes,Yes,68,82,Placed,48,56
9053,8.7,2,3,3,90,4.8,Yes,Yes,77,86,Placed,63,69
9054,8.5,1,2,1,66,3.9,No,Yes,63,72,NotPlaced,59,65
9055,6.8,1,2,0,68,4.1,Yes,Yes,58,71,NotPlaced,38,49
9056,7.4,0,1,0,79,4.2,Yes,Yes,61,65,NotPlaced,54,61
9057,7.6,0,3,2,87,4.7,Yes,No,80,84,Placed,62,67
9058,7.5,1,2,1,71,4.1,No,Yes,58,65,NotPlaced,63,68
9059,8.3,1,1,0,70,4.6,Yes,Yes,79,84,NotPlaced,42,52
9060,9.1,2,3,2,90,4.8,Yes,Yes,74,82,Placed,82,83
9061,8.1,1,3,2,75,4.7,Yes,Yes,76,68,NotPlaced,63,68
9062,7.6,0,2,0,85,4.2,Yes,Yes,81,83,Placed,65,70
9063,8.6,1,2,2,88,4.3,Yes,Yes,71,82,Placed,71,74
9064,8.0,0,2,1,89,4.3,No,Yes,55,75,NotPlaced,53,60
9065,7.5,1,2,0,64,3.8,No,No,55,67,NotPlaced,71,75
9066,7.5,0,1,0,63,4.3,Yes,Yes,55,64,NotPlaced,59,65
9067,7.3,0,2,0,71,3.5,No,Yes,67,68,NotPlaced,51,59
9068,7.0,0,3,3,76,4.5,Yes,Yes,87,81,Placed,73,76
9069,7.5,1,1,1,70,4.4,No,No,59,69,NotPlaced,87,87
9070,6.5,1,2,0,76,3.7,No,No,56,67,NotPlaced,75,78
9071,8.3,1,2,0,77,3.8,Yes,Yes,63,80,NotPlaced,78,81
9072,6.9,1,1,2,72,3.8,Yes,Yes,71,83,NotPlaced,57,63
9073,8.1,2,3,2,90,4.8,Yes,Yes,90,86,Placed,41,50
9074,7.6,1,2,0,72,4.2,No,Yes,59,65,Placed,87,87
9075,6.8,1,1,0,74,4.3,No,Yes,55,66,NotPlaced,95,94
9076,8.4,2,3,2,90,4.8,Yes,Yes,69,88,Placed,88,88
9077,7.0,1,2,0,73,4.5,No,Yes,55,80,NotPlaced,59,65
9078,6.9,2,3,3,86,4.8,Yes,Yes,73,82,Placed,47,56
9079,7.3,1,1,1,80,3.8,No,No,71,71,NotPlaced,49,57
9080,8.3,2,3,2,90,4.8,Yes,Yes,82,85,Placed,39,49
9081,6.9,1,1,0,78,3.9,Yes,Yes,73,62,NotPlaced,63,68
9082,8.3,2,2,2,80,4.5,Yes,Yes,68,79,Placed,89,89
9083,7.2,1,1,1,72,3.7,No,No,57,65,NotPlaced,62,68
9084,8.1,2,2,2,90,3.7,Yes,Yes,64,82,Placed,69,73
9085,7.7,1,1,2,71,4.0,No,Yes,56,64,NotPlaced,85,86
9086,8.4,2,3,2,90,4.7,Yes,Yes,89,86,Placed,58,65
9087,6.6,0,1,0,67,3.3,No,Yes,55,69,NotPlaced,95,94
9088,6.8,2,1,2,75,4.6,Yes,Yes,74,82,NotPlaced,94,93
9089,7.8,2,3,2,90,4.7,Yes,Yes,70,84,Placed,63,68
9090,6.9,1,2,0,73,4.2,Yes,Yes,74,63,NotPlaced,56,63
9091,7.6,1,3,2,85,4.4,Yes,Yes,69,61,Placed,75,78
9092,6.5,0,1,1,80,3.2,No,No,71,60,NotPlaced,59,65
9093,7.8,2,3,2,86,4.2,Yes,No,83,81,Placed,47,56
9094,7.6,2,1,1,74,3.8,Yes,Yes,61,83,NotPlaced,84,85
9095,8.3,0,3,2,90,4.7,Yes,Yes,85,88,Placed,83,84
9096,7.3,2,1,2,86,3.8,No,Yes,71,67,NotPlaced,67,71
9097,7.8,2,2,2,88,4.3,Yes,Yes,75,82,NotPlaced,46,54
9098,7.6,1,2,0,72,4.4,No,Yes,57,64,NotPlaced,46,55
9099,7.8,1,3,1,79,3.7,No,No,55,67,NotPlaced,66,71
9100,6.5,1,1,1,76,4.3,Yes,No,60,63,NotPlaced,57,64
9101,7.5,0,1,0,82,4.4,No,Yes,58,85,NotPlaced,59,65
9102,6.6,0,3,2,87,4.3,No,No,69,69,NotPlaced,80,82
9103,6.9,2,1,0,73,4.0,No,Yes,84,67,NotPlaced,75,78
9104,7.4,1,1,0,60,3.8,No,No,55,63,NotPlaced,85,86
9105,7.5,1,1,1,63,3.7,No,Yes,57,66,NotPlaced,50,58
9106,8.0,2,3,2,90,4.8,Yes,Yes,77,86,Placed,59,65
9107,8.3,2,3,2,90,4.8,Yes,Yes,80,81,Placed,76,79
9108,8.5,2,2,2,90,4.4,Yes,Yes,74,85,Placed,71,75
9109,6.5,1,1,1,66,4.0,No,Yes,60,73,NotPlaced,87,88
9110,8.6,1,3,2,82,4.6,Yes,Yes,75,84,Placed,71,75
9111,8.2,2,3,2,90,4.8,Yes,Yes,86,82,Placed,92,92
9112,6.7,1,2,1,79,3.9,No,Yes,82,83,NotPlaced,73,76
9113,6.5,1,1,1,84,4.0,Yes,Yes,68,81,Placed,80,82
9114,7.5,2,3,0,81,3.9,Yes,Yes,65,65,NotPlaced,60,66
9115,7.6,0,2,1,74,4.8,Yes,Yes,81,72,Placed,65,70
9116,7.6,0,1,1,77,4.3,No,Yes,55,63,NotPlaced,78,80
9117,7.5,1,1,1,77,4.6,No,No,56,67,NotPlaced,89,89
9118,8.0,1,2,1,80,4.3,Yes,Yes,74,88,NotPlaced,75,78
9119,8.2,2,3,2,90,4.6,Yes,Yes,78,85,Placed,63,69
9120,6.5,1,1,0,78,4.0,No,No,55,71,NotPlaced,85,86
9121,7.0,1,1,0,81,3.6,No,Yes,55,70,NotPlaced,32,43
9122,8.4,2,3,1,84,4.5,Yes,Yes,83,79,Placed,43,52
9123,8.4,2,1,0,90,4.6,Yes,Yes,72,82,NotPlaced,75,78
9124,7.0,1,1,1,70,3.3,No,Yes,55,68,NotPlaced,65,70
9125,8.7,1,2,2,77,4.5,Yes,Yes,75,68,Placed,74,77
9126,7.4,1,1,1,65,4.3,No,No,63,66,NotPlaced,65,70
9127,7.9,1,2,1,86,3.8,Yes,Yes,73,87,NotPlaced,73,76
9128,8.1,1,3,1,82,4.6,Yes,Yes,78,75,Placed,52,60
9129,6.5,0,1,0,64,4.1,No,No,56,69,NotPlaced,73,76
9130,8.5,2,1,0,86,4.7,Yes,Yes,64,83,NotPlaced,79,81
9131,8.2,1,3,2,89,4.8,Yes,Yes,77,83,Placed,83,84
9132,7.6,2,3,0,76,4.8,Yes,Yes,71,85,NotPlaced,95,94
9133,8.2,1,3,2,81,4.5,Yes,No,70,83,Placed,68,72
9134,7.6,1,1,1,68,4.0,No,No,57,63,NotPlaced,69,73
9135,8.3,0,2,2,72,4.0,Yes,Yes,74,79,NotPlaced,42,51
9136,7.5,1,2,0,89,4.5,Yes,Yes,79,83,Placed,57,63
9137,8.0,2,3,0,90,4.4,Yes,Yes,78,85,Placed,62,67
9138,7.8,2,3,0,83,4.4,Yes,No,85,83,NotPlaced,80,82
9139,8.6,2,3,2,88,4.8,Yes,Yes,76,85,Placed,55,62
9140,6.7,1,1,0,85,4.0,No,Yes,58,71,NotPlaced,76,79
9141,7.6,0,1,0,83,3.7,No,No,76,69,NotPlaced,64,69
9142,7.6,1,1,0,74,4.1,No,No,55,59,NotPlaced,62,67
9143,7.7,1,3,3,88,4.8,Yes,No,75,85,NotPlaced,68,72
9144,8.1,1,1,0,86,4.8,No,Yes,61,82,Placed,59,65
9145,7.8,1,2,0,82,3.9,Yes,Yes,86,66,NotPlaced,58,64
9146,7.4,1,1,0,82,4.5,Yes,Yes,79,68,NotPlaced,39,49
9147,7.7,1,1,1,74,4.3,No,Yes,58,65,NotPlaced,61,67
9148,7.7,1,1,1,69,3.9,Yes,Yes,55,71,NotPlaced,57,64
9149,6.8,1,2,2,83,4.5,Yes,Yes,77,64,Placed,57,63
9150,7.4,2,3,1,89,4.6,Yes,Yes,59,64,NotPlaced,71,75
9151,6.5,1,2,1,69,4.1,Yes,No,55,68,NotPlaced,74,77
9152,7.6,1,3,2,84,4.6,Yes,Yes,79,76,Placed,68,72
9153,6.5,2,2,2,85,4.4,Yes,Yes,84,83,Placed,79,81
9154,7.6,2,3,0,84,4.5,Yes,Yes,78,87,NotPlaced,73,76
9155,7.3,0,1,2,85,4.7,Yes,Yes,74,84,Placed,60,66
9156,6.6,1,2,0,65,4.2,No,No,83,72,NotPlaced,58,64
9157,8.0,2,2,2,87,4.8,Yes,No,82,83,Placed,69,73
9158,6.6,0,2,0,73,4.8,Yes,Yes,72,65,NotPlaced,73,76
9159,7.4,1,2,0,85,4.6,No,No,55,63,NotPlaced,85,86
9160,7.5,1,2,0,62,4.4,No,No,60,71,NotPlaced,82,84
9161,6.8,0,2,0,73,4.2,Yes,Yes,81,67,NotPlaced,56,63
9162,7.5,1,1,0,83,4.4,No,No,83,61,NotPlaced,63,68
9163,8.3,2,3,2,88,4.8,Yes,No,79,83,NotPlaced,75,78
9164,8.2,0,1,1,81,4.2,Yes,Yes,68,84,Placed,81,82
9165,8.2,1,3,0,84,4.1,Yes,Yes,77,67,Placed,79,81
9166,8.1,2,3,2,90,4.8,Yes,Yes,85,84,Placed,64,69
9167,8.3,1,2,1,88,4.2,No,Yes,71,85,Placed,46,54
9168,7.6,0,3,2,72,4.6,Yes,Yes,89,85,NotPlaced,50,58
9169,7.3,0,3,1,70,3.8,Yes,No,56,76,Placed,69,73
9170,7.6,2,2,0,77,4.5,No,Yes,69,65,NotPlaced,70,74
9171,8.4,2,2,2,71,3.8,Yes,Yes,62,80,Placed,48,56
9172,7.9,0,2,0,82,4.2,Yes,Yes,75,60,Placed,65,70
9173,8.1,1,3,1,90,4.8,Yes,No,83,87,Placed,74,77
9174,7.7,2,1,0,78,4.0,No,No,61,87,NotPlaced,47,56
9175,8.1,0,1,2,77,4.6,Yes,Yes,76,88,Placed,81,83
9176,7.8,1,3,2,83,4.5,Yes,Yes,68,86,Placed,59,65
9177,8.1,1,3,2,90,4.2,Yes,Yes,81,86,Placed,83,85
9178,8.3,2,3,2,90,4.8,Yes,Yes,82,85,Placed,56,63
9179,8.4,1,2,3,90,4.7,Yes,Yes,84,71,Placed,49,57
9180,7.9,1,1,0,90,4.1,No,Yes,60,69,Placed,58,64
9181,7.6,0,1,0,82,3.8,No,No,80,70,NotPlaced,63,68
9182,7.6,1,1,0,72,4.5,No,No,55,57,NotPlaced,59,65
9183,8.2,1,2,1,83,4.7,Yes,Yes,83,82,Placed,61,67
9184,8.2,0,1,0,73,4.1,Yes,No,61,63,NotPlaced,70,74
9185,7.4,1,1,1,86,4.2,No,Yes,56,68,NotPlaced,62,67
9186,6.7,0,1,0,75,4.6,No,Yes,63,61,NotPlaced,64,69
9187,7.8,2,2,3,70,4.6,No,Yes,55,69,NotPlaced,39,49
9188,8.2,2,3,2,86,4.4,Yes,Yes,78,66,Placed,70,74
9189,8.2,2,3,2,90,4.6,Yes,Yes,81,79,Placed,63,68
9190,8.5,2,3,2,84,4.5,Yes,Yes,74,86,Placed,89,89
9191,8.4,2,2,2,81,4.2,Yes,Yes,89,85,Placed,50,58
9192,7.7,1,1,1,73,4.2,Yes,Yes,70,79,NotPlaced,37,48
9193,7.8,2,3,2,87,4.5,Yes,No,84,81,Placed,74,77
9194,8.6,2,3,2,81,4.8,No,Yes,68,79,Placed,70,74
9195,8.5,2,1,1,70,4.3,Yes,Yes,58,63,Placed,49,57
9196,8.4,1,3,2,90,4.8,Yes,Yes,81,88,NotPlaced,42,51
9197,7.7,2,2,0,90,4.7,Yes,Yes,70,86,Placed,88,88
9198,8.1,1,2,2,85,4.4,No,Yes,72,84,NotPlaced,86,86
9199,8.4,1,3,2,90,4.8,Yes,Yes,85,82,Placed,27,40
9200,7.8,1,3,2,75,4.3,Yes,Yes,55,79,NotPlaced,58,64
9201,7.7,2,3,0,90,4.6,Yes,Yes,75,86,NotPlaced,89,89
9202,6.5,0,3,0,85,4.3,No,No,55,70,NotPlaced,57,64
9203,7.6,1,2,0,69,4.2,No,Yes,55,67,NotPlaced,57,64
9204,7.7,1,3,2,85,4.8,Yes,No,85,83,NotPlaced,60,66
9205,8.0,2,2,2,87,4.8,Yes,Yes,78,73,Placed,48,56
9206,7.6,1,1,1,73,4.5,No,No,55,61,NotPlaced,39,49
9207,7.5,1,1,0,60,4.2,No,Yes,55,59,Placed,80,82
9208,7.0,1,2,0,72,4.6,Yes,Yes,68,74,Placed,37,47
9209,6.5,1,2,0,81,3.3,No,No,55,70,NotPlaced,68,72
9210,7.5,1,2,0,78,4.0,Yes,Yes,66,85,NotPlaced,78,80
9211,6.7,1,1,0,81,4.5,No,Yes,65,61,NotPlaced,43,52
9212,8.4,0,3,2,90,4.8,Yes,Yes,83,85,Placed,51,58
9213,8.4,2,3,2,90,4.8,Yes,Yes,74,87,Placed,83,84
9214,7.7,1,2,0,83,4.6,Yes,Yes,71,82,NotPlaced,72,76
9215,8.1,1,3,2,90,4.7,Yes,Yes,71,85,NotPlaced,55,62
9216,7.6,0,1,0,78,4.3,Yes,Yes,76,77,Placed,83,84
9217,8.0,0,3,1,90,4.1,Yes,Yes,64,61,Placed,83,84
9218,8.7,0,2,2,89,4.6,Yes,Yes,77,85,Placed,69,73
9219,8.4,2,1,1,77,4.4,No,Yes,60,69,NotPlaced,51,59
9220,8.3,1,3,2,82,4.7,No,No,59,63,Placed,58,65
9221,7.5,0,1,1,64,4.3,No,Yes,55,64,NotPlaced,69,73
9222,7.5,0,1,0,68,3.4,No,No,61,59,NotPlaced,62,67
9223,7.6,1,1,0,78,3.6,Yes,Yes,56,69,NotPlaced,79,81
9224,6.5,0,2,2,81,4.6,Yes,Yes,79,69,Placed,42,51
9225,7.7,2,3,1,90,4.8,Yes,Yes,80,87,NotPlaced,42,52
9226,7.7,1,2,2,83,3.9,Yes,Yes,81,75,NotPlaced,67,72
9227,7.8,1,1,1,84,3.9,Yes,Yes,73,76,NotPlaced,57,64
9228,7.7,1,1,0,77,4.0,No,Yes,55,70,NotPlaced,55,62
9229,8.5,2,3,2,90,4.8,Yes,Yes,71,87,Placed,38,48
9230,8.1,2,1,1,87,3.8,No,Yes,55,63,NotPlaced,65,70
9231,6.7,0,3,2,86,4.8,Yes,Yes,67,73,Placed,64,69
9232,8.0,1,3,1,82,4.4,Yes,Yes,73,85,NotPlaced,74,77
9233,7.6,0,1,0,83,3.8,No,Yes,56,66,NotPlaced,66,70
9234,8.5,1,3,0,88,4.6,No,Yes,70,84,Placed,63,68
9235,6.5,0,2,1,60,3.1,Yes,No,60,67,NotPlaced,82,84
9236,8.4,0,1,1,85,4.8,Yes,Yes,75,81,Placed,45,54
9237,6.8,0,3,2,75,4.4,Yes,Yes,84,85,NotPlaced,73,76
9238,6.6,2,3,2,90,4.8,Yes,Yes,63,83,Placed,39,49
9239,6.5,1,2,0,69,3.7,No,No,55,66,NotPlaced,52,59
9240,6.7,1,2,0,82,4.7,Yes,Yes,71,87,Placed,46,55
9241,8.1,2,3,0,85,4.2,Yes,Yes,71,83,NotPlaced,76,79
9242,8.1,2,3,2,88,4.8,Yes,Yes,74,81,Placed,64,69
9243,7.5,1,2,0,73,3.5,Yes,Yes,84,66,NotPlaced,64,69
9244,7.2,1,2,0,82,3.6,Yes,Yes,71,74,Placed,48,56
9245,7.4,0,1,2,90,4.5,Yes,Yes,76,68,Placed,60,66
9246,8.0,2,3,2,90,4.8,Yes,Yes,69,86,Placed,53,60
9247,6.5,0,2,2,74,4.3,Yes,Yes,82,70,NotPlaced,70,74
9248,7.8,0,1,0,73,4.4,No,No,56,68,Placed,50,58
9249,7.7,1,2,0,69,3.5,No,Yes,56,59,NotPlaced,84,85
9250,7.6,1,1,2,79,4.4,Yes,Yes,65,69,Placed,39,49
9251,8.1,1,3,2,83,4.7,Yes,Yes,85,86,Placed,52,60
9252,6.5,1,2,1,79,4.2,Yes,Yes,81,64,Placed,90,90
9253,6.5,1,2,0,69,4.7,No,Yes,80,69,NotPlaced,58,64
9254,6.8,1,1,0,79,4.3,No,No,55,63,NotPlaced,45,54
9255,8.0,1,3,3,87,4.6,Yes,No,83,88,Placed,68,72
9256,7.7,0,1,0,73,4.3,Yes,Yes,57,65,Placed,57,64
9257,8.2,2,3,2,90,4.8,Yes,Yes,81,87,Placed,52,59
9258,6.5,1,2,1,72,3.5,No,No,57,65,NotPlaced,48,56
9259,8.1,2,1,0,87,4.0,Yes,Yes,75,88,NotPlaced,100,100
9260,8.6,0,3,1,85,4.6,Yes,Yes,74,81,Placed,61,66
9261,7.6,1,2,1,82,4.3,Yes,No,68,66,NotPlaced,36,46
9262,7.3,1,2,0,65,4.2,No,No,55,65,NotPlaced,87,87
9263,7.8,1,1,0,70,4.2,No,Yes,63,65,NotPlaced,74,77
9264,6.5,1,1,1,69,3.5,No,No,55,63,NotPlaced,53,60
9265,6.9,2,3,0,78,4.2,Yes,Yes,72,86,Placed,51,58
9266,6.5,0,1,2,85,3.6,No,No,68,69,NotPlaced,75,78
9267,8.6,2,3,3,90,4.8,Yes,Yes,66,83,Placed,61,67
9268,8.4,2,3,2,85,4.5,Yes,Yes,89,79,Placed,36,46
9269,8.2,1,1,0,73,4.5,No,Yes,76,84,NotPlaced,91,91
9270,6.6,0,1,0,70,4.6,No,No,63,70,NotPlaced,58,64
9271,7.7,1,1,1,83,4.1,No,No,81,71,NotPlaced,87,87
9272,7.5,0,1,0,72,3.7,No,Yes,57,65,NotPlaced,84,85
9273,8.3,1,3,1,88,4.8,Yes,Yes,81,85,Placed,49,57
9274,8.5,2,2,2,90,4.4,Yes,Yes,70,84,Placed,80,82
9275,8.4,1,1,1,83,4.8,Yes,No,69,83,Placed,55,62
9276,8.4,2,1,2,90,4.5,Yes,Yes,81,83,Placed,36,47
9277,7.7,2,3,2,75,4.4,Yes,No,83,83,Placed,58,64
9278,7.6,0,3,2,81,4.5,Yes,Yes,81,84,Placed,70,74
9279,7.8,1,3,2,88,4.3,Yes,Yes,84,86,Placed,58,64
9280,7.8,0,2,0,71,4.4,No,Yes,55,66,NotPlaced,60,66
9281,8.2,1,1,2,75,4.3,No,Yes,70,85,Placed,82,83
9282,7.6,0,1,0,73,3.8,Yes,No,55,59,Placed,66,71
9283,8.8,0,3,0,88,4.6,Yes,Yes,65,84,Placed,52,59
9284,8.7,2,3,2,83,4.8,Yes,Yes,76,82,Placed,75,78
9285,7.5,2,1,1,75,4.8,No,No,62,62,NotPlaced,67,72
9286,7.6,1,1,2,90,4.8,Yes,Yes,80,69,NotPlaced,27,39
9287,6.6,1,1,1,74,4.0,Yes,Yes,55,65,Placed,71,75
9288,8.0,2,3,2,90,4.8,Yes,Yes,75,88,Placed,70,74
9289,8.7,0,3,1,90,4.6,Yes,Yes,89,83,Placed,65,70
9290,7.4,1,1,0,87,3.7,No,Yes,80,76,NotPlaced,78,80
9291,8.2,0,2,0,78,4.8,Yes,Yes,71,70,Placed,54,61
9292,8.7,1,3,0,89,4.5,Yes,Yes,70,84,Placed,70,74
9293,7.6,1,1,2,90,4.4,No,Yes,81,73,NotPlaced,41,51
9294,7.4,0,1,0,77,4.4,No,No,61,65,NotPlaced,71,74
9295,7.5,2,3,2,90,4.7,Yes,Yes,65,82,NotPlaced,94,93
9296,8.3,1,2,2,87,4.7,Yes,Yes,78,66,NotPlaced,50,58
9297,7.7,2,2,0,82,4.3,Yes,No,90,76,NotPlaced,53,60
9298,8.0,0,2,1,67,4.1,Yes,Yes,74,75,NotPlaced,54,61
9299,6.7,1,1,1,71,3.8,Yes,No,56,70,NotPlaced,66,71
9300,6.5,0,1,1,75,3.4,No,No,58,62,NotPlaced,49,57
9301,7.5,1,2,0,87,3.9,No,No,55,63,NotPlaced,71,75
9302,6.5,1,2,0,69,3.4,No,Yes,55,67,Placed,77,80
9303,8.2,1,3,2,90,4.8,Yes,Yes,81,83,Placed,73,76
9304,7.7,0,1,1,76,4.2,No,No,56,68,NotPlaced,38,48
9305,6.5,1,1,1,77,4.2,No,Yes,55,71,NotPlaced,79,81
9306,7.6,1,2,2,75,4.7,No,Yes,65,68,NotPlaced,79,81
9307,7.8,1,3,3,77,4.5,Yes,Yes,72,79,Placed,77,79
9308,8.3,1,3,2,85,4.8,Yes,Yes,80,82,Placed,70,74
9309,6.7,1,1,0,60,4.7,Yes,Yes,61,71,NotPlaced,68,72
9310,6.7,1,1,0,60,3.7,No,No,55,63,NotPlaced,80,82
9311,8.3,2,3,0,72,3.6,No,Yes,72,85,NotPlaced,93,93
9312,7.3,1,1,1,70,3.9,No,No,59,62,NotPlaced,50,58
9313,8.1,1,1,2,82,4.8,Yes,No,70,78,NotPlaced,81,82
9314,8.5,2,3,2,90,4.7,Yes,Yes,77,86,Placed,63,68
9315,8.5,1,3,0,86,4.8,Yes,Yes,70,86,Placed,63,68
9316,6.9,0,2,1,69,4.0,No,Yes,62,61,NotPlaced,41,51
9317,8.4,1,3,2,90,4.8,Yes,Yes,88,84,Placed,60,66
9318,7.7,1,3,2,70,3.8,Yes,Yes,76,80,NotPlaced,50,58
9319,6.5,0,2,1,71,3.8,No,Yes,55,72,NotPlaced,58,64
9320,8.6,0,3,2,83,4.8,Yes,Yes,73,87,Placed,48,56
9321,8.2,2,3,2,88,4.5,Yes,Yes,72,83,Placed,58,64
9322,7.8,1,1,0,76,4.6,Yes,Yes,60,72,NotPlaced,58,65
9323,7.9,2,3,2,90,4.8,Yes,Yes,81,87,Placed,66,71
9324,7.6,1,2,0,79,4.3,No,Yes,58,67,NotPlaced,40,50
9325,8.4,1,1,3,90,4.5,Yes,Yes,72,69,Placed,43,52
9326,7.4,0,2,0,80,4.2,No,Yes,67,73,NotPlaced,70,74
9327,8.3,1,2,3,77,4.1,No,Yes,80,81,Placed,53,60
9328,7.7,1,3,2,90,4.3,Yes,Yes,76,83,Placed,81,82
9329,7.5,1,2,1,68,4.8,No,No,58,70,NotPlaced,68,72
9330,6.7,1,2,2,82,3.2,No,No,66,58,Placed,74,77
9331,8.3,2,2,0,89,4.8,Yes,Yes,83,81,Placed,86,86
9332,6.7,1,2,1,78,4.4,No,Yes,60,69,NotPlaced,60,66
9333,7.6,1,3,2,71,4.2,Yes,Yes,72,68,NotPlaced,56,63
9334,7.9,0,2,0,75,4.3,No,No,79,63,NotPlaced,78,80
9335,8.5,2,3,0,79,4.8,Yes,Yes,89,85,Placed,72,76
9336,8.2,1,3,2,86,4.7,Yes,Yes,63,88,Placed,62,67
9337,7.9,2,3,2,90,4.8,Yes,Yes,74,80,Placed,85,86
9338,8.0,2,3,1,90,4.8,Yes,Yes,86,85,Placed,61,67
9339,6.9,0,1,1,60,3.6,No,Yes,55,59,NotPlaced,65,70
9340,7.6,0,1,0,63,3.7,No,No,56,62,NotPlaced,65,70
9341,8.2,1,3,0,86,4.8,Yes,Yes,88,86,Placed,50,58
9342,6.5,1,1,2,68,3.8,Yes,No,61,70,NotPlaced,66,70
9343,8.2,1,3,0,80,4.5,Yes,Yes,76,82,Placed,85,86
9344,6.8,1,1,1,67,4.4,No,No,68,65,NotPlaced,71,75
9345,6.6,1,2,0,79,3.9,No,Yes,60,69,NotPlaced,65,70
9346,7.1,0,1,1,72,4.4,No,Yes,55,73,NotPlaced,62,68
9347,7.7,1,3,2,74,4.5,Yes,Yes,55,64,NotPlaced,69,73
9348,8.6,2,3,2,90,4.8,Yes,Yes,82,82,NotPlaced,76,78
9349,8.3,2,1,2,70,4.3,Yes,No,64,64,NotPlaced,74,77
9350,7.8,2,3,2,90,4.8,Yes,Yes,86,82,Placed,60,66
9351,6.6,0,1,1,66,3.7,No,No,56,63,NotPlaced,69,73
9352,7.6,0,2,0,72,4.4,No,No,59,61,Placed,72,75
9353,8.7,0,3,2,85,4.5,Yes,No,71,83,NotPlaced,49,57
9354,8.3,1,2,1,73,4.1,Yes,Yes,63,65,NotPlaced,67,72
9355,8.8,2,2,2,90,4.7,Yes,No,71,79,Placed,32,44
9356,6.5,1,2,0,75,4.0,No,No,58,71,NotPlaced,72,75
9357,7.5,0,2,1,64,3.7,No,No,55,63,NotPlaced,74,77
9358,7.4,1,1,0,67,4.2,No,Yes,61,74,Placed,76,78
9359,8.6,1,3,2,86,4.4,Yes,Yes,75,80,Placed,59,65
9360,7.6,1,2,1,75,4.1,No,No,55,74,NotPlaced,69,73
9361,8.0,2,3,0,90,4.8,Yes,Yes,76,86,Placed,86,87
9362,6.5,1,3,1,70,4.2,No,Yes,58,68,NotPlaced,86,86
9363,6.6,1,1,0,70,4.6,Yes,No,55,69,NotPlaced,64,69
9364,8.6,2,2,1,78,4.8,Yes,No,80,82,NotPlaced,67,71
9365,6.5,1,1,0,64,3.7,No,No,55,59,NotPlaced,81,83
9366,8.4,2,3,2,90,4.8,Yes,Yes,79,88,Placed,42,51
9367,6.5,1,2,0,78,4.0,Yes,Yes,69,65,NotPlaced,60,66
9368,8.1,1,3,0,90,4.8,Yes,Yes,74,84,Placed,85,86
9369,8.2,1,2,1,70,3.9,No,Yes,55,71,NotPlaced,79,81
9370,7.4,0,1,1,72,3.5,No,Yes,66,61,NotPlaced,70,74
9371,7.5,1,1,1,87,4.8,No,Yes,69,72,Placed,42,51
9372,8.3,2,3,2,86,4.8,Yes,Yes,84,76,Placed,64,69
9373,8.2,2,1,0,87,4.8,Yes,Yes,74,85,Placed,56,62
9374,6.5,1,1,1,71,4.3,No,Yes,55,73,NotPlaced,69,73
9375,8.4,2,1,1,83,3.5,Yes,Yes,56,81,Placed,52,60
9376,7.7,1,1,1,74,3.7,No,Yes,57,74,NotPlaced,49,57
9377,7.6,1,1,0,72,3.8,No,No,72,67,NotPlaced,34,45
9378,8.6,1,3,2,89,4.7,Yes,Yes,72,85,Placed,83,84
9379,7.5,1,1,1,65,3.9,No,Yes,55,72,NotPlaced,59,65
9380,7.6,1,1,1,72,4.5,Yes,Yes,57,68,NotPlaced,67,71
9381,8.2,1,3,0,90,4.7,Yes,Yes,78,83,Placed,64,69
9382,7.5,0,1,0,68,3.8,No,Yes,55,62,NotPlaced,48,57
9383,8.3,2,3,0,87,4.8,Yes,Yes,59,84,Placed,46,54
9384,6.9,0,1,1,74,4.8,No,Yes,66,62,NotPlaced,49,57
9385,7.6,1,1,0,72,3.9,No,No,55,62,NotPlaced,54,61
9386,7.3,1,2,0,70,3.8,No,No,55,70,NotPlaced,70,74
9387,8.1,2,3,2,89,4.8,Yes,Yes,72,84,Placed,53,60
9388,7.9,2,2,0,71,4.4,Yes,No,55,69,NotPlaced,91,90
9389,7.2,1,1,0,65,3.7,No,No,63,71,NotPlaced,80,82
9390,6.6,1,1,1,72,3.9,No,No,81,61,NotPlaced,77,79
9391,8.5,1,1,2,90,4.6,Yes,Yes,82,88,Placed,63,68
9392,7.8,1,3,2,90,4.0,Yes,Yes,72,84,NotPlaced,87,88
9393,6.8,0,1,1,67,3.5,No,No,59,62,NotPlaced,61,67
9394,6.8,1,2,0,64,3.4,No,Yes,55,72,NotPlaced,64,69
9395,7.7,0,2,3,74,4.0,Yes,Yes,90,84,NotPlaced,67,72
9396,7.5,1,1,1,70,3.8,No,No,55,63,NotPlaced,75,78
9397,7.6,0,2,0,76,4.1,Yes,Yes,70,71,Placed,74,77
9398,6.5,1,1,0,79,3.8,No,Yes,55,72,Placed,57,64
9399,8.0,2,3,2,90,4.8,Yes,Yes,83,86,Placed,57,63
9400,8.1,2,3,1,79,4.4,Yes,Yes,79,73,Placed,74,77
9401,7.7,1,2,0,88,4.8,Yes,Yes,75,82,Placed,75,78
9402,7.5,1,3,1,86,4.2,No,Yes,66,64,NotPlaced,59,65
9403,6.8,2,3,2,86,4.5,Yes,Yes,79,86,NotPlaced,41,50
9404,7.4,1,1,3,85,4.0,Yes,Yes,74,71,NotPlaced,61,67
9405,7.5,1,2,0,71,4.7,No,No,57,87,NotPlaced,74,77
9406,7.7,0,3,0,89,4.2,Yes,No,81,85,NotPlaced,92,91
9407,7.0,0,1,0,85,4.4,No,Yes,66,61,NotPlaced,47,55
9408,7.7,0,1,0,69,4.1,No,No,63,65,NotPlaced,58,64
9409,8.8,0,3,0,68,4.1,Yes,Yes,55,66,NotPlaced,59,65
9410,6.9,0,1,1,70,3.5,No,Yes,59,71,NotPlaced,85,86
9411,8.8,2,3,2,90,4.8,Yes,Yes,70,86,Placed,64,69
9412,6.8,2,2,0,69,4.8,Yes,No,70,82,NotPlaced,51,59
9413,8.6,2,2,0,77,3.5,No,Yes,65,67,NotPlaced,73,76
9414,7.4,1,1,0,79,3.8,Yes,No,60,60,NotPlaced,58,65
9415,6.8,1,1,0,67,4.7,Yes,Yes,59,69,Placed,46,55
9416,8.6,2,3,1,82,4.5,Yes,Yes,77,82,Placed,51,59
9417,8.3,2,3,2,80,4.3,Yes,Yes,82,87,Placed,91,90
9418,7.7,1,3,2,83,4.0,Yes,Yes,86,67,Placed,70,74
9419,6.6,1,3,1,67,3.9,No,Yes,55,71,NotPlaced,66,71
9420,8.1,1,0,1,82,3.4,Yes,No,58,67,NotPlaced,61,67
9421,6.6,0,1,0,69,4.5,Yes,Yes,69,64,NotPlaced,69,73
9422,7.8,1,2,1,77,4.2,Yes,Yes,65,67,NotPlaced,69,73
9423,7.8,1,3,0,80,3.8,Yes,Yes,78,57,Placed,69,73
9424,7.7,1,2,1,69,4.2,No,No,59,59,NotPlaced,66,71
9425,8.2,0,3,2,80,4.4,Yes,Yes,64,85,Placed,78,80
9426,8.2,0,3,1,89,4.8,Yes,No,76,78,Placed,65,70
9427,7.4,1,2,1,72,4.4,Yes,Yes,61,82,Placed,50,58
9428,7.7,1,1,1,72,4.0,Yes,Yes,66,77,Placed,55,62
9429,8.3,1,3,2,90,4.8,Yes,Yes,79,82,Placed,35,46
9430,8.3,1,2,0,81,4.1,No,Yes,59,64,NotPlaced,95,94
9431,7.2,1,1,0,60,3.2,No,Yes,55,75,NotPlaced,77,80
9432,7.7,1,1,1,66,4.1,No,Yes,59,61,NotPlaced,52,60
9433,8.1,2,2,0,90,4.8,Yes,Yes,71,83,Placed,60,66
9434,6.5,0,1,0,84,4.1,No,Yes,60,62,NotPlaced,55,62
9435,7.4,1,1,0,65,4.0,No,No,62,67,NotPlaced,88,88
9436,6.5,2,1,0,73,4.0,No,No,55,68,NotPlaced,43,52
9437,8.1,2,1,2,89,4.8,Yes,Yes,83,86,Placed,66,71
9438,7.9,1,2,2,71,4.3,Yes,Yes,77,85,NotPlaced,63,68
9439,8.5,2,1,2,86,4.4,Yes,Yes,71,84,Placed,77,79
9440,7.7,1,2,0,73,4.8,Yes,Yes,55,63,Placed,63,68
9441,7.9,2,2,0,74,4.4,Yes,Yes,81,69,NotPlaced,38,48
9442,8.2,0,3,0,65,4.2,Yes,Yes,71,73,NotPlaced,61,66
9443,8.0,2,3,2,90,4.8,Yes,Yes,71,87,Placed,50,58
9444,8.6,1,3,2,90,4.8,Yes,Yes,55,85,Placed,66,70
9445,8.5,1,2,2,85,4.8,Yes,Yes,88,88,Placed,86,87
9446,6.7,0,1,1,70,4.5,No,No,61,61,NotPlaced,38,49
9447,8.4,2,3,1,90,4.8,Yes,Yes,76,87,Placed,52,60
9448,8.2,1,1,1,90,4.8,Yes,Yes,76,70,Placed,56,63
9449,6.5,1,1,0,80,4.4,No,Yes,55,68,NotPlaced,59,65
9450,8.4,2,3,2,90,4.8,Yes,Yes,76,86,Placed,76,78
9451,8.6,2,3,2,90,4.8,Yes,Yes,80,82,Placed,62,67
9452,8.9,2,3,2,90,4.8,Yes,Yes,78,84,Placed,71,74
9453,7.4,0,1,3,66,3.3,No,Yes,63,71,NotPlaced,55,62
9454,8.4,0,1,0,83,4.6,Yes,Yes,88,84,NotPlaced,68,72
9455,8.4,2,3,2,86,4.3,Yes,Yes,76,84,NotPlaced,76,79
9456,8.2,1,3,2,90,4.8,Yes,Yes,66,88,Placed,54,61
9457,8.1,2,3,2,90,4.8,Yes,Yes,78,83,Placed,76,79
9458,8.3,2,3,2,79,4.6,Yes,No,79,80,NotPlaced,65,70
9459,7.7,0,2,0,74,4.5,Yes,Yes,60,66,NotPlaced,80,82
9460,7.7,1,1,1,72,3.9,No,Yes,55,67,NotPlaced,61,67
9461,7.0,0,1,0,74,4.4,No,No,71,60,NotPlaced,70,74
9462,8.2,2,2,1,87,4.5,Yes,Yes,70,70,NotPlaced,64,69
9463,7.3,0,1,1,70,3.5,No,No,57,65,NotPlaced,63,68
9464,7.4,1,2,0,80,4.1,No,Yes,64,86,NotPlaced,68,73
9465,8.2,1,3,0,90,4.1,No,Yes,76,74,Placed,73,76
9466,8.4,0,3,3,80,4.6,No,Yes,89,73,NotPlaced,46,55
9467,6.8,0,1,1,75,4.3,No,No,73,62,NotPlaced,86,87
9468,6.5,0,2,0,81,3.7,No,Yes,60,68,Placed,37,47
9469,8.4,2,3,2,87,4.7,Yes,Yes,78,82,Placed,54,61
9470,8.3,2,3,2,90,4.8,Yes,Yes,90,86,Placed,63,68
9471,8.1,1,3,2,90,4.8,Yes,Yes,71,87,Placed,71,74
9472,8.7,2,3,2,90,4.8,Yes,Yes,79,84,Placed,88,88
9473,7.9,1,3,0,82,4.4,Yes,Yes,76,83,Placed,37,47
9474,7.3,1,1,2,79,4.4,No,Yes,60,71,NotPlaced,57,63
9475,7.9,0,1,0,60,3.1,No,No,61,62,NotPlaced,33,44
9476,7.5,1,1,1,60,3.4,No,Yes,55,66,NotPlaced,65,70
9477,6.5,0,1,0,65,3.7,No,No,56,71,NotPlaced,69,73
9478,7.3,1,1,1,62,4.0,No,Yes,55,65,NotPlaced,88,89
9479,7.5,1,1,0,75,3.8,No,Yes,55,62,NotPlaced,66,71
9480,8.2,2,3,0,76,3.9,Yes,Yes,75,66,NotPlaced,80,82
9481,8.0,1,3,1,80,4.6,Yes,No,80,70,NotPlaced,73,77
9482,7.9,1,2,2,78,3.9,Yes,Yes,75,70,NotPlaced,58,64
9483,7.6,0,1,0,71,3.5,No,Yes,55,70,NotPlaced,43,53
9484,7.8,0,3,2,90,4.8,Yes,No,81,81,Placed,69,73
9485,6.5,0,3,0,78,4.2,Yes,Yes,74,69,NotPlaced,42,52
9486,6.6,0,2,1,79,4.2,Yes,Yes,71,84,NotPlaced,84,85
9487,7.5,2,1,0,84,3.8,No,No,61,63,Placed,62,68
9488,6.9,1,1,1,68,4.4,Yes,Yes,55,65,NotPlaced,82,84
9489,7.4,1,1,1,65,3.7,No,No,57,57,NotPlaced,57,64
9490,8.2,2,3,0,80,4.3,Yes,Yes,74,66,NotPlaced,69,73
9491,6.5,1,1,1,60,4.2,No,No,57,60,NotPlaced,68,72
9492,7.5,0,3,1,78,4.7,Yes,Yes,66,66,Placed,64,69
9493,7.6,1,1,0,81,3.8,No,Yes,73,72,NotPlaced,58,64
9494,8.5,2,3,2,90,4.6,Yes,Yes,81,76,Placed,70,74
9495,8.5,1,3,2,90,4.8,Yes,Yes,78,88,Placed,51,58
9496,7.6,0,2,1,75,4.7,No,Yes,72,67,NotPlaced,46,55
9497,7.8,1,3,2,90,4.8,Yes,No,79,77,NotPlaced,83,84
9498,7.4,1,1,0,76,4.7,Yes,Yes,61,82,Placed,75,78
9499,7.0,1,2,0,81,4.5,No,Yes,81,61,NotPlaced,65,70
9500,8.3,0,3,2,74,4.7,Yes,Yes,70,84,NotPlaced,89,89
9501,7.6,2,3,2,82,4.8,Yes,Yes,80,80,Placed,60,66
9502,8.0,2,3,2,90,4.6,Yes,Yes,73,85,Placed,84,85
9503,8.1,1,3,2,90,4.7,Yes,Yes,84,81,Placed,67,72
9504,6.8,1,2,1,72,4.3,Yes,Yes,55,68,NotPlaced,49,57
9505,7.4,1,2,1,69,3.4,No,Yes,57,66,NotPlaced,92,92
9506,7.8,1,2,2,90,4.8,Yes,Yes,77,85,Placed,79,81
9507,7.7,1,2,0,74,3.9,No,Yes,55,71,NotPlaced,63,68
9508,7.5,2,3,0,86,4.8,Yes,No,55,84,Placed,75,78
9509,6.7,1,1,0,78,4.2,Yes,Yes,61,73,Placed,58,65
9510,7.6,1,1,1,74,4.5,No,No,55,65,NotPlaced,77,79
9511,6.6,2,1,2,62,4.3,No,No,63,67,NotPlaced,29,41
9512,8.2,1,3,1,83,4.8,Yes,Yes,80,74,Placed,49,57
9513,8.2,1,2,1,71,4.6,Yes,Yes,87,85,NotPlaced,79,81
9514,8.3,1,3,1,86,4.3,No,Yes,70,70,Placed,61,67
9515,8.2,1,1,2,74,4.5,Yes,No,82,69,Placed,68,72
9516,8.4,2,3,2,89,4.5,Yes,Yes,76,82,NotPlaced,44,53
9517,8.1,2,3,1,85,4.8,Yes,Yes,71,85,Placed,92,92
9518,7.8,1,2,0,83,3.5,No,No,57,63,NotPlaced,82,84
9519,7.1,2,2,2,83,4.8,Yes,Yes,62,86,Placed,61,67
9520,8.7,1,1,1,80,4.1,Yes,Yes,69,79,Placed,58,65
9521,8.1,1,1,0,81,4.7,No,Yes,55,69,NotPlaced,80,82
9522,6.7,1,2,1,77,4.5,Yes,Yes,75,84,NotPlaced,94,93
9523,7.7,0,1,1,68,3.3,No,Yes,58,70,NotPlaced,79,81
9524,7.7,1,1,0,78,4.3,No,No,56,67,NotPlaced,97,96
9525,7.3,1,1,1,85,4.8,No,Yes,55,66,Placed,51,58
9526,7.5,1,2,1,76,4.3,No,Yes,66,67,NotPlaced,52,60
9527,7.6,0,1,0,80,4.2,No,No,55,73,NotPlaced,47,55
9528,6.8,1,2,1,78,4.4,No,No,55,63,NotPlaced,71,75
9529,8.3,0,1,0,81,4.4,Yes,No,76,80,NotPlaced,67,72
9530,7.6,0,1,1,69,3.9,No,No,55,69,NotPlaced,62,68
9531,7.7,1,1,1,84,4.4,Yes,Yes,72,71,NotPlaced,77,79
9532,8.1,1,3,2,90,4.8,Yes,Yes,90,85,Placed,83,84
9533,6.9,1,1,1,65,3.0,No,No,61,63,NotPlaced,42,51
9534,8.4,2,3,2,86,4.2,Yes,Yes,81,68,Placed,56,62
9535,8.3,1,1,1,76,4.2,No,Yes,65,62,NotPlaced,77,79
9536,7.8,1,2,2,76,4.7,Yes,Yes,66,86,Placed,57,64
9537,7.5,1,2,1,78,4.8,Yes,Yes,58,84,NotPlaced,53,60
9538,8.0,1,1,1,70,4.0,No,Yes,72,64,NotPlaced,80,82
9539,7.8,1,2,1,69,4.5,Yes,No,71,67,NotPlaced,45,54
9540,8.1,2,1,0,73,3.6,Yes,Yes,83,85,NotPlaced,60,66
9541,8.3,2,3,2,89,4.8,Yes,Yes,78,81,Placed,69,73
9542,8.0,2,3,2,86,4.8,Yes,Yes,84,72,Placed,56,63
9543,8.4,2,3,2,90,4.8,Yes,Yes,79,86,Placed,76,79
9544,7.4,1,3,0,88,4.8,Yes,Yes,69,83,Placed,56,63
9545,8.4,2,3,1,84,4.2,Yes,Yes,78,83,NotPlaced,86,86
9546,7.6,1,1,1,70,3.8,No,Yes,57,67,NotPlaced,63,68
9547,8.3,1,3,2,90,4.8,Yes,Yes,80,86,Placed,75,78
9548,8.6,2,3,0,90,4.7,Yes,Yes,79,79,Placed,76,78
9549,7.4,1,1,0,82,3.8,No,Yes,55,72,Placed,55,62
9550,8.2,2,3,2,88,4.7,Yes,Yes,83,83,Placed,34,45
9551,8.1,2,1,0,85,4.1,Yes,Yes,83,79,Placed,70,74
9552,8.5,1,3,2,87,3.7,Yes,Yes,69,83,Placed,66,70
9553,6.6,1,1,0,75,4.4,No,No,62,82,NotPlaced,73,76
9554,7.6,2,3,1,78,3.8,No,Yes,62,64,NotPlaced,61,67
9555,8.2,0,2,2,88,3.3,Yes,Yes,74,68,Placed,58,64
9556,7.5,2,3,0,90,4.7,Yes,No,88,86,Placed,95,94
9557,8.1,1,3,2,88,4.8,Yes,Yes,81,85,Placed,42,52
9558,8.5,1,3,0,74,4.3,Yes,Yes,80,87,NotPlaced,76,78
9559,8.3,1,3,2,87,4.6,No,Yes,75,62,Placed,56,63
9560,8.4,2,3,2,90,4.8,Yes,Yes,70,85,Placed,59,65
9561,8.4,2,3,2,90,4.1,Yes,Yes,78,83,Placed,60,66
9562,6.8,1,1,2,64,3.5,No,No,55,63,NotPlaced,52,60
9563,7.8,1,1,0,66,4.6,No,No,58,80,NotPlaced,73,76
9564,7.3,1,2,2,82,4.2,No,No,70,65,NotPlaced,85,86
9565,8.5,1,3,2,90,4.4,Yes,Yes,72,83,NotPlaced,72,75
9566,8.0,1,3,2,90,4.4,Yes,Yes,87,81,Placed,66,71
9567,7.4,2,1,1,75,4.4,Yes,Yes,55,68,NotPlaced,50,58
9568,7.5,2,2,0,65,4.3,No,No,67,69,NotPlaced,72,76
9569,7.6,1,1,0,81,4.2,Yes,Yes,81,81,NotPlaced,97,95
9570,8.4,2,3,2,88,4.8,Yes,Yes,85,82,Placed,59,65
9571,6.5,1,1,1,66,3.6,No,No,59,69,NotPlaced,59,65
9572,8.0,0,1,1,76,3.6,No,No,55,65,NotPlaced,56,63
9573,7.8,0,2,0,86,4.3,No,Yes,56,73,NotPlaced,57,64
9574,7.6,0,1,0,82,3.9,No,Yes,58,72,NotPlaced,23,37
9575,7.7,1,2,1,84,4.5,Yes,Yes,69,69,Placed,71,74
9576,7.4,2,3,2,83,4.2,No,Yes,79,71,NotPlaced,52,59
9577,7.3,1,2,0,84,3.9,Yes,Yes,90,88,Placed,40,50
9578,8.8,2,3,2,90,4.8,Yes,Yes,65,86,Placed,76,79
9579,8.6,1,3,2,88,4.8,Yes,Yes,70,83,Placed,48,57
9580,7.8,2,3,0,90,4.6,Yes,Yes,86,82,NotPlaced,59,65
9581,8.0,2,3,2,86,4.8,Yes,No,80,68,NotPlaced,86,87
9582,7.7,1,2,0,73,4.8,No,Yes,78,71,NotPlaced,43,53
9583,8.4,1,3,2,85,4.4,Yes,Yes,78,87,Placed,42,51
9584,7.7,2,1,3,72,4.6,Yes,Yes,67,78,Placed,69,73
9585,8.7,2,3,2,79,4.4,Yes,Yes,76,83,Placed,82,83
9586,7.6,1,1,0,68,3.7,No,No,55,67,NotPlaced,41,51
9587,6.7,0,3,0,90,4.3,Yes,Yes,79,65,Placed,71,74
9588,8.1,2,3,2,90,4.6,Yes,No,74,84,Placed,73,76
9589,8.2,2,3,0,83,4.5,Yes,Yes,77,83,Placed,34,45
9590,6.5,1,2,0,68,4.2,Yes,Yes,70,64,NotPlaced,76,79
9591,8.5,1,3,0,90,4.8,Yes,Yes,78,82,Placed,78,80
9592,7.8,1,3,1,77,3.7,No,Yes,72,85,NotPlaced,60,66
9593,7.5,1,3,2,88,4.5,Yes,Yes,70,84,Placed,83,85
9594,6.7,0,2,0,73,4.5,No,Yes,60,58,NotPlaced,82,83
9595,8.3,1,1,1,68,4.3,Yes,Yes,79,66,NotPlaced,66,71
9596,7.0,1,3,1,80,4.8,Yes,Yes,59,68,Placed,58,64
9597,8.3,2,1,2,82,4.2,Yes,Yes,80,81,Placed,50,58
9598,8.3,1,3,0,90,4.4,Yes,Yes,83,81,Placed,64,69
9599,6.5,1,1,0,82,4.4,No,Yes,56,68,NotPlaced,73,76
9600,7.6,1,1,0,76,3.6,Yes,Yes,86,68,NotPlaced,60,66
9601,8.5,2,3,2,90,4.8,Yes,Yes,80,83,Placed,32,43
9602,8.5,1,3,0,83,4.6,Yes,Yes,85,83,Placed,84,85
9603,8.0,2,3,2,90,4.8,Yes,Yes,86,88,Placed,67,72
9604,8.4,2,2,0,84,3.9,Yes,Yes,76,68,NotPlaced,59,65
9605,8.4,2,3,2,85,4.1,Yes,No,78,69,Placed,77,80
9606,7.5,1,1,1,68,4.6,Yes,Yes,58,66,NotPlaced,87,88
9607,7.3,0,3,1,85,4.7,Yes,No,75,79,NotPlaced,22,36
9608,8.4,2,3,2,88,4.7,Yes,Yes,78,85,Placed,71,75
9609,6.5,2,2,0,83,4.1,Yes,Yes,57,81,NotPlaced,43,52
9610,8.3,2,3,2,90,4.8,Yes,Yes,78,84,Placed,72,75
9611,8.2,2,3,2,90,4.8,Yes,Yes,87,83,Placed,66,71
9612,6.5,2,2,1,88,3.9,No,Yes,68,73,NotPlaced,74,77
9613,7.6,0,1,0,78,3.2,No,Yes,55,70,NotPlaced,57,64
9614,7.2,1,3,2,81,4.8,Yes,Yes,62,65,NotPlaced,36,47
9615,8.3,1,3,0,90,4.8,Yes,Yes,83,82,Placed,58,64
9616,8.1,1,1,1,90,4.6,No,No,65,85,NotPlaced,71,74
9617,7.4,1,2,1,83,4.1,No,Yes,90,88,NotPlaced,80,82
9618,7.4,0,3,0,79,3.3,No,Yes,62,64,NotPlaced,47,55
9619,8.2,2,3,2,80,4.0,Yes,Yes,78,83,Placed,80,82
9620,7.4,2,1,2,62,4.7,No,No,55,71,NotPlaced,55,62
9621,8.0,0,3,2,90,4.8,Yes,Yes,74,71,Placed,70,74
9622,8.2,2,3,2,90,4.8,Yes,Yes,79,86,Placed,57,63
9623,7.6,1,1,1,83,4.5,Yes,Yes,74,79,NotPlaced,67,72
9624,7.6,1,2,0,66,3.5,No,Yes,57,62,NotPlaced,78,80
9625,6.7,1,1,0,85,4.4,No,Yes,55,68,NotPlaced,46,55
9626,8.4,0,3,2,87,4.8,Yes,Yes,81,83,Placed,54,61
9627,7.6,2,2,2,89,4.6,Yes,Yes,68,79,Placed,67,72
9628,8.4,1,3,0,82,4.5,Yes,Yes,80,64,Placed,100,98
9629,8.4,0,3,2,90,4.8,Yes,Yes,55,67,Placed,52,59
9630,6.7,1,1,0,81,4.8,No,No,59,67,NotPlaced,95,94
9631,6.5,1,1,0,69,4.0,No,Yes,55,65,NotPlaced,95,94
9632,8.2,2,2,2,90,4.8,No,Yes,83,79,NotPlaced,63,68
9633,8.3,2,1,1,90,4.6,Yes,Yes,88,84,NotPlaced,60,66
9634,8.2,0,3,2,81,4.5,Yes,Yes,79,82,NotPlaced,54,61
9635,7.6,2,3,2,79,4.7,Yes,Yes,55,82,Placed,63,69
9636,7.7,2,2,2,90,4.7,Yes,Yes,70,86,Placed,43,53
9637,6.5,1,3,0,83,4.3,Yes,Yes,74,62,NotPlaced,63,69
9638,7.3,0,1,0,87,4.8,No,No,55,81,NotPlaced,87,87
9639,7.9,2,3,2,83,4.5,Yes,Yes,66,80,Placed,55,62
9640,8.7,2,3,2,90,4.8,Yes,Yes,81,86,Placed,61,67
9641,7.6,0,1,1,82,4.1,No,No,61,69,NotPlaced,39,49
9642,6.8,1,3,0,80,4.4,No,Yes,75,67,NotPlaced,70,74
9643,7.5,1,1,0,63,4.1,Yes,Yes,63,71,NotPlaced,68,73
9644,6.6,0,2,2,84,3.8,No,No,66,67,NotPlaced,65,70
9645,7.7,1,2,0,78,3.7,No,Yes,75,86,NotPlaced,61,67
9646,8.5,1,3,2,90,4.3,Yes,Yes,71,85,Placed,60,66
9647,7.6,1,1,1,67,4.4,No,No,62,65,NotPlaced,72,76
9648,7.3,1,3,0,77,4.2,No,No,66,62,NotPlaced,64,69
9649,8.4,2,3,0,89,4.6,Yes,Yes,87,82,Placed,69,73
9650,7.4,1,2,1,77,3.6,No,No,55,68,NotPlaced,68,72
9651,8.4,2,3,2,80,4.7,Yes,Yes,77,81,Placed,81,83
9652,7.4,1,1,1,83,4.0,No,Yes,74,78,NotPlaced,75,78
9653,6.7,2,1,2,85,3.5,Yes,Yes,55,84,NotPlaced,67,72
9654,8.5,1,0,2,70,4.2,Yes,No,63,67,NotPlaced,87,88
9655,7.7,2,2,2,80,4.4,No,Yes,71,73,Placed,71,75
9656,7.9,1,1,0,70,4.2,No,Yes,64,81,NotPlaced,84,85
9657,7.6,1,1,0,61,3.7,No,No,64,73,NotPlaced,74,77
9658,8.2,1,3,1,85,4.4,No,Yes,83,69,NotPlaced,37,47
9659,7.6,2,2,2,86,4.2,Yes,Yes,73,83,Placed,84,85
9660,7.9,2,3,2,90,4.8,Yes,Yes,84,88,Placed,67,71
9661,8.3,0,1,0,82,4.1,Yes,Yes,55,73,Placed,64,69
9662,7.4,1,2,1,81,4.2,No,Yes,56,73,NotPlaced,69,73
9663,7.4,0,1,0,60,3.4,No,No,55,71,NotPlaced,59,65
9664,8.3,2,3,2,90,4.8,Yes,Yes,79,84,Placed,68,72
9665,8.4,2,3,2,90,4.8,Yes,Yes,80,85,Placed,56,62
9666,8.5,0,1,0,73,4.6,Yes,Yes,69,63,NotPlaced,84,85
9667,7.4,2,1,0,61,3.9,No,No,63,68,NotPlaced,63,68
9668,7.6,2,2,0,86,4.6,Yes,Yes,70,83,NotPlaced,59,65
9669,7.7,1,1,1,78,3.2,No,No,58,64,NotPlaced,51,58
9670,7.7,1,3,2,74,4.2,Yes,Yes,55,84,NotPlaced,69,73
9671,7.4,0,2,0,80,4.8,No,Yes,55,68,NotPlaced,67,72
9672,6.8,2,1,0,77,3.8,Yes,Yes,61,74,Placed,70,74
9673,7.5,2,2,1,71,3.8,No,Yes,60,69,NotPlaced,49,57
9674,8.2,2,2,3,84,3.9,No,Yes,71,84,NotPlaced,40,50
9675,8.7,1,2,1,73,4.4,Yes,Yes,63,85,Placed,74,77
9676,6.9,1,2,0,88,4.6,Yes,Yes,58,84,NotPlaced,87,87
9677,6.5,0,2,2,78,4.2,No,Yes,59,77,NotPlaced,49,57
9678,7.4,1,1,0,68,3.9,No,Yes,79,76,NotPlaced,88,89
9679,7.7,1,1,0,83,4.2,No,No,59,70,NotPlaced,69,73
9680,6.9,0,1,1,86,3.8,No,Yes,55,70,Placed,64,69
9681,8.1,2,3,2,86,4.8,No,Yes,79,81,Placed,59,65
9682,7.6,1,1,0,74,4.2,No,Yes,61,61,NotPlaced,44,53
9683,7.6,1,2,1,73,3.7,No,Yes,55,62,NotPlaced,79,81
9684,8.2,2,3,2,90,4.8,Yes,Yes,68,86,Placed,53,60
9685,6.5,0,1,0,80,3.6,No,No,88,66,NotPlaced,53,60
9686,7.3,1,1,0,75,3.7,No,Yes,56,74,NotPlaced,79,81
9687,8.4,2,1,0,90,4.4,Yes,Yes,72,82,Placed,36,47
9688,7.7,1,1,1,82,4.0,No,No,55,61,NotPlaced,42,51
9689,7.5,1,1,1,77,3.7,No,Yes,61,62,NotPlaced,64,69
9690,6.5,0,1,0,75,3.9,No,No,55,60,NotPlaced,69,73
9691,8.1,0,1,1,71,4.4,No,No,85,66,NotPlaced,72,75
9692,7.6,0,2,1,85,4.3,Yes,Yes,74,81,Placed,60,66
9693,8.8,2,3,2,90,4.8,Yes,Yes,82,88,Placed,100,100
9694,7.5,1,1,0,72,4.2,No,No,57,72,NotPlaced,61,67
9695,8.1,0,3,2,90,4.8,Yes,Yes,83,86,Placed,61,67
9696,7.8,1,1,0,85,4.1,No,Yes,55,68,NotPlaced,53,60
9697,7.7,1,1,0,81,3.9,No,No,55,65,NotPlaced,66,71
9698,8.0,2,3,3,86,4.8,Yes,Yes,77,82,Placed,74,77
9699,6.7,1,1,1,60,4.1,No,Yes,55,70,NotPlaced,83,84
9700,8.2,1,3,2,85,4.4,Yes,Yes,81,84,Placed,42,52
9701,7.9,0,2,0,69,4.1,No,No,55,65,NotPlaced,61,67
9702,8.3,2,3,2,90,4.8,Yes,Yes,79,84,Placed,71,75
9703,7.6,1,3,0,90,4.8,Yes,Yes,68,87,Placed,73,77
9704,7.6,0,2,0,75,3.8,Yes,Yes,67,68,NotPlaced,65,70
9705,8.1,1,3,0,81,3.8,Yes,Yes,76,83,Placed,73,76
9706,8.2,1,2,1,79,4.2,Yes,Yes,74,82,Placed,52,60
9707,7.6,1,2,1,66,4.4,No,Yes,56,61,NotPlaced,88,88
9708,8.4,2,3,2,90,4.3,Yes,No,83,87,NotPlaced,79,81
9709,8.3,2,3,2,85,4.8,Yes,No,83,88,NotPlaced,44,53
9710,8.2,1,1,2,82,4.6,Yes,No,75,69,Placed,48,57
9711,7.3,1,1,0,77,4.0,No,No,63,66,NotPlaced,49,57
9712,8.1,2,3,1,82,4.2,No,No,74,62,NotPlaced,75,78
9713,7.0,1,1,0,68,3.9,No,Yes,64,65,NotPlaced,45,54
9714,8.2,2,3,2,90,4.8,Yes,Yes,80,85,Placed,60,66
9715,7.4,1,1,0,67,3.7,No,Yes,61,61,NotPlaced,71,75
9716,7.4,1,2,1,68,3.3,No,No,55,67,NotPlaced,64,69
9717,8.0,0,3,1,82,4.8,Yes,Yes,70,85,NotPlaced,68,73
9718,8.7,0,1,1,81,4.8,No,No,66,65,NotPlaced,49,57
9719,7.6,1,1,0,79,4.2,No,Yes,79,85,NotPlaced,73,77
9720,6.6,1,2,1,74,4.1,No,Yes,83,88,Placed,55,62
9721,7.7,2,3,2,90,4.8,Yes,Yes,83,83,Placed,60,66
9722,7.0,2,3,2,90,4.6,Yes,Yes,85,83,Placed,68,72
9723,8.6,0,1,0,82,4.6,No,No,71,65,NotPlaced,66,71
9724,8.1,1,3,1,89,4.4,Yes,Yes,76,88,Placed,65,70
9725,7.7,1,1,0,72,4.1,No,No,61,68,NotPlaced,53,60
9726,7.7,1,1,1,61,3.9,No,No,68,61,NotPlaced,60,66
9727,8.0,2,3,0,85,4.8,Yes,No,86,87,NotPlaced,65,70
9728,7.6,0,1,0,86,4.0,Yes,No,67,66,NotPlaced,44,53
9729,6.5,1,1,2,81,3.8,No,No,61,63,NotPlaced,58,64
9730,6.6,1,2,0,83,4.0,No,Yes,58,70,NotPlaced,70,74
9731,7.5,1,2,0,84,4.5,No,No,55,66,NotPlaced,45,54
9732,6.5,0,2,1,66,4.5,Yes,No,63,63,NotPlaced,82,83
9733,8.4,1,3,1,80,4.6,Yes,Yes,74,81,Placed,84,85
9734,7.0,1,1,1,72,3.8,No,No,55,68,NotPlaced,46,55
9735,7.8,1,2,0,80,4.5,Yes,Yes,60,69,Placed,85,86
9736,6.5,1,3,2,85,4.8,Yes,Yes,74,82,NotPlaced,62,68
9737,8.2,1,1,1,74,4.6,Yes,No,64,67,NotPlaced,71,75
9738,7.0,0,2,1,64,4.1,Yes,Yes,77,65,Placed,57,64
9739,6.6,1,1,0,76,4.8,Yes,Yes,77,71,NotPlaced,78,81
9740,8.3,2,3,0,90,4.8,Yes,Yes,84,86,Placed,71,74
9741,6.5,1,1,1,62,3.9,No,No,57,70,NotPlaced,52,60
9742,7.9,2,3,3,81,4.4,Yes,No,90,81,Placed,47,56
9743,6.5,1,1,1,67,3.6,No,No,55,65,NotPlaced,43,52
9744,7.5,1,1,1,75,3.9,No,No,55,65,NotPlaced,67,72
9745,8.9,2,3,1,90,4.3,Yes,Yes,61,83,Placed,73,76
9746,8.9,0,3,0,83,4.8,Yes,Yes,80,85,Placed,74,77
9747,7.3,0,1,1,72,3.6,No,Yes,59,67,NotPlaced,63,68
9748,8.4,1,2,2,86,4.8,Yes,Yes,81,87,Placed,47,56
9749,7.4,1,1,0,65,3.7,No,No,65,66,NotPlaced,54,61
9750,7.3,1,2,0,77,3.9,Yes,Yes,63,62,NotPlaced,82,83
9751,7.5,1,1,0,69,3.9,No,Yes,55,72,NotPlaced,57,64
9752,7.7,1,1,0,82,4.6,Yes,No,55,84,NotPlaced,67,71
9753,7.5,1,2,2,78,4.5,Yes,Yes,66,78,NotPlaced,48,57
9754,6.7,1,1,0,66,4.4,No,No,78,68,NotPlaced,70,74
9755,7.6,0,1,0,70,3.5,No,Yes,64,70,NotPlaced,58,64
9756,6.5,1,3,1,71,4.0,Yes,Yes,77,73,NotPlaced,80,82
9757,7.6,1,1,1,73,3.9,No,Yes,64,76,NotPlaced,76,79
9758,7.5,0,3,2,90,4.8,Yes,No,81,66,Placed,57,64
9759,8.2,1,3,0,79,4.3,Yes,No,58,77,NotPlaced,63,68
9760,7.7,0,2,1,71,4.3,Yes,Yes,60,73,NotPlaced,56,63
9761,6.6,1,1,1,64,4.4,No,No,64,60,NotPlaced,43,52
9762,7.9,1,3,0,81,4.5,Yes,Yes,66,74,NotPlaced,52,59
9763,7.6,1,1,1,73,4.7,No,No,55,70,NotPlaced,67,72
9764,7.7,2,1,3,77,3.9,Yes,Yes,65,86,NotPlaced,69,73
9765,6.7,1,2,0,78,3.7,Yes,No,55,64,NotPlaced,67,71
9766,8.3,2,3,2,90,4.8,Yes,Yes,85,88,Placed,60,66
9767,7.5,1,1,2,75,4.0,Yes,Yes,58,64,NotPlaced,78,81
9768,8.3,1,1,1,65,4.2,No,No,55,68,NotPlaced,65,70
9769,8.1,1,3,2,90,4.6,Yes,Yes,81,88,Placed,75,78
9770,7.7,0,2,1,66,4.3,Yes,Yes,68,67,NotPlaced,38,48
9771,8.1,1,3,2,90,4.6,Yes,Yes,76,86,NotPlaced,6,22
9772,8.3,1,3,0,83,4.7,No,No,63,81,NotPlaced,69,73
9773,8.2,1,2,1,90,4.7,Yes,Yes,81,70,NotPlaced,43,52
9774,8.2,2,3,2,90,4.8,Yes,Yes,72,88,Placed,61,67
9775,8.0,1,0,2,89,4.8,Yes,Yes,90,80,Placed,60,66
9776,6.6,1,1,1,85,3.4,No,No,55,66,Placed,88,89
9777,8.0,1,3,0,90,4.8,Yes,No,77,84,Placed,70,74
9778,8.6,1,3,2,85,4.8,Yes,Yes,77,72,Placed,67,71
9779,7.9,1,3,2,90,4.8,Yes,Yes,82,80,Placed,77,80
9780,7.2,0,1,1,65,3.8,No,Yes,55,59,NotPlaced,70,74
9781,6.5,0,3,1,67,4.1,Yes,Yes,66,83,NotPlaced,58,64
9782,7.5,1,1,0,60,3.7,No,No,55,63,NotPlaced,81,82
9783,7.5,1,1,0,81,4.7,Yes,Yes,57,64,Placed,48,56
9784,8.4,1,2,2,83,4.2,Yes,Yes,72,83,Placed,69,73
9785,8.5,2,2,2,88,4.8,Yes,Yes,76,84,Placed,41,51
9786,7.2,1,2,1,80,4.1,No,Yes,58,68,NotPlaced,68,72
9787,7.4,1,1,1,65,3.6,No,No,55,61,NotPlaced,67,72
9788,8.0,2,3,2,90,4.8,Yes,Yes,86,86,Placed,90,90
9789,8.5,1,3,0,81,4.8,Yes,Yes,73,83,Placed,41,51
9790,7.4,0,1,0,81,3.9,No,Yes,60,70,NotPlaced,55,62
9791,8.5,2,3,2,90,4.8,Yes,Yes,76,86,Placed,77,79
9792,8.5,1,3,0,70,3.7,Yes,Yes,71,82,NotPlaced,70,74
9793,8.0,1,3,2,72,4.4,Yes,Yes,77,87,Placed,67,72
9794,8.3,0,2,0,77,4.1,Yes,No,60,79,NotPlaced,50,58
9795,7.8,0,2,0,82,4.3,Yes,Yes,74,67,NotPlaced,56,62
9796,8.1,2,3,2,90,4.8,Yes,Yes,75,82,Placed,83,84
9797,6.6,1,1,1,64,4.1,Yes,No,55,69,NotPlaced,64,69
9798,7.5,1,1,1,72,4.8,No,No,58,69,NotPlaced,70,74
9799,6.6,0,3,0,85,4.0,Yes,No,64,62,Placed,63,68
9800,6.5,2,1,0,78,3.1,No,No,56,67,NotPlaced,47,55
9801,7.5,1,2,1,72,4.8,No,Yes,55,73,NotPlaced,79,81
9802,6.8,2,3,2,90,4.3,Yes,Yes,81,79,NotPlaced,72,76
9803,7.3,1,2,0,74,3.6,No,Yes,77,63,NotPlaced,99,97
9804,7.5,0,1,1,71,3.6,No,Yes,59,64,NotPlaced,49,57
9805,8.7,1,3,2,89,4.6,Yes,Yes,69,86,Placed,77,79
9806,8.2,1,3,1,78,4.0,No,Yes,58,85,Placed,45,54
9807,8.1,2,3,2,77,4.8,Yes,No,78,78,NotPlaced,67,71
9808,7.7,1,2,0,72,4.2,No,Yes,68,76,NotPlaced,79,81
9809,7.8,1,2,0,75,4.1,No,No,76,66,NotPlaced,33,45
9810,8.0,2,3,2,90,4.8,Yes,Yes,84,83,Placed,61,67
9811,7.6,1,2,1,75,4.7,Yes,Yes,74,68,NotPlaced,56,63
9812,8.2,2,3,0,77,3.5,Yes,Yes,75,80,NotPlaced,54,61
9813,7.5,0,1,1,64,3.3,No,Yes,55,64,NotPlaced,70,74
9814,8.9,2,3,2,85,4.6,Yes,Yes,75,84,Placed,81,83
9815,7.4,0,2,1,81,4.0,Yes,No,66,60,NotPlaced,63,68
9816,6.5,1,2,0,76,4.2,No,Yes,55,64,NotPlaced,68,72
9817,6.5,0,3,2,87,4.8,Yes,No,79,64,NotPlaced,66,71
9818,8.2,2,2,2,90,4.8,Yes,Yes,89,84,Placed,65,70
9819,8.1,1,3,0,88,3.8,Yes,Yes,68,77,NotPlaced,48,56
9820,7.2,1,2,0,70,3.6,Yes,Yes,55,71,NotPlaced,81,83
9821,8.2,1,3,2,90,4.8,Yes,Yes,81,83,Placed,69,73
9822,8.6,2,3,3,89,4.7,No,Yes,68,86,Placed,70,74
9823,7.5,1,1,0,75,4.3,No,Yes,56,66,NotPlaced,52,60
9824,7.4,1,1,0,73,4.1,No,Yes,55,67,NotPlaced,58,64
9825,6.6,1,1,1,74,3.6,No,No,59,78,NotPlaced,62,67
9826,7.7,1,3,3,80,4.1,Yes,Yes,78,81,NotPlaced,41,51
9827,7.5,1,1,1,64,4.6,No,Yes,55,59,NotPlaced,39,49
9828,7.4,1,3,2,80,4.7,Yes,Yes,74,83,Placed,55,62
9829,7.5,0,2,0,74,4.0,No,Yes,68,65,NotPlaced,72,76
9830,8.4,2,3,2,90,4.5,Yes,Yes,78,84,NotPlaced,55,62
9831,6.8,1,1,1,89,4.6,No,Yes,56,70,NotPlaced,49,57
9832,8.0,1,2,2,77,4.7,Yes,Yes,68,85,Placed,52,60
9833,8.3,2,3,2,90,3.8,No,No,76,74,NotPlaced,58,64
9834,8.3,2,1,1,84,3.5,Yes,Yes,55,73,NotPlaced,59,65
9835,7.6,2,3,3,82,4.5,Yes,Yes,71,67,Placed,97,95
9836,7.7,0,2,0,71,4.8,Yes,Yes,59,69,NotPlaced,80,82
9837,8.3,1,3,2,90,4.8,Yes,Yes,78,88,Placed,80,82
9838,8.7,2,1,1,63,4.0,Yes,Yes,60,65,NotPlaced,82,84
9839,7.6,0,1,1,70,4.1,No,Yes,55,68,NotPlaced,50,58
9840,6.8,0,2,0,70,4.2,Yes,No,55,69,NotPlaced,46,55
9841,6.5,1,1,2,85,4.6,Yes,Yes,55,65,Placed,48,56
9842,8.0,0,3,1,78,4.5,Yes,Yes,81,78,NotPlaced,85,86
9843,7.7,2,3,2,87,4.8,Yes,Yes,57,83,NotPlaced,56,63
9844,8.0,2,3,2,85,4.8,Yes,No,77,82,Placed,46,54
9845,8.3,2,3,2,90,4.7,Yes,Yes,84,83,Placed,58,64
9846,8.0,2,3,2,90,4.8,Yes,Yes,81,88,Placed,61,67
9847,8.3,2,2,0,74,4.8,Yes,Yes,57,68,Placed,69,73
9848,7.6,1,1,1,82,3.9,No,Yes,55,70,NotPlaced,68,73
9849,7.5,1,2,0,67,4.1,No,No,59,67,NotPlaced,52,60
9850,6.8,2,2,2,80,4.5,Yes,Yes,72,82,Placed,75,78
9851,8.0,1,2,1,77,4.6,Yes,Yes,69,76,NotPlaced,55,62
9852,8.3,2,3,2,90,4.8,Yes,Yes,67,88,Placed,62,68
9853,7.3,1,1,0,75,3.2,No,No,57,69,NotPlaced,75,78
9854,8.2,2,3,2,90,4.6,Yes,Yes,75,84,Placed,55,62
9855,6.8,1,1,1,85,4.5,No,Yes,55,72,NotPlaced,56,63
9856,8.5,1,2,1,80,4.0,Yes,Yes,75,67,NotPlaced,73,77
9857,7.9,0,1,0,79,4.2,No,No,55,62,NotPlaced,52,59
9858,7.8,2,3,2,87,4.5,Yes,Yes,75,86,NotPlaced,59,65
9859,7.5,1,3,2,90,4.8,Yes,Yes,74,85,NotPlaced,73,76
9860,6.5,1,1,0,69,3.7,No,Yes,79,67,NotPlaced,95,94
9861,8.3,2,2,1,80,4.8,Yes,Yes,79,84,Placed,74,77
9862,7.5,0,1,1,77,4.4,Yes,Yes,55,84,Placed,72,75
9863,7.8,2,3,0,86,4.8,Yes,No,74,82,Placed,72,76
9864,8.4,1,2,1,83,3.7,No,Yes,55,66,NotPlaced,48,57
9865,8.5,0,3,2,90,4.8,Yes,Yes,74,86,Placed,66,71
9866,6.5,0,1,1,76,4.2,No,Yes,57,68,NotPlaced,64,69
9867,8.4,1,1,0,72,3.5,No,No,57,64,NotPlaced,69,73
9868,6.5,0,1,2,77,3.6,No,Yes,73,82,Placed,66,71
9869,7.6,1,2,0,90,4.8,Yes,Yes,55,81,NotPlaced,70,74
9870,8.5,0,3,1,85,3.8,Yes,Yes,73,84,Placed,60,66
9871,7.5,0,2,0,62,4.3,No,Yes,81,69,NotPlaced,65,70
9872,7.4,0,1,1,83,3.8,No,No,55,72,NotPlaced,46,55
9873,7.5,1,2,1,74,3.8,Yes,Yes,77,84,NotPlaced,60,66
9874,8.5,2,2,0,83,4.7,No,Yes,76,84,NotPlaced,85,86
9875,8.2,2,3,2,90,4.6,Yes,Yes,83,88,Placed,69,73
9876,6.5,1,2,0,68,3.7,No,Yes,58,65,NotPlaced,64,69
9877,7.4,2,3,0,80,4.5,Yes,Yes,77,87,Placed,93,92
9878,7.5,2,3,2,87,4.7,Yes,Yes,86,83,Placed,44,53
9879,7.6,2,3,1,79,4.8,No,Yes,67,85,Placed,48,56
9880,7.8,1,3,2,82,4.2,No,Yes,85,69,Placed,90,90
9881,7.6,1,2,0,71,4.6,No,Yes,55,68,NotPlaced,65,70
9882,7.5,1,1,0,79,3.2,No,No,57,66,NotPlaced,61,67
9883,8.0,1,3,2,84,4.3,Yes,Yes,76,78,Placed,47,55
9884,8.4,2,3,2,84,4.8,Yes,Yes,60,84,Placed,71,75
9885,6.7,1,1,0,76,3.8,Yes,Yes,60,67,NotPlaced,73,76
9886,7.8,1,1,0,78,4.0,No,No,66,75,NotPlaced,48,56
9887,6.8,0,2,2,80,4.5,No,Yes,63,66,NotPlaced,62,68
9888,8.2,0,2,2,79,4.5,Yes,Yes,55,86,NotPlaced,59,65
9889,7.8,1,2,0,73,3.5,No,Yes,63,67,NotPlaced,68,73
9890,8.2,0,3,2,90,4.7,Yes,Yes,76,85,Placed,48,56
9891,7.4,1,2,1,75,4.0,No,Yes,56,68,NotPlaced,83,85
9892,7.7,1,3,1,72,4.5,Yes,Yes,67,85,Placed,78,80
9893,6.5,1,2,0,77,4.0,No,Yes,55,87,NotPlaced,59,65
9894,8.3,1,2,0,65,4.1,Yes,Yes,71,62,Placed,61,67
9895,7.8,2,3,0,88,4.5,No,Yes,74,69,Placed,62,68
9896,8.1,1,1,1,70,4.6,No,No,62,67,NotPlaced,53,60
9897,8.4,2,3,1,84,4.3,Yes,Yes,81,87,NotPlaced,58,64
9898,6.5,1,1,0,65,3.6,No,Yes,56,63,NotPlaced,60,66
9899,7.5,0,1,1,73,4.6,Yes,Yes,56,62,NotPlaced,89,89
9900,8.1,0,1,2,80,4.3,Yes,Yes,81,86,NotPlaced,79,81
9901,7.6,1,2,2,79,4.2,No,Yes,64,68,NotPlaced,79,81
9902,6.5,1,1,1,76,4.0,No,No,55,65,NotPlaced,70,74
9903,8.3,2,3,2,90,4.8,Yes,Yes,80,84,Placed,48,56
9904,7.6,1,2,0,76,4.0,No,Yes,55,67,NotPlaced,64,69
9905,8.7,2,1,2,85,4.8,Yes,Yes,84,68,Placed,79,81
9906,8.1,1,2,0,78,4.3,Yes,Yes,71,83,NotPlaced,46,54
9907,8.1,2,3,2,90,4.7,Yes,Yes,74,82,Placed,74,77
9908,8.2,1,3,2,70,4.6,Yes,Yes,70,88,Placed,99,97
9909,8.5,1,3,2,88,4.6,Yes,Yes,73,84,NotPlaced,80,82
9910,8.5,1,3,0,90,4.3,Yes,Yes,80,83,Placed,86,86
9911,8.4,1,3,2,82,4.6,Yes,Yes,72,83,Placed,68,72
9912,7.9,2,3,0,84,4.7,No,Yes,70,69,NotPlaced,79,81
9913,8.7,2,3,2,83,4.8,Yes,Yes,88,80,NotPlaced,54,61
9914,7.6,2,1,2,88,4.6,Yes,Yes,70,87,Placed,76,79
9915,8.3,2,2,2,90,4.6,Yes,Yes,75,86,NotPlaced,74,77
9916,6.6,0,1,0,74,4.3,Yes,No,80,82,Placed,69,73
9917,8.3,2,3,3,90,4.8,Yes,Yes,84,84,Placed,84,85
9918,7.4,1,2,0,70,4.3,No,Yes,55,71,NotPlaced,56,63
9919,7.6,1,2,0,77,4.2,Yes,Yes,55,82,NotPlaced,62,67
9920,7.5,2,1,1,82,4.7,No,Yes,76,59,Placed,66,71
9921,7.3,1,3,2,75,4.2,Yes,Yes,72,84,NotPlaced,49,57
9922,7.5,1,1,0,64,3.8,Yes,No,62,63,NotPlaced,68,72
9923,7.9,1,1,1,79,4.0,Yes,Yes,81,64,NotPlaced,39,49
9924,7.3,0,2,1,69,4.1,No,Yes,63,67,NotPlaced,80,82
9925,8.3,0,1,1,80,4.3,Yes,No,63,69,NotPlaced,65,70
9926,7.6,1,3,1,74,4.0,Yes,Yes,72,81,NotPlaced,57,63
9927,8.2,1,3,1,69,3.8,No,Yes,55,85,NotPlaced,52,59
9928,6.5,1,1,0,82,4.1,No,Yes,64,65,NotPlaced,61,67
9929,8.3,2,3,2,90,4.8,Yes,Yes,82,84,Placed,75,78
9930,8.5,1,3,2,83,4.4,Yes,Yes,84,83,Placed,73,76
9931,7.4,1,1,0,78,3.9,No,Yes,58,63,NotPlaced,54,61
9932,7.9,1,2,0,83,4.5,No,Yes,78,75,Placed,52,59
9933,8.7,0,3,0,85,4.8,Yes,Yes,80,84,Placed,74,77
9934,7.6,1,2,0,65,3.3,No,Yes,58,64,NotPlaced,54,61
9935,6.6,1,2,0,71,4.4,Yes,Yes,69,68,NotPlaced,65,70
9936,7.8,1,2,0,80,4.8,Yes,Yes,86,83,Placed,66,71
9937,8.2,1,3,2,85,4.6,Yes,Yes,71,83,Placed,69,73
9938,6.5,1,2,1,63,3.0,No,No,55,61,NotPlaced,77,80
9939,7.4,1,1,2,69,4.5,No,Yes,57,70,NotPlaced,46,54
9940,8.4,1,2,2,81,4.6,Yes,Yes,68,81,NotPlaced,36,47
9941,8.6,1,1,1,78,4.3,Yes,Yes,69,84,NotPlaced,56,63
9942,7.8,1,1,1,71,3.8,No,Yes,62,68,NotPlaced,92,91
9943,8.1,2,2,2,90,4.8,Yes,Yes,80,70,Placed,95,94
9944,8.2,2,3,1,83,4.3,No,Yes,57,62,Placed,92,91
9945,7.0,1,2,1,67,3.4,No,Yes,56,64,NotPlaced,62,67
9946,6.6,1,1,1,70,4.1,Yes,Yes,56,75,NotPlaced,38,48
9947,7.5,0,1,1,68,3.6,Yes,Yes,55,65,NotPlaced,29,41
9948,7.7,0,2,1,64,4.4,Yes,Yes,71,70,NotPlaced,55,62
9949,7.8,1,1,1,78,3.7,No,Yes,60,67,NotPlaced,62,67
9950,6.9,1,1,0,71,3.8,No,Yes,55,70,NotPlaced,84,85
9951,8.0,1,2,2,90,4.3,Yes,Yes,73,64,Placed,78,80
9952,6.8,1,1,1,66,4.1,No,No,55,78,NotPlaced,68,72
9953,8.1,2,3,2,90,4.8,Yes,Yes,74,86,Placed,51,59
9954,8.4,2,3,2,90,4.8,Yes,Yes,79,85,Placed,50,58
9955,6.5,0,1,0,74,4.4,Yes,Yes,72,64,NotPlaced,68,73
9956,8.1,2,1,0,83,4.1,No,No,63,66,NotPlaced,75,78
9957,8.0,1,3,1,79,3.9,Yes,Yes,84,79,Placed,70,74
9958,7.5,1,1,0,73,4.4,Yes,Yes,64,64,NotPlaced,49,57
9959,8.2,2,3,2,90,4.4,Yes,Yes,73,85,Placed,74,77
9960,7.7,0,1,1,64,4.4,Yes,Yes,73,60,NotPlaced,71,75
9961,8.3,1,1,0,70,4.1,No,Yes,69,76,NotPlaced,48,57
9962,6.9,1,3,0,73,4.5,No,No,56,86,NotPlaced,53,60
9963,7.3,1,1,0,60,4.5,No,No,58,60,NotPlaced,75,78
9964,6.5,2,1,0,65,3.3,No,No,55,70,NotPlaced,61,67
9965,7.5,1,3,1,87,4.5,Yes,Yes,57,84,Placed,88,89
9966,6.8,0,2,1,90,4.8,No,Yes,55,87,NotPlaced,72,76
9967,8.3,1,3,2,90,4.8,Yes,Yes,82,84,Placed,57,64
9968,7.8,0,3,2,85,4.6,Yes,Yes,75,81,NotPlaced,64,69
9969,8.2,1,2,2,82,4.3,Yes,Yes,59,72,NotPlaced,65,70
9970,8.5,1,3,0,85,4.2,Yes,No,79,85,NotPlaced,54,61
9971,8.2,0,3,1,90,3.8,Yes,Yes,76,77,NotPlaced,51,59
9972,7.1,0,1,0,76,3.9,No,No,64,69,NotPlaced,75,78
9973,8.4,2,3,2,90,4.8,Yes,Yes,85,87,Placed,77,80
9974,7.7,1,2,1,68,4.2,No,Yes,55,85,NotPlaced,74,77
9975,7.6,2,1,1,65,4.4,No,Yes,55,68,NotPlaced,87,88
9976,7.9,2,3,2,90,4.6,Yes,Yes,83,80,Placed,56,63
9977,8.0,2,3,2,88,4.8,Yes,Yes,71,83,Placed,90,90
9978,8.3,2,3,2,90,4.8,Yes,Yes,82,88,Placed,51,59
9979,7.2,1,2,2,84,4.8,Yes,Yes,80,79,Placed,49,57
9980,8.3,2,3,2,90,4.7,Yes,Yes,79,73,Placed,38,48
9981,8.6,1,2,0,87,4.3,Yes,Yes,69,69,NotPlaced,58,64
9982,7.8,1,1,0,76,3.9,No,Yes,57,64,NotPlaced,57,63
9983,7.7,0,2,2,90,4.8,Yes,Yes,60,87,Placed,72,76
9984,6.6,2,1,0,60,4.1,Yes,No,61,66,NotPlaced,68,72
9985,8.5,1,3,2,90,4.8,Yes,Yes,81,84,Placed,47,55
9986,8.5,2,3,2,90,4.8,Yes,Yes,81,80,Placed,59,65
9987,7.5,0,2,1,66,3.9,No,Yes,55,61,NotPlaced,59,65
9988,7.7,1,2,0,82,4.2,Yes,Yes,84,70,Placed,38,48
9989,7.3,1,2,1,81,4.0,No,Yes,64,85,NotPlaced,50,58
9990,8.3,2,3,0,90,4.6,Yes,No,78,79,Placed,53,60
9991,7.4,0,3,1,90,3.8,No,Yes,82,68,NotPlaced,86,87
9992,8.4,2,3,1,84,4.5,Yes,Yes,84,87,Placed,67,72
9993,8.0,2,1,2,78,4.4,Yes,Yes,75,72,Placed,74,77
9994,6.6,1,1,1,71,4.5,No,Yes,55,73,NotPlaced,42,52
9995,7.8,2,2,2,80,4.8,Yes,Yes,79,69,NotPlaced,82,84
9996,7.5,1,1,2,72,3.9,Yes,No,85,66,NotPlaced,84,85
9997,7.4,0,1,0,90,4.8,No,No,84,67,Placed,35,46
9998,8.4,1,3,0,70,4.8,Yes,Yes,79,81,Placed,54,61
9999,8.9,0,3,2,87,4.8,Yes,Yes,71,85,Placed,72,75
10000,8.4,0,1,1,66,3.8,No,No,62,66,NotPlaced,74,77
